Date,Product_Type,Country,Actual_Sales_Volume,Selected_Model_Predicted,Tuned_Model_Predicted
2024-01-01,BOOTS,AUSTRALIA,95,108.52514,101.383835
2024-02-01,BOOTS,AUSTRALIA,120,99.638374,111.02359
2024-03-01,BOOTS,AUSTRALIA,169,129.08095,123.39477
2024-04-01,BOOTS,AUSTRALIA,131,143.4267,138.05788
2024-05-01,BOOTS,AUSTRALIA,140,115.56094,123.693184
2024-06-01,BOOTS,AUSTRALIA,110,116.38483,125.09338
2024-07-01,BOOTS,AUSTRALIA,100,113.75991,111.49577
2024-08-01,BOOTS,AUSTRALIA,117,112.90708,102.4889
2024-09-01,BOOTS,AUSTRALIA,126,127.66603,114.436066
2024-10-01,BOOTS,AUSTRALIA,119,106.144066,98.64539
2024-11-01,BOOTS,AUSTRALIA,99,105.61582,110.604355
2024-12-01,BOOTS,AUSTRALIA,103,93.23729,86.504036
2024-01-01,CARDIGAN,AUSTRALIA,31,45.569695,39.032734
2024-02-01,CARDIGAN,AUSTRALIA,35,31.079727,35.349438
2024-03-01,CARDIGAN,AUSTRALIA,38,34.19288,36.515366
2024-04-01,CARDIGAN,AUSTRALIA,49,43.75826,49.3525
2024-05-01,CARDIGAN,AUSTRALIA,60,53.87882,57.716095
2024-06-01,CARDIGAN,AUSTRALIA,57,63.262993,55.722897
2024-07-01,CARDIGAN,AUSTRALIA,38,35.604042,31.931717
2024-08-01,CARDIGAN,AUSTRALIA,41,34.852394,36.79411
2024-09-01,CARDIGAN,AUSTRALIA,34,44.545692,38.987347
2024-10-01,CARDIGAN,AUSTRALIA,38,37.24756,39.064407
2024-11-01,CARDIGAN,AUSTRALIA,54,42.87257,41.951786
2024-12-01,CARDIGAN,AUSTRALIA,49,54.590324,56.345737
2024-01-01,JACKET,AUSTRALIA,1163,1143.6917,1155.3015
2024-02-01,JACKET,AUSTRALIA,1323,1315.054,1401.9724
2024-03-01,JACKET,AUSTRALIA,1618,1457.3423,1520.5511
2024-04-01,JACKET,AUSTRALIA,1136,1384.2593,1438.8518
2024-05-01,JACKET,AUSTRALIA,957,1092.6211,1277.4818
2024-06-01,JACKET,AUSTRALIA,893,1079.6904,1146.1516
2024-07-01,JACKET,AUSTRALIA,1101,1183.047,1152.8616
2024-08-01,JACKET,AUSTRALIA,1221,1221.0143,1297.8248
2024-09-01,JACKET,AUSTRALIA,1331,1340.1957,1398.7335
2024-10-01,JACKET,AUSTRALIA,892,1145.4932,1142.371
2024-11-01,JACKET,AUSTRALIA,814,864.1787,870.7682
2024-12-01,JACKET,AUSTRALIA,646,885.9718,803.12976
2024-01-01,JEANS,AUSTRALIA,95,84.11839,95.393845
2024-02-01,JEANS,AUSTRALIA,114,92.10626,103.25602
2024-03-01,JEANS,AUSTRALIA,145,109.43733,110.35537
2024-04-01,JEANS,AUSTRALIA,107,99.01408,98.4356
2024-05-01,JEANS,AUSTRALIA,113,91.3131,91.86267
2024-06-01,JEANS,AUSTRALIA,93,89.64708,90.362564
2024-07-01,JEANS,AUSTRALIA,109,84.72841,87.69963
2024-08-01,JEANS,AUSTRALIA,106,88.153435,96.68947
2024-09-01,JEANS,AUSTRALIA,135,111.11871,103.07031
2024-10-01,JEANS,AUSTRALIA,104,97.83233,95.84849
2024-11-01,JEANS,AUSTRALIA,106,91.55777,92.557846
2024-12-01,JEANS,AUSTRALIA,99,91.83487,85.669495
2024-01-01,SANDALS,AUSTRALIA,26,39.98646,37.093994
2024-02-01,SANDALS,AUSTRALIA,18,20.398829,26.064606
2024-03-01,SANDALS,AUSTRALIA,22,22.389652,22.754536
2024-04-01,SANDALS,AUSTRALIA,44,37.88597,40.82908
2024-05-01,SANDALS,AUSTRALIA,44,47.713562,50.042015
2024-06-01,SANDALS,AUSTRALIA,46,44.978138,47.79373
2024-07-01,SANDALS,AUSTRALIA,25,35.428406,32.595413
2024-08-01,SANDALS,AUSTRALIA,17,23.825092,25.913551
2024-09-01,SANDALS,AUSTRALIA,16,20.294647,19.712145
2024-10-01,SANDALS,AUSTRALIA,41,43.444942,44.13298
2024-11-01,SANDALS,AUSTRALIA,53,38.076923,43.287884
2024-12-01,SANDALS,AUSTRALIA,54,54.237865,59.49672
2024-01-01,SHIRT,AUSTRALIA,697,746.77325,682.1577
2024-02-01,SHIRT,AUSTRALIA,846,797.9799,756.457
2024-03-01,SHIRT,AUSTRALIA,812,942.6621,875.17145
2024-04-01,SHIRT,AUSTRALIA,662,853.0433,750.1378
2024-05-01,SHIRT,AUSTRALIA,776,797.89874,759.65295
2024-06-01,SHIRT,AUSTRALIA,770,855.5784,863.7279
2024-07-01,SHIRT,AUSTRALIA,793,755.9771,656.0368
2024-08-01,SHIRT,AUSTRALIA,779,827.7652,768.4828
2024-09-01,SHIRT,AUSTRALIA,859,841.1841,783.7953
2024-10-01,SHIRT,AUSTRALIA,887,748.1287,683.8433
2024-11-01,SHIRT,AUSTRALIA,900,803.8836,811.1388
2024-12-01,SHIRT,AUSTRALIA,886,973.8361,858.9601
2024-01-01,SNEAKERS,AUSTRALIA,472,405.1542,409.11868
2024-02-01,SNEAKERS,AUSTRALIA,509,440.55685,463.55853
2024-03-01,SNEAKERS,AUSTRALIA,593,500.94525,515.4701
2024-04-01,SNEAKERS,AUSTRALIA,553,459.1606,467.80258
2024-05-01,SNEAKERS,AUSTRALIA,464,516.30585,516.9113
2024-06-01,SNEAKERS,AUSTRALIA,405,421.3932,446.6096
2024-07-01,SNEAKERS,AUSTRALIA,438,487.6955,448.23038
2024-08-01,SNEAKERS,AUSTRALIA,499,490.9472,474.83606
2024-09-01,SNEAKERS,AUSTRALIA,521,552.41925,522.5193
2024-10-01,SNEAKERS,AUSTRALIA,420,484.16187,433.13403
2024-11-01,SNEAKERS,AUSTRALIA,423,431.64444,393.75763
2024-12-01,SNEAKERS,AUSTRALIA,380,416.1669,409.77432
2024-01-01,SWEATER,AUSTRALIA,280,340.91473,354.02835
2024-02-01,SWEATER,AUSTRALIA,252,270.5195,287.95728
2024-03-01,SWEATER,AUSTRALIA,318,276.73755,290.13306
2024-04-01,SWEATER,AUSTRALIA,388,343.7106,381.80347
2024-05-01,SWEATER,AUSTRALIA,425,454.9737,469.8464
2024-06-01,SWEATER,AUSTRALIA,422,441.7523,457.95886
2024-07-01,SWEATER,AUSTRALIA,263,320.39877,322.3515
2024-08-01,SWEATER,AUSTRALIA,218,237.62917,255.65024
2024-09-01,SWEATER,AUSTRALIA,245,235.1334,263.21777
2024-10-01,SWEATER,AUSTRALIA,353,298.24966,291.34723
2024-11-01,SWEATER,AUSTRALIA,455,390.4313,395.96442
2024-12-01,SWEATER,AUSTRALIA,403,445.10675,433.73788
2024-01-01,TOP,AUSTRALIA,156,127.68187,130.99454
2024-02-01,TOP,AUSTRALIA,157,148.16307,161.25343
2024-03-01,TOP,AUSTRALIA,190,157.07254,175.41492
2024-04-01,TOP,AUSTRALIA,165,184.66583,171.63521
2024-05-01,TOP,AUSTRALIA,168,157.19765,167.66313
2024-06-01,TOP,AUSTRALIA,165,152.53922,152.1996
2024-07-01,TOP,AUSTRALIA,138,164.37306,164.77722
2024-08-01,TOP,AUSTRALIA,142,140.06479,148.45006
2024-09-01,TOP,AUSTRALIA,174,156.15804,165.80606
2024-10-01,TOP,AUSTRALIA,151,174.20671,166.67249
2024-11-01,TOP,AUSTRALIA,154,157.86346,155.48503
2024-12-01,TOP,AUSTRALIA,141,148.04526,145.39223
2024-01-01,VEST,AUSTRALIA,16,15.767923,19.836649
2024-02-01,VEST,AUSTRALIA,22,16.336344,20.668142
2024-03-01,VEST,AUSTRALIA,25,22.806873,25.67485
2024-04-01,VEST,AUSTRALIA,23,17.227001,20.357548
2024-05-01,VEST,AUSTRALIA,24,18.851326,20.269875
2024-06-01,VEST,AUSTRALIA,22,18.991701,18.790642
2024-07-01,VEST,AUSTRALIA,21,18.55343,18.12857
2024-08-01,VEST,AUSTRALIA,25,18.762964,17.303902
2024-09-01,VEST,AUSTRALIA,32,20.181412,21.054083
2024-10-01,VEST,AUSTRALIA,31,21.239014,23.959211
2024-11-01,VEST,AUSTRALIA,30,23.150732,25.648998
2024-12-01,VEST,AUSTRALIA,27,23.982246,20.905712
2024-01-01,BOOTS,BRAZIL,176,196.24088,185.12988
2024-02-01,BOOTS,BRAZIL,199,180.75499,205.69572
2024-03-01,BOOTS,BRAZIL,295,229.2177,220.66281
2024-04-01,BOOTS,BRAZIL,239,260.79135,266.71637
2024-05-01,BOOTS,BRAZIL,212,235.92415,233.15732
2024-06-01,BOOTS,BRAZIL,202,184.59839,192.90666
2024-07-01,BOOTS,BRAZIL,198,214.80296,209.06227
2024-08-01,BOOTS,BRAZIL,241,222.82764,225.02415
2024-09-01,BOOTS,BRAZIL,251,255.08548,242.7167
2024-10-01,BOOTS,BRAZIL,213,204.67892,199.20354
2024-11-01,BOOTS,BRAZIL,190,197.09341,188.00394
2024-12-01,BOOTS,BRAZIL,210,182.4061,171.72421
2024-01-01,CARDIGAN,BRAZIL,62,75.08332,72.026436
2024-02-01,CARDIGAN,BRAZIL,67,68.04052,75.66221
2024-03-01,CARDIGAN,BRAZIL,76,72.72304,76.79338
2024-04-01,CARDIGAN,BRAZIL,91,80.8176,95.34238
2024-05-01,CARDIGAN,BRAZIL,113,95.82065,113.097176
2024-06-01,CARDIGAN,BRAZIL,127,114.64278,112.42562
2024-07-01,CARDIGAN,BRAZIL,76,104.67521,80.30358
2024-08-01,CARDIGAN,BRAZIL,81,81.9948,87.20039
2024-09-01,CARDIGAN,BRAZIL,72,79.10394,83.07777
2024-10-01,CARDIGAN,BRAZIL,91,84.194084,86.80171
2024-11-01,CARDIGAN,BRAZIL,112,99.608,101.95776
2024-12-01,CARDIGAN,BRAZIL,116,106.19133,111.91577
2024-01-01,JACKET,BRAZIL,2256,2225.2844,2039.3844
2024-02-01,JACKET,BRAZIL,2831,2384.0393,2840.4675
2024-03-01,JACKET,BRAZIL,3079,2928.2522,3277.319
2024-04-01,JACKET,BRAZIL,2281,2700.5625,2690.3867
2024-05-01,JACKET,BRAZIL,1727,2290.2354,2268.0198
2024-06-01,JACKET,BRAZIL,1613,1511.02,1651.9391
2024-07-01,JACKET,BRAZIL,2033,2390.8066,2366.6548
2024-08-01,JACKET,BRAZIL,2464,2798.4883,2589.6892
2024-09-01,JACKET,BRAZIL,2865,2837.3354,2880.4507
2024-10-01,JACKET,BRAZIL,1911,2328.6978,2320.1064
2024-11-01,JACKET,BRAZIL,1690,1887.3577,1773.5891
2024-12-01,JACKET,BRAZIL,1392,1596.8607,1629.9312
2024-01-01,JEANS,BRAZIL,176,156.5114,170.63277
2024-02-01,JEANS,BRAZIL,192,207.3269,215.43253
2024-03-01,JEANS,BRAZIL,245,189.9472,191.68384
2024-04-01,JEANS,BRAZIL,151,184.17928,186.49742
2024-05-01,JEANS,BRAZIL,182,145.99295,140.07426
2024-06-01,JEANS,BRAZIL,174,156.52913,161.38788
2024-07-01,JEANS,BRAZIL,196,192.5895,174.36327
2024-08-01,JEANS,BRAZIL,214,211.56425,193.58809
2024-09-01,JEANS,BRAZIL,278,230.42014,207.2676
2024-10-01,JEANS,BRAZIL,177,183.31349,185.2096
2024-11-01,JEANS,BRAZIL,182,171.85959,170.17703
2024-12-01,JEANS,BRAZIL,190,148.06552,141.12827
2024-01-01,SANDALS,BRAZIL,46,81.29021,74.17251
2024-02-01,SANDALS,BRAZIL,34,42.012203,46.23526
2024-03-01,SANDALS,BRAZIL,41,39.597694,42.376236
2024-04-01,SANDALS,BRAZIL,83,66.055565,72.097786
2024-05-01,SANDALS,BRAZIL,90,91.67886,95.76212
2024-06-01,SANDALS,BRAZIL,92,89.622574,94.394196
2024-07-01,SANDALS,BRAZIL,53,59.37427,47.865517
2024-08-01,SANDALS,BRAZIL,35,46.769054,48.552868
2024-09-01,SANDALS,BRAZIL,34,29.149439,34.127155
2024-10-01,SANDALS,BRAZIL,88,64.88118,70.99338
2024-11-01,SANDALS,BRAZIL,125,91.382195,95.08381
2024-12-01,SANDALS,BRAZIL,129,119.92244,117.75974
2024-01-01,SHIRT,BRAZIL,1523,1445.1766,1370.2131
2024-02-01,SHIRT,BRAZIL,1401,1796.4288,1548.4517
2024-03-01,SHIRT,BRAZIL,1418,1629.9575,1547.0634
2024-04-01,SHIRT,BRAZIL,1187,1562.8904,1416.4167
2024-05-01,SHIRT,BRAZIL,1333,1394.8318,1329.8499
2024-06-01,SHIRT,BRAZIL,1355,1653.67,1488.7941
2024-07-01,SHIRT,BRAZIL,1429,1472.1937,1294.2451
2024-08-01,SHIRT,BRAZIL,1459,1444.3197,1325.7731
2024-09-01,SHIRT,BRAZIL,1869,1479.123,1358.2318
2024-10-01,SHIRT,BRAZIL,1615,1614.1709,1399.3638
2024-11-01,SHIRT,BRAZIL,1621,1501.1117,1523.9635
2024-12-01,SHIRT,BRAZIL,1682,1742.977,1561.9832
2024-01-01,SNEAKERS,BRAZIL,879,702.2019,808.91626
2024-02-01,SNEAKERS,BRAZIL,883,885.0659,925.62964
2024-03-01,SNEAKERS,BRAZIL,1115,956.8706,956.73816
2024-04-01,SNEAKERS,BRAZIL,941,1044.6335,961.07874
2024-05-01,SNEAKERS,BRAZIL,979,892.4865,985.29193
2024-06-01,SNEAKERS,BRAZIL,840,828.391,853.8647
2024-07-01,SNEAKERS,BRAZIL,897,808.86566,775.273
2024-08-01,SNEAKERS,BRAZIL,1043,861.6021,817.0204
2024-09-01,SNEAKERS,BRAZIL,1102,998.67303,962.52216
2024-10-01,SNEAKERS,BRAZIL,816,824.86646,820.3489
2024-11-01,SNEAKERS,BRAZIL,810,735.70856,733.50336
2024-12-01,SNEAKERS,BRAZIL,749,761.6385,787.9199
2024-01-01,SWEATER,BRAZIL,537,625.36383,639.4378
2024-02-01,SWEATER,BRAZIL,484,508.31274,571.3963
2024-03-01,SWEATER,BRAZIL,615,488.72958,563.82983
2024-04-01,SWEATER,BRAZIL,836,681.1659,670.13336
2024-05-01,SWEATER,BRAZIL,918,865.0212,932.96674
2024-06-01,SWEATER,BRAZIL,946,912.0674,949.43
2024-07-01,SWEATER,BRAZIL,489,591.0407,553.2308
2024-08-01,SWEATER,BRAZIL,419,544.4031,529.16315
2024-09-01,SWEATER,BRAZIL,465,518.3107,541.29456
2024-10-01,SWEATER,BRAZIL,587,555.78906,551.22144
2024-11-01,SWEATER,BRAZIL,771,643.43396,639.89026
2024-12-01,SWEATER,BRAZIL,763,756.9375,745.7025
2024-01-01,TOP,BRAZIL,259,214.88293,212.2239
2024-02-01,TOP,BRAZIL,310,245.33218,266.67502
2024-03-01,TOP,BRAZIL,342,324.61963,344.3287
2024-04-01,TOP,BRAZIL,293,335.35742,335.36752
2024-05-01,TOP,BRAZIL,286,274.60654,293.22583
2024-06-01,TOP,BRAZIL,317,239.6375,262.4761
2024-07-01,TOP,BRAZIL,256,322.72482,313.63803
2024-08-01,TOP,BRAZIL,268,288.9278,279.0865
2024-09-01,TOP,BRAZIL,332,307.2505,301.66336
2024-10-01,TOP,BRAZIL,270,312.58255,314.95715
2024-11-01,TOP,BRAZIL,267,274.55673,283.8147
2024-12-01,TOP,BRAZIL,290,240.15372,249.84999
2024-01-01,VEST,BRAZIL,39,36.553024,39.67776
2024-02-01,VEST,BRAZIL,41,38.058697,39.647438
2024-03-01,VEST,BRAZIL,51,46.622204,45.62452
2024-04-01,VEST,BRAZIL,46,36.021378,37.02794
2024-05-01,VEST,BRAZIL,43,46.18,38.350155
2024-06-01,VEST,BRAZIL,46,41.501602,33.533207
2024-07-01,VEST,BRAZIL,47,49.935318,39.05789
2024-08-01,VEST,BRAZIL,46,45.16793,41.22535
2024-09-01,VEST,BRAZIL,56,54.09689,48.534927
2024-10-01,VEST,BRAZIL,54,50.490776,45.103252
2024-11-01,VEST,BRAZIL,54,47.724144,45.164387
2024-12-01,VEST,BRAZIL,51,54.760498,44.721172
2024-01-01,BOOTS,CANADA,107,134.27432,123.025536
2024-02-01,BOOTS,CANADA,109,102.760124,105.61831
2024-03-01,BOOTS,CANADA,107,103.93972,104.03694
2024-04-01,BOOTS,CANADA,54,79.89525,74.46838
2024-05-01,BOOTS,CANADA,59,48.108574,52.52885
2024-06-01,BOOTS,CANADA,54,58.045994,54.479504
2024-07-01,BOOTS,CANADA,101,98.19413,96.083374
2024-08-01,BOOTS,CANADA,151,138.23033,130.43474
2024-09-01,BOOTS,CANADA,195,174.98021,169.16902
2024-10-01,BOOTS,CANADA,246,195.15794,209.99527
2024-11-01,BOOTS,CANADA,217,237.14754,243.1338
2024-12-01,BOOTS,CANADA,207,194.59492,192.99304
2024-01-01,CARDIGAN,CANADA,34,38.275444,43.514244
2024-02-01,CARDIGAN,CANADA,22,24.186535,29.366068
2024-03-01,CARDIGAN,CANADA,17,18.528276,19.395224
2024-04-01,CARDIGAN,CANADA,18,17.728662,18.168993
2024-05-01,CARDIGAN,CANADA,25,21.952473,23.694126
2024-06-01,CARDIGAN,CANADA,32,22.413084,24.63177
2024-07-01,CARDIGAN,CANADA,47,37.622944,40.367935
2024-08-01,CARDIGAN,CANADA,67,58.94947,64.911285
2024-09-01,CARDIGAN,CANADA,89,84.39887,92.28758
2024-10-01,CARDIGAN,CANADA,136,120.13926,117.010254
2024-11-01,CARDIGAN,CANADA,166,147.81155,144.18893
2024-12-01,CARDIGAN,CANADA,123,146.46548,163.03784
2024-01-01,JACKET,CANADA,1808,1804.8254,1889.0089
2024-02-01,JACKET,CANADA,1502,1698.5316,1715.2966
2024-03-01,JACKET,CANADA,1310,1507.6761,1418.0688
2024-04-01,JACKET,CANADA,576,807.65674,796.4863
2024-05-01,JACKET,CANADA,406,559.57513,548.67365
2024-06-01,JACKET,CANADA,383,407.17532,412.99173
2024-07-01,JACKET,CANADA,917,902.4166,917.9189
2024-08-01,JACKET,CANADA,1348,1493.4365,1525.6543
2024-09-01,JACKET,CANADA,1860,2034.7206,2125.614
2024-10-01,JACKET,CANADA,2417,1951.7119,2040.5386
2024-11-01,JACKET,CANADA,2555,2436.953,2547.3787
2024-12-01,JACKET,CANADA,2033,2346.7883,2455.0432
2024-01-01,JEANS,CANADA,106,98.78975,102.09812
2024-02-01,JEANS,CANADA,85,92.72471,100.39176
2024-03-01,JEANS,CANADA,99,74.68699,78.43454
2024-04-01,JEANS,CANADA,52,54.047966,48.53052
2024-05-01,JEANS,CANADA,43,48.422092,42.479343
2024-06-01,JEANS,CANADA,43,39.53249,38.475433
2024-07-01,JEANS,CANADA,119,109.71916,92.23066
2024-08-01,JEANS,CANADA,153,133.27122,138.77132
2024-09-01,JEANS,CANADA,230,170.01907,177.0002
2024-10-01,JEANS,CANADA,245,221.66434,232.31963
2024-11-01,JEANS,CANADA,266,242.65047,253.08496
2024-12-01,JEANS,CANADA,213,219.06927,216.39548
2024-01-01,SANDALS,CANADA,9,9.383303,10.019331
2024-02-01,SANDALS,CANADA,9,8.640802,9.938182
2024-03-01,SANDALS,CANADA,23,21.97995,20.822578
2024-04-01,SANDALS,CANADA,344,362.75015,345.43835
2024-05-01,SANDALS,CANADA,481,480.72913,489.41196
2024-06-01,SANDALS,CANADA,542,446.4009,552.514
2024-07-01,SANDALS,CANADA,80,83.53005,105.54848
2024-08-01,SANDALS,CANADA,42,57.412346,64.82554
2024-09-01,SANDALS,CANADA,18,24.1529,23.360945
2024-10-01,SANDALS,CANADA,7,4.470088,5.062136
2024-11-01,SANDALS,CANADA,7,5.9153132,5.261957
2024-12-01,SANDALS,CANADA,6,5.1196218,4.9946966
2024-01-01,SHIRT,CANADA,844,841.6529,830.2736
2024-02-01,SHIRT,CANADA,858,943.5436,883.9153
2024-03-01,SHIRT,CANADA,870,943.5859,895.2319
2024-04-01,SHIRT,CANADA,906,1037.7122,957.221
2024-05-01,SHIRT,CANADA,955,1098.0349,996.9437
2024-06-01,SHIRT,CANADA,1042,1201.1478,1060.71
2024-07-01,SHIRT,CANADA,783,1009.61993,923.1828
2024-08-01,SHIRT,CANADA,812,928.1321,827.62726
2024-09-01,SHIRT,CANADA,897,944.7424,866.80444
2024-10-01,SHIRT,CANADA,741,769.33856,691.55597
2024-11-01,SHIRT,CANADA,667,729.95105,686.45386
2024-12-01,SHIRT,CANADA,728,797.90063,756.58704
2024-01-01,SNEAKERS,CANADA,460,489.17535,475.50314
2024-02-01,SNEAKERS,CANADA,428,444.8171,452.09625
2024-03-01,SNEAKERS,CANADA,524,446.50183,446.72293
2024-04-01,SNEAKERS,CANADA,466,454.04578,439.2263
2024-05-01,SNEAKERS,CANADA,459,451.74316,447.5621
2024-06-01,SNEAKERS,CANADA,381,429.71347,421.12497
2024-07-01,SNEAKERS,CANADA,476,439.74298,465.55157
2024-08-01,SNEAKERS,CANADA,570,570.54944,553.25854
2024-09-01,SNEAKERS,CANADA,799,643.70874,653.57733
2024-10-01,SNEAKERS,CANADA,551,632.433,659.82733
2024-11-01,SNEAKERS,CANADA,563,575.424,555.1692
2024-12-01,SNEAKERS,CANADA,484,562.6603,562.29486
2024-01-01,SWEATER,CANADA,136,171.62878,166.82935
2024-02-01,SWEATER,CANADA,83,105.63646,112.09909
2024-03-01,SWEATER,CANADA,88,95.47381,82.599724
2024-04-01,SWEATER,CANADA,118,111.65752,103.04049
2024-05-01,SWEATER,CANADA,152,137.84917,137.29129
2024-06-01,SWEATER,CANADA,198,176.97404,152.02693
2024-07-01,SWEATER,CANADA,607,544.8183,529.7454
2024-08-01,SWEATER,CANADA,809,830.3934,790.43567
2024-09-01,SWEATER,CANADA,987,1063.2758,1056.5723
2024-10-01,SWEATER,CANADA,1012,967.76385,1151.4495
2024-11-01,SWEATER,CANADA,1155,953.0748,1037.1492
2024-12-01,SWEATER,CANADA,995,1040.9161,1058.6919
2024-01-01,TOP,CANADA,130,137.65048,137.53583
2024-02-01,TOP,CANADA,120,125.46762,136.4063
2024-03-01,TOP,CANADA,136,120.78771,125.651024
2024-04-01,TOP,CANADA,126,126.234474,127.49663
2024-05-01,TOP,CANADA,121,114.14168,126.22417
2024-06-01,TOP,CANADA,113,101.04067,115.42907
2024-07-01,TOP,CANADA,156,144.48347,158.02036
2024-08-01,TOP,CANADA,230,199.85959,200.46303
2024-09-01,TOP,CANADA,311,267.75754,269.36514
2024-10-01,TOP,CANADA,213,234.34094,267.86496
2024-11-01,TOP,CANADA,221,223.16301,224.90402
2024-12-01,TOP,CANADA,229,218.13313,229.2783
2024-01-01,VEST,CANADA,21,24.914446,22.924618
2024-02-01,VEST,CANADA,22,21.84874,23.26357
2024-03-01,VEST,CANADA,21,20.92783,21.357855
2024-04-01,VEST,CANADA,13,13.479961,13.022807
2024-05-01,VEST,CANADA,15,11.577295,10.486875
2024-06-01,VEST,CANADA,13,11.498794,11.516266
2024-07-01,VEST,CANADA,24,13.871114,15.858776
2024-08-01,VEST,CANADA,33,20.386683,20.733557
2024-09-01,VEST,CANADA,47,31.064045,34.55861
2024-10-01,VEST,CANADA,58,49.842247,42.451187
2024-11-01,VEST,CANADA,63,55.632683,53.616978
2024-12-01,VEST,CANADA,65,66.66377,54.388836
2024-01-01,BOOTS,CHINA,294,372.08627,380.9219
2024-02-01,BOOTS,CHINA,280,308.98212,317.42676
2024-03-01,BOOTS,CHINA,322,248.63455,244.29158
2024-04-01,BOOTS,CHINA,157,209.05176,194.02171
2024-05-01,BOOTS,CHINA,150,134.33943,148.49112
2024-06-01,BOOTS,CHINA,141,145.85542,138.85025
2024-07-01,BOOTS,CHINA,259,268.16794,276.15094
2024-08-01,BOOTS,CHINA,380,423.19928,454.93997
2024-09-01,BOOTS,CHINA,476,525.8635,507.1624
2024-10-01,BOOTS,CHINA,671,529.7869,558.7305
2024-11-01,BOOTS,CHINA,644,675.9282,640.95245
2024-12-01,BOOTS,CHINA,670,624.91895,569.51776
2024-01-01,CARDIGAN,CHINA,91,103.13723,103.18888
2024-02-01,CARDIGAN,CHINA,62,76.440414,73.29265
2024-03-01,CARDIGAN,CHINA,52,53.251953,49.98015
2024-04-01,CARDIGAN,CHINA,54,48.060608,45.424725
2024-05-01,CARDIGAN,CHINA,65,58.482456,68.90096
2024-06-01,CARDIGAN,CHINA,66,67.57854,59.952656
2024-07-01,CARDIGAN,CHINA,115,96.669815,91.931595
2024-08-01,CARDIGAN,CHINA,191,156.43279,162.85913
2024-09-01,CARDIGAN,CHINA,316,261.42212,255.56534
2024-10-01,CARDIGAN,CHINA,449,400.2559,409.62903
2024-11-01,CARDIGAN,CHINA,458,465.9306,476.6185
2024-12-01,CARDIGAN,CHINA,418,417.78305,400.61194
2024-01-01,JACKET,CHINA,4618,5361.1025,5408.5933
2024-02-01,JACKET,CHINA,3898,4122.101,4480.8413
2024-03-01,JACKET,CHINA,3854,3620.7983,3659.209
2024-04-01,JACKET,CHINA,1792,2390.7688,2221.233
2024-05-01,JACKET,CHINA,1185,1604.6697,1505.3385
2024-06-01,JACKET,CHINA,1011,1063.1449,1178.4596
2024-07-01,JACKET,CHINA,2448,3045.8774,3124.546
2024-08-01,JACKET,CHINA,3905,3852.304,4023.3452
2024-09-01,JACKET,CHINA,5318,5433.9106,5402.978
2024-10-01,JACKET,CHINA,6708,7034.1484,6499.8604
2024-11-01,JACKET,CHINA,7029,6829.3496,6837.412
2024-12-01,JACKET,CHINA,5624,6356.6787,6474.7197
2024-01-01,JEANS,CHINA,230,254.80305,274.09958
2024-02-01,JEANS,CHINA,222,237.38544,218.17221
2024-03-01,JEANS,CHINA,254,209.01219,191.5155
2024-04-01,JEANS,CHINA,132,132.17404,127.92638
2024-05-01,JEANS,CHINA,124,121.90267,114.0373
2024-06-01,JEANS,CHINA,125,101.6999,108.31581
2024-07-01,JEANS,CHINA,386,277.5997,288.49432
2024-08-01,JEANS,CHINA,480,415.30267,425.63657
2024-09-01,JEANS,CHINA,571,526.7408,540.15436
2024-10-01,JEANS,CHINA,664,572.4295,546.9969
2024-11-01,JEANS,CHINA,717,676.00476,634.5957
2024-12-01,JEANS,CHINA,614,491.83542,469.7353
2024-01-01,SANDALS,CHINA,21,26.356867,24.682377
2024-02-01,SANDALS,CHINA,22,26.350327,29.551916
2024-03-01,SANDALS,CHINA,71,59.8473,57.147537
2024-04-01,SANDALS,CHINA,919,1160.9669,1154.914
2024-05-01,SANDALS,CHINA,1325,1081.1357,1558.6849
2024-06-01,SANDALS,CHINA,1600,1637.3265,1545.9254
2024-07-01,SANDALS,CHINA,240,338.60983,326.40198
2024-08-01,SANDALS,CHINA,121,200.65294,190.68861
2024-09-01,SANDALS,CHINA,47,79.75223,78.76525
2024-10-01,SANDALS,CHINA,14,20.399063,18.790657
2024-11-01,SANDALS,CHINA,18,11.798694,11.8356905
2024-12-01,SANDALS,CHINA,16,13.832023,15.62401
2024-01-01,SHIRT,CHINA,2639,2670.2026,2215.9275
2024-02-01,SHIRT,CHINA,2617,2507.682,2629.478
2024-03-01,SHIRT,CHINA,2501,2384.7854,2331.1663
2024-04-01,SHIRT,CHINA,2560,2410.4026,2431.3977
2024-05-01,SHIRT,CHINA,2654,2603.829,2714.9487
2024-06-01,SHIRT,CHINA,2873,3137.3774,2756.5706
2024-07-01,SHIRT,CHINA,2108,2445.9673,2063.6218
2024-08-01,SHIRT,CHINA,2084,2511.1953,1974.4877
2024-09-01,SHIRT,CHINA,2851,2712.2188,2235.8147
2024-10-01,SHIRT,CHINA,1913,2046.8262,1865.1957
2024-11-01,SHIRT,CHINA,1885,2099.2622,1846.6007
2024-12-01,SHIRT,CHINA,1964,1971.8002,1927.1969
2024-01-01,SNEAKERS,CHINA,1192,1411.1345,1316.4509
2024-02-01,SNEAKERS,CHINA,1286,1108.9473,1187.5481
2024-03-01,SNEAKERS,CHINA,1495,1374.9644,1299.7722
2024-04-01,SNEAKERS,CHINA,1253,1278.4296,1293.9944
2024-05-01,SNEAKERS,CHINA,1214,1278.9536,1292.1666
2024-06-01,SNEAKERS,CHINA,994,1154.7491,1189.1565
2024-07-01,SNEAKERS,CHINA,1250,1404.2843,1504.5486
2024-08-01,SNEAKERS,CHINA,1657,1474.0382,1448.0344
2024-09-01,SNEAKERS,CHINA,2213,1986.2579,1908.6752
2024-10-01,SNEAKERS,CHINA,1660,2040.1891,1798.2073
2024-11-01,SNEAKERS,CHINA,1548,1559.3932,1659.8937
2024-12-01,SNEAKERS,CHINA,1291,1521.8446,1501.2284
2024-01-01,SWEATER,CHINA,401,524.5224,527.3058
2024-02-01,SWEATER,CHINA,272,304.3706,325.1884
2024-03-01,SWEATER,CHINA,276,262.4187,263.3332
2024-04-01,SWEATER,CHINA,343,338.15866,340.1602
2024-05-01,SWEATER,CHINA,391,432.8439,429.91705
2024-06-01,SWEATER,CHINA,461,532.8903,469.45996
2024-07-01,SWEATER,CHINA,1472,1591.0298,1519.2726
2024-08-01,SWEATER,CHINA,2127,2279.4023,2104.9202
2024-09-01,SWEATER,CHINA,2476,2822.2014,2836.9363
2024-10-01,SWEATER,CHINA,3846,3095.9873,2945.9438
2024-11-01,SWEATER,CHINA,3875,3596.2,3983.8372
2024-12-01,SWEATER,CHINA,3264,3229.964,3519.0525
2024-01-01,TOP,CHINA,374,381.74634,376.5415
2024-02-01,TOP,CHINA,386,359.6323,378.29544
2024-03-01,TOP,CHINA,380,356.2838,393.45544
2024-04-01,TOP,CHINA,366,330.1842,357.17255
2024-05-01,TOP,CHINA,381,339.66357,352.37604
2024-06-01,TOP,CHINA,300,342.35852,344.30267
2024-07-01,TOP,CHINA,438,469.7205,502.0062
2024-08-01,TOP,CHINA,583,566.08105,592.6719
2024-09-01,TOP,CHINA,950,706.34375,686.3483
2024-10-01,TOP,CHINA,639,792.43005,854.0151
2024-11-01,TOP,CHINA,677,712.9468,672.4158
2024-12-01,TOP,CHINA,737,654.51624,654.1813
2024-01-01,VEST,CHINA,57,90.65256,84.40229
2024-02-01,VEST,CHINA,63,54.869938,61.208237
2024-03-01,VEST,CHINA,58,57.677498,54.332424
2024-04-01,VEST,CHINA,40,46.39013,40.320087
2024-05-01,VEST,CHINA,38,35.155647,34.2413
2024-06-01,VEST,CHINA,34,30.583914,32.46091
2024-07-01,VEST,CHINA,66,59.18043,52.95477
2024-08-01,VEST,CHINA,83,76.76379,65.11507
2024-09-01,VEST,CHINA,127,85.93306,86.13226
2024-10-01,VEST,CHINA,158,108.49391,105.63168
2024-11-01,VEST,CHINA,153,152.07707,141.1034
2024-12-01,VEST,CHINA,167,141.28511,133.61542
2024-01-01,BOOTS,FRANCE,338,346.61786,346.28683
2024-02-01,BOOTS,FRANCE,324,326.2509,331.05045
2024-03-01,BOOTS,FRANCE,384,295.0911,299.5385
2024-04-01,BOOTS,FRANCE,187,216.49034,208.95131
2024-05-01,BOOTS,FRANCE,194,185.41304,176.90982
2024-06-01,BOOTS,FRANCE,181,184.31479,179.59657
2024-07-01,BOOTS,FRANCE,314,324.35654,301.05264
2024-08-01,BOOTS,FRANCE,451,386.0468,423.5287
2024-09-01,BOOTS,FRANCE,565,577.79565,556.98376
2024-10-01,BOOTS,FRANCE,861,560.861,591.3768
2024-11-01,BOOTS,FRANCE,762,835.8723,825.9954
2024-12-01,BOOTS,FRANCE,732,672.896,619.1256
2024-01-01,CARDIGAN,FRANCE,97,112.79313,111.403496
2024-02-01,CARDIGAN,FRANCE,66,81.85277,85.731544
2024-03-01,CARDIGAN,FRANCE,50,57.39519,53.075115
2024-04-01,CARDIGAN,FRANCE,53,48.445713,48.646645
2024-05-01,CARDIGAN,FRANCE,70,53.096817,62.62012
2024-06-01,CARDIGAN,FRANCE,83,68.83393,65.82979
2024-07-01,CARDIGAN,FRANCE,136,119.8108,111.04005
2024-08-01,CARDIGAN,FRANCE,224,182.14383,199.44254
2024-09-01,CARDIGAN,FRANCE,311,282.74475,306.18842
2024-10-01,CARDIGAN,FRANCE,446,388.93668,398.6826
2024-11-01,CARDIGAN,FRANCE,482,457.1055,495.13858
2024-12-01,CARDIGAN,FRANCE,375,429.25323,458.88007
2024-01-01,JACKET,FRANCE,5347,6712.613,6131.8013
2024-02-01,JACKET,FRANCE,4503,4961.6733,5346.217
2024-03-01,JACKET,FRANCE,3711,4448.64,4543.95
2024-04-01,JACKET,FRANCE,1638,2298.09,2516.3743
2024-05-01,JACKET,FRANCE,1106,1275.0049,1411.573
2024-06-01,JACKET,FRANCE,906,1013.7046,1241.6825
2024-07-01,JACKET,FRANCE,2397,3102.054,3219.3513
2024-08-01,JACKET,FRANCE,3706,4116.3525,4303.55
2024-09-01,JACKET,FRANCE,5614,5367.8726,5650.6875
2024-10-01,JACKET,FRANCE,7307,6629.1025,6730.3267
2024-11-01,JACKET,FRANCE,7843,7561.289,7449.288
2024-12-01,JACKET,FRANCE,6082,7753.68,6955.622
2024-01-01,JEANS,FRANCE,280,298.219,288.55258
2024-02-01,JEANS,FRANCE,264,244.75073,258.19357
2024-03-01,JEANS,FRANCE,311,232.64873,227.43736
2024-04-01,JEANS,FRANCE,157,157.86945,138.26944
2024-05-01,JEANS,FRANCE,166,124.56095,139.45273
2024-06-01,JEANS,FRANCE,146,129.61192,151.93137
2024-07-01,JEANS,FRANCE,372,309.51114,338.5627
2024-08-01,JEANS,FRANCE,539,394.73538,411.64288
2024-09-01,JEANS,FRANCE,661,598.7446,623.1566
2024-10-01,JEANS,FRANCE,669,666.6615,642.39923
2024-11-01,JEANS,FRANCE,849,624.2964,625.8565
2024-12-01,JEANS,FRANCE,733,563.56055,568.19684
2024-01-01,SANDALS,FRANCE,23,27.583223,27.740427
2024-02-01,SANDALS,FRANCE,25,24.963005,31.87775
2024-03-01,SANDALS,FRANCE,61,74.955765,68.76367
2024-04-01,SANDALS,FRANCE,951,1118.8616,1076.99
2024-05-01,SANDALS,FRANCE,1589,1340.2008,1423.1659
2024-06-01,SANDALS,FRANCE,1807,1591.8711,1739.6671
2024-07-01,SANDALS,FRANCE,290,359.9308,319.338
2024-08-01,SANDALS,FRANCE,129,225.76904,198.77231
2024-09-01,SANDALS,FRANCE,50,104.1519,84.453735
2024-10-01,SANDALS,FRANCE,17,22.486292,20.505056
2024-11-01,SANDALS,FRANCE,21,13.177526,13.815154
2024-12-01,SANDALS,FRANCE,17,20.797161,19.778273
2024-01-01,SHIRT,FRANCE,2256,2600.0322,2177.824
2024-02-01,SHIRT,FRANCE,2293,2572.3918,2305.887
2024-03-01,SHIRT,FRANCE,2504,2600.062,2405.8408
2024-04-01,SHIRT,FRANCE,2885,2683.6885,2648.0923
2024-05-01,SHIRT,FRANCE,2979,3249.8347,3010.8684
2024-06-01,SHIRT,FRANCE,3081,2965.6233,3039.0537
2024-07-01,SHIRT,FRANCE,2468,2274.5122,2068.7327
2024-08-01,SHIRT,FRANCE,2656,2544.782,2364.62
2024-09-01,SHIRT,FRANCE,3144,2928.9312,2693.4404
2024-10-01,SHIRT,FRANCE,2364,2447.062,2190.092
2024-11-01,SHIRT,FRANCE,2198,2476.2153,2173.4316
2024-12-01,SHIRT,FRANCE,2493,2519.6716,2371.174
2024-01-01,SNEAKERS,FRANCE,1529,1596.8562,1535.0352
2024-02-01,SNEAKERS,FRANCE,1334,1582.0918,1580.3098
2024-03-01,SNEAKERS,FRANCE,1500,1389.7367,1406.6719
2024-04-01,SNEAKERS,FRANCE,1335,1435.7333,1382.9362
2024-05-01,SNEAKERS,FRANCE,1285,1381.8688,1465.7543
2024-06-01,SNEAKERS,FRANCE,1087,1182.4408,1297.5803
2024-07-01,SNEAKERS,FRANCE,1380,1308.5879,1422.8827
2024-08-01,SNEAKERS,FRANCE,1656,1587.3158,1576.3019
2024-09-01,SNEAKERS,FRANCE,2097,1943.5138,1958.6489
2024-10-01,SNEAKERS,FRANCE,1527,1796.7871,1734.7488
2024-11-01,SNEAKERS,FRANCE,1602,1483.647,1565.8156
2024-12-01,SNEAKERS,FRANCE,1465,1531.3182,1592.7213
2024-01-01,SWEATER,FRANCE,447,589.17566,563.48193
2024-02-01,SWEATER,FRANCE,290,372.4921,353.15234
2024-03-01,SWEATER,FRANCE,276,282.06314,275.0861
2024-04-01,SWEATER,FRANCE,360,316.67877,339.24442
2024-05-01,SWEATER,FRANCE,514,474.71356,474.28458
2024-06-01,SWEATER,FRANCE,608,574.9539,615.9803
2024-07-01,SWEATER,FRANCE,1844,1774.1841,1827.1979
2024-08-01,SWEATER,FRANCE,2769,2468.772,2604.445
2024-09-01,SWEATER,FRANCE,3496,3244.1755,3486.8193
2024-10-01,SWEATER,FRANCE,4194,3838.7422,3818.294
2024-11-01,SWEATER,FRANCE,4093,3712.1824,4041.0383
2024-12-01,SWEATER,FRANCE,3942,3523.2544,3426.778
2024-01-01,TOP,FRANCE,402,489.73172,447.34357
2024-02-01,TOP,FRANCE,398,365.3642,391.2766
2024-03-01,TOP,FRANCE,375,359.84695,392.10538
2024-04-01,TOP,FRANCE,405,347.81802,353.03818
2024-05-01,TOP,FRANCE,372,359.79932,393.19257
2024-06-01,TOP,FRANCE,358,328.36337,356.21484
2024-07-01,TOP,FRANCE,573,455.0239,522.87115
2024-08-01,TOP,FRANCE,708,678.70435,692.30835
2024-09-01,TOP,FRANCE,1015,801.4234,867.2208
2024-10-01,TOP,FRANCE,764,1024.8998,955.37866
2024-11-01,TOP,FRANCE,835,798.88446,828.6327
2024-12-01,TOP,FRANCE,890,802.9262,791.7293
2024-01-01,VEST,FRANCE,66,92.510216,90.005424
2024-02-01,VEST,FRANCE,65,60.781757,68.377754
2024-03-01,VEST,FRANCE,59,61.127045,63.466324
2024-04-01,VEST,FRANCE,40,47.66317,44.278828
2024-05-01,VEST,FRANCE,38,39.744,38.42982
2024-06-01,VEST,FRANCE,34,33.009533,33.395344
2024-07-01,VEST,FRANCE,71,52.724895,48.677097
2024-08-01,VEST,FRANCE,92,72.90025,69.04153
2024-09-01,VEST,FRANCE,140,98.270874,102.59703
2024-10-01,VEST,FRANCE,187,143.991,134.73042
2024-11-01,VEST,FRANCE,201,179.94957,171.77034
2024-12-01,VEST,FRANCE,187,173.8721,171.63191
2024-01-01,BOOTS,GERMANY,363,486.5171,429.85416
2024-02-01,BOOTS,GERMANY,382,356.86713,354.8685
2024-03-01,BOOTS,GERMANY,398,343.89954,351.87173
2024-04-01,BOOTS,GERMANY,223,269.0827,258.27356
2024-05-01,BOOTS,GERMANY,235,197.68703,209.87306
2024-06-01,BOOTS,GERMANY,198,216.64607,214.74474
2024-07-01,BOOTS,GERMANY,328,354.06305,326.8147
2024-08-01,BOOTS,GERMANY,533,465.16687,479.8896
2024-09-01,BOOTS,GERMANY,742,649.41034,693.4823
2024-10-01,BOOTS,GERMANY,1054,794.6043,843.2431
2024-11-01,BOOTS,GERMANY,923,973.56146,986.3483
2024-12-01,BOOTS,GERMANY,894,771.5516,706.04767
2024-01-01,CARDIGAN,GERMANY,125,136.71603,134.4654
2024-02-01,CARDIGAN,GERMANY,77,108.174904,104.37778
2024-03-01,CARDIGAN,GERMANY,57,70.65527,69.01631
2024-04-01,CARDIGAN,GERMANY,61,58.858208,60.018433
2024-05-01,CARDIGAN,GERMANY,91,77.433365,82.59908
2024-06-01,CARDIGAN,GERMANY,107,97.12482,93.198204
2024-07-01,CARDIGAN,GERMANY,162,139.41884,140.85358
2024-08-01,CARDIGAN,GERMANY,269,228.64845,240.94719
2024-09-01,CARDIGAN,GERMANY,395,332.2067,347.68283
2024-10-01,CARDIGAN,GERMANY,530,483.3295,473.73077
2024-11-01,CARDIGAN,GERMANY,603,552.3071,554.0803
2024-12-01,CARDIGAN,GERMANY,509,580.4984,551.5578
2024-01-01,JACKET,GERMANY,5435,6939.8237,6716.263
2024-02-01,JACKET,GERMANY,4772,5571.9243,6208.58
2024-03-01,JACKET,GERMANY,4345,5126.462,4984.2954
2024-04-01,JACKET,GERMANY,2053,3336.6265,3348.993
2024-05-01,JACKET,GERMANY,1453,1785.748,1774.9858
2024-06-01,JACKET,GERMANY,1404,1341.6854,1463.1925
2024-07-01,JACKET,GERMANY,3333,4252.828,4149.801
2024-08-01,JACKET,GERMANY,5366,5075.18,5628.455
2024-09-01,JACKET,GERMANY,7533,7974.548,7874.1084
2024-10-01,JACKET,GERMANY,7729,8401.363,8273.495
2024-11-01,JACKET,GERMANY,8711,8226.55,8005.832
2024-12-01,JACKET,GERMANY,8008,8473.549,8358.825
2024-01-01,JEANS,GERMANY,308,393.40128,380.8021
2024-02-01,JEANS,GERMANY,295,299.76044,315.60355
2024-03-01,JEANS,GERMANY,309,314.01935,296.4723
2024-04-01,JEANS,GERMANY,171,201.3841,181.21405
2024-05-01,JEANS,GERMANY,155,142.2393,164.23087
2024-06-01,JEANS,GERMANY,169,130.36995,142.58443
2024-07-01,JEANS,GERMANY,470,343.5681,358.91336
2024-08-01,JEANS,GERMANY,561,581.23145,567.9988
2024-09-01,JEANS,GERMANY,759,651.1768,712.8719
2024-10-01,JEANS,GERMANY,833,714.083,735.27136
2024-11-01,JEANS,GERMANY,863,765.5128,765.27673
2024-12-01,JEANS,GERMANY,763,594.2584,597.7768
2024-01-01,SANDALS,GERMANY,32,29.108688,31.931248
2024-02-01,SANDALS,GERMANY,36,34.242702,40.784992
2024-03-01,SANDALS,GERMANY,85,91.68797,91.30095
2024-04-01,SANDALS,GERMANY,1253,1256.9894,1331.1127
2024-05-01,SANDALS,GERMANY,1840,1309.3413,1580.7117
2024-06-01,SANDALS,GERMANY,2100,2060.76,2098.8015
2024-07-01,SANDALS,GERMANY,345,457.37668,393.25555
2024-08-01,SANDALS,GERMANY,185,317.11957,244.7689
2024-09-01,SANDALS,GERMANY,69,97.048294,86.13854
2024-10-01,SANDALS,GERMANY,19,23.575998,22.501259
2024-11-01,SANDALS,GERMANY,22,16.40841,14.586076
2024-12-01,SANDALS,GERMANY,21,19.087908,20.529512
2024-01-01,SHIRT,GERMANY,2725,2884.0156,2786.3672
2024-02-01,SHIRT,GERMANY,2665,3051.0044,2781.2122
2024-03-01,SHIRT,GERMANY,2968,2704.5112,2758.2305
2024-04-01,SHIRT,GERMANY,3456,3448.303,3142.9553
2024-05-01,SHIRT,GERMANY,3840,3404.504,3369.168
2024-06-01,SHIRT,GERMANY,4000,3592.7812,3789.6672
2024-07-01,SHIRT,GERMANY,2912,3428.0728,3016.5093
2024-08-01,SHIRT,GERMANY,2700,2943.7021,3032.3696
2024-09-01,SHIRT,GERMANY,3718,3076.9487,3051.144
2024-10-01,SHIRT,GERMANY,2757,2842.102,2724.887
2024-11-01,SHIRT,GERMANY,2593,2726.3613,2751.51
2024-12-01,SHIRT,GERMANY,2782,2824.8801,2714.5964
2024-01-01,SNEAKERS,GERMANY,1935,1878.4921,1887.0587
2024-02-01,SNEAKERS,GERMANY,1885,1868.6355,1885.249
2024-03-01,SNEAKERS,GERMANY,2116,1809.7283,1853.1272
2024-04-01,SNEAKERS,GERMANY,1762,1855.6381,1881.1387
2024-05-01,SNEAKERS,GERMANY,1460,1659.774,1834.2849
2024-06-01,SNEAKERS,GERMANY,1372,1462.4282,1552.9525
2024-07-01,SNEAKERS,GERMANY,1770,2129.236,2072.1868
2024-08-01,SNEAKERS,GERMANY,1991,2242.3284,2166.126
2024-09-01,SNEAKERS,GERMANY,2305,2539.8352,2482.4304
2024-10-01,SNEAKERS,GERMANY,1739,2190.971,2123.3486
2024-11-01,SNEAKERS,GERMANY,1841,1790.2625,1831.9053
2024-12-01,SNEAKERS,GERMANY,1741,1834.5537,1945.6188
2024-01-01,SWEATER,GERMANY,541,691.1651,663.84766
2024-02-01,SWEATER,GERMANY,359,440.66486,430.37344
2024-03-01,SWEATER,GERMANY,325,384.88806,362.0873
2024-04-01,SWEATER,GERMANY,443,377.07333,398.53757
2024-05-01,SWEATER,GERMANY,573,590.8471,605.10657
2024-06-01,SWEATER,GERMANY,685,718.0363,674.13043
2024-07-01,SWEATER,GERMANY,2104,2283.999,2176.9443
2024-08-01,SWEATER,GERMANY,2718,2788.4268,2832.0093
2024-09-01,SWEATER,GERMANY,3238,3444.706,3715.1367
2024-10-01,SWEATER,GERMANY,4439,3520.6338,3729.8271
2024-11-01,SWEATER,GERMANY,4781,4147.842,4658.5464
2024-12-01,SWEATER,GERMANY,3944,4216.2524,4398.6123
2024-01-01,TOP,GERMANY,496,468.66782,495.73132
2024-02-01,TOP,GERMANY,464,488.9613,457.2353
2024-03-01,TOP,GERMANY,456,453.42368,439.81213
2024-04-01,TOP,GERMANY,469,420.85233,421.63272
2024-05-01,TOP,GERMANY,434,387.68048,416.47293
2024-06-01,TOP,GERMANY,422,384.33423,412.3087
2024-07-01,TOP,GERMANY,627,514.5184,548.497
2024-08-01,TOP,GERMANY,834,815.83777,797.6424
2024-09-01,TOP,GERMANY,1124,974.0825,1051.6157
2024-10-01,TOP,GERMANY,838,992.30164,1069.2882
2024-11-01,TOP,GERMANY,966,925.577,939.76154
2024-12-01,TOP,GERMANY,869,931.59564,960.3088
2024-01-01,VEST,GERMANY,77,84.55926,85.39559
2024-02-01,VEST,GERMANY,84,68.35437,76.41051
2024-03-01,VEST,GERMANY,67,77.89048,80.743546
2024-04-01,VEST,GERMANY,46,49.644176,46.18561
2024-05-01,VEST,GERMANY,45,37.723854,40.96032
2024-06-01,VEST,GERMANY,43,34.201202,36.5533
2024-07-01,VEST,GERMANY,96,63.458664,59.340225
2024-08-01,VEST,GERMANY,129,98.858154,103.57986
2024-09-01,VEST,GERMANY,218,139.74866,128.26833
2024-10-01,VEST,GERMANY,269,179.25047,178.04323
2024-11-01,VEST,GERMANY,247,208.8076,217.73726
2024-12-01,VEST,GERMANY,238,210.89807,191.14325
2024-01-01,BOOTS,INDIA,214,252.06807,237.47389
2024-02-01,BOOTS,INDIA,224,208.50679,200.24422
2024-03-01,BOOTS,INDIA,222,206.17924,207.83154
2024-04-01,BOOTS,INDIA,109,143.32571,132.16972
2024-05-01,BOOTS,INDIA,110,108.74759,101.034004
2024-06-01,BOOTS,INDIA,109,100.05154,98.50499
2024-07-01,BOOTS,INDIA,201,188.4991,190.97163
2024-08-01,BOOTS,INDIA,363,281.6492,260.16867
2024-09-01,BOOTS,INDIA,472,417.11224,409.08386
2024-10-01,BOOTS,INDIA,665,453.8935,471.37967
2024-11-01,BOOTS,INDIA,550,581.448,600.47156
2024-12-01,BOOTS,INDIA,487,507.44528,444.81158
2024-01-01,CARDIGAN,INDIA,73,87.302315,83.68017
2024-02-01,CARDIGAN,INDIA,47,59.19237,63.73777
2024-03-01,CARDIGAN,INDIA,34,38.720306,41.03319
2024-04-01,CARDIGAN,INDIA,37,37.155994,34.55637
2024-05-01,CARDIGAN,INDIA,51,50.845463,45.592163
2024-06-01,CARDIGAN,INDIA,59,53.8554,48.94215
2024-07-01,CARDIGAN,INDIA,88,89.39341,80.53337
2024-08-01,CARDIGAN,INDIA,144,115.806984,125.61968
2024-09-01,CARDIGAN,INDIA,220,200.34135,205.94386
2024-10-01,CARDIGAN,INDIA,281,267.56204,278.41644
2024-11-01,CARDIGAN,INDIA,338,302.0118,310.3371
2024-12-01,CARDIGAN,INDIA,267,325.62482,339.63498
2024-01-01,JACKET,INDIA,4214,3719.502,3817.8787
2024-02-01,JACKET,INDIA,3722,3718.9875,3771.1528
2024-03-01,JACKET,INDIA,3301,3479.35,3369.02
2024-04-01,JACKET,INDIA,1373,2065.0754,2086.5688
2024-05-01,JACKET,INDIA,921,1054.6421,1068.1115
2024-06-01,JACKET,INDIA,744,844.20215,887.32666
2024-07-01,JACKET,INDIA,1937,1974.4802,2022.1096
2024-08-01,JACKET,INDIA,3248,2864.215,3120.2566
2024-09-01,JACKET,INDIA,4843,4341.1353,4768.3486
2024-10-01,JACKET,INDIA,5174,5717.166,5799.5034
2024-11-01,JACKET,INDIA,5326,5097.352,5738.2163
2024-12-01,JACKET,INDIA,4434,5024.0806,5195.9893
2024-01-01,JEANS,INDIA,169,180.51907,177.90703
2024-02-01,JEANS,INDIA,153,158.59464,168.05865
2024-03-01,JEANS,INDIA,165,136.07712,130.99963
2024-04-01,JEANS,INDIA,90,86.11162,81.09761
2024-05-01,JEANS,INDIA,93,80.51382,77.470474
2024-06-01,JEANS,INDIA,87,81.426636,80.01739
2024-07-01,JEANS,INDIA,241,206.05539,209.4867
2024-08-01,JEANS,INDIA,351,255.88104,282.3821
2024-09-01,JEANS,INDIA,485,360.1606,379.1022
2024-10-01,JEANS,INDIA,492,416.0424,431.88507
2024-11-01,JEANS,INDIA,549,411.9395,446.66254
2024-12-01,JEANS,INDIA,470,381.47156,372.6348
2024-01-01,SANDALS,INDIA,19,17.178537,17.832554
2024-02-01,SANDALS,INDIA,19,21.685324,24.499922
2024-03-01,SANDALS,INDIA,47,49.014263,48.561176
2024-04-01,SANDALS,INDIA,705,790.45306,737.782
2024-05-01,SANDALS,INDIA,1095,1010.975,990.90204
2024-06-01,SANDALS,INDIA,1364,1174.0742,1331.492
2024-07-01,SANDALS,INDIA,218,268.9668,213.4661
2024-08-01,SANDALS,INDIA,100,151.4613,135.06636
2024-09-01,SANDALS,INDIA,42,53.212257,42.67296
2024-10-01,SANDALS,INDIA,13,14.092754,13.044268
2024-11-01,SANDALS,INDIA,15,9.888854,10.133439
2024-12-01,SANDALS,INDIA,12,13.640839,12.81068
2024-01-01,SHIRT,INDIA,1593,1673.3025,1525.3639
2024-02-01,SHIRT,INDIA,1606,1759.2435,1651.5491
2024-03-01,SHIRT,INDIA,1592,1780.1729,1695.9476
2024-04-01,SHIRT,INDIA,1842,2101.636,1767.7592
2024-05-01,SHIRT,INDIA,2180,2226.186,2004.258
2024-06-01,SHIRT,INDIA,2216,2594.3792,2418.48
2024-07-01,SHIRT,INDIA,1808,2042.0792,1663.1145
2024-08-01,SHIRT,INDIA,1869,1924.9878,1668.1443
2024-09-01,SHIRT,INDIA,2111,2039.1742,1757.7828
2024-10-01,SHIRT,INDIA,1589,1764.122,1530.8441
2024-11-01,SHIRT,INDIA,1398,1569.6995,1468.137
2024-12-01,SHIRT,INDIA,1480,1608.6428,1470.6582
2024-01-01,SNEAKERS,INDIA,783,886.62885,917.41644
2024-02-01,SNEAKERS,INDIA,910,778.0501,849.34705
2024-03-01,SNEAKERS,INDIA,942,871.72644,930.4077
2024-04-01,SNEAKERS,INDIA,838,862.50006,912.82697
2024-05-01,SNEAKERS,INDIA,966,836.5098,851.5606
2024-06-01,SNEAKERS,INDIA,811,857.97815,931.7437
2024-07-01,SNEAKERS,INDIA,1020,967.8152,1042.771
2024-08-01,SNEAKERS,INDIA,1253,1069.7073,1119.7249
2024-09-01,SNEAKERS,INDIA,1487,1334.0759,1350.537
2024-10-01,SNEAKERS,INDIA,973,1059.5331,1107.7544
2024-11-01,SNEAKERS,INDIA,1088,992.8659,1035.5133
2024-12-01,SNEAKERS,INDIA,1033,990.8571,1087.0415
2024-01-01,SWEATER,INDIA,307,357.4905,365.69434
2024-02-01,SWEATER,INDIA,215,265.22595,228.82109
2024-03-01,SWEATER,INDIA,207,237.98706,201.02165
2024-04-01,SWEATER,INDIA,246,256.5028,251.13603
2024-05-01,SWEATER,INDIA,326,351.553,380.6139
2024-06-01,SWEATER,INDIA,427,358.9281,369.514
2024-07-01,SWEATER,INDIA,1212,1288.3074,1289.2533
2024-08-01,SWEATER,INDIA,1705,1581.3899,1704.7311
2024-09-01,SWEATER,INDIA,2252,2211.7197,2215.2922
2024-10-01,SWEATER,INDIA,2952,2468.799,2653.7612
2024-11-01,SWEATER,INDIA,3231,2903.5903,2909.9004
2024-12-01,SWEATER,INDIA,2412,2690.4253,2857.5813
2024-01-01,TOP,INDIA,263,282.27997,302.44257
2024-02-01,TOP,INDIA,269,248.0592,247.60074
2024-03-01,TOP,INDIA,272,247.29332,268.47693
2024-04-01,TOP,INDIA,260,222.47986,244.43887
2024-05-01,TOP,INDIA,247,231.5255,249.24452
2024-06-01,TOP,INDIA,238,214.44958,228.80608
2024-07-01,TOP,INDIA,320,337.00848,353.55093
2024-08-01,TOP,INDIA,430,405.30957,437.58047
2024-09-01,TOP,INDIA,621,509.3827,539.3202
2024-10-01,TOP,INDIA,492,615.2779,582.56116
2024-11-01,TOP,INDIA,542,472.88333,526.4256
2024-12-01,TOP,INDIA,574,523.8828,511.28815
2024-01-01,VEST,INDIA,45,71.503555,53.257347
2024-02-01,VEST,INDIA,41,40.037415,39.749195
2024-03-01,VEST,INDIA,40,33.877087,36.460434
2024-04-01,VEST,INDIA,28,29.655,28.163944
2024-05-01,VEST,INDIA,28,25.409363,25.805079
2024-06-01,VEST,INDIA,25,22.893236,23.482958
2024-07-01,VEST,INDIA,50,32.018543,34.50826
2024-08-01,VEST,INDIA,65,54.417397,51.68934
2024-09-01,VEST,INDIA,108,70.92002,73.034454
2024-10-01,VEST,INDIA,134,105.82665,102.54769
2024-11-01,VEST,INDIA,143,135.94534,121.98985
2024-12-01,VEST,INDIA,129,134.79321,120.86398
2024-01-01,BOOTS,INDONESIA,160,178.71313,165.50717
2024-02-01,BOOTS,INDONESIA,153,144.03235,153.27347
2024-03-01,BOOTS,INDONESIA,170,142.39401,137.10954
2024-04-01,BOOTS,INDONESIA,81,103.78781,100.82477
2024-05-01,BOOTS,INDONESIA,84,82.36275,76.04138
2024-06-01,BOOTS,INDONESIA,84,84.78492,78.3034
2024-07-01,BOOTS,INDONESIA,149,145.23448,146.85675
2024-08-01,BOOTS,INDONESIA,228,186.66478,190.06052
2024-09-01,BOOTS,INDONESIA,301,260.868,260.39444
2024-10-01,BOOTS,INDONESIA,413,324.0898,313.48743
2024-11-01,BOOTS,INDONESIA,362,386.47025,394.1563
2024-12-01,BOOTS,INDONESIA,358,322.98132,318.7944
2024-01-01,CARDIGAN,INDONESIA,41,60.767616,55.413967
2024-02-01,CARDIGAN,INDONESIA,30,33.45618,37.463837
2024-03-01,CARDIGAN,INDONESIA,24,23.27527,24.44883
2024-04-01,CARDIGAN,INDONESIA,25,26.312454,25.437265
2024-05-01,CARDIGAN,INDONESIA,33,31.713894,30.896294
2024-06-01,CARDIGAN,INDONESIA,38,31.365242,34.45545
2024-07-01,CARDIGAN,INDONESIA,61,58.19484,54.967876
2024-08-01,CARDIGAN,INDONESIA,109,100.14892,97.52315
2024-09-01,CARDIGAN,INDONESIA,143,143.45349,141.44266
2024-10-01,CARDIGAN,INDONESIA,195,176.40189,174.75438
2024-11-01,CARDIGAN,INDONESIA,252,195.3584,202.8869
2024-12-01,CARDIGAN,INDONESIA,204,215.55124,218.69612
2024-01-01,JACKET,INDONESIA,2633,2609.636,2726.6177
2024-02-01,JACKET,INDONESIA,2329,2415.7346,2574.3596
2024-03-01,JACKET,INDONESIA,2039,2136.279,2166.0764
2024-04-01,JACKET,INDONESIA,891,1265.7452,1351.8652
2024-05-01,JACKET,INDONESIA,581,823.08484,829.64404
2024-06-01,JACKET,INDONESIA,603,603.3712,589.30707
2024-07-01,JACKET,INDONESIA,1469,1832.9316,1903.1504
2024-08-01,JACKET,INDONESIA,2051,2341.077,2580.0469
2024-09-01,JACKET,INDONESIA,2952,2754.495,2958.755
2024-10-01,JACKET,INDONESIA,3569,3076.8665,3354.6782
2024-11-01,JACKET,INDONESIA,3464,3691.9785,3794.167
2024-12-01,JACKET,INDONESIA,2551,3268.9946,3215.4531
2024-01-01,JEANS,INDONESIA,127,126.38697,118.08507
2024-02-01,JEANS,INDONESIA,120,115.317535,120.50743
2024-03-01,JEANS,INDONESIA,136,100.71839,103.38755
2024-04-01,JEANS,INDONESIA,79,71.95446,58.85153
2024-05-01,JEANS,INDONESIA,80,65.202705,65.22184
2024-06-01,JEANS,INDONESIA,72,72.738335,71.300415
2024-07-01,JEANS,INDONESIA,190,136.76627,137.04785
2024-08-01,JEANS,INDONESIA,235,212.7816,229.75998
2024-09-01,JEANS,INDONESIA,351,254.36165,267.3076
2024-10-01,JEANS,INDONESIA,384,296.15402,313.20264
2024-11-01,JEANS,INDONESIA,386,320.7659,331.9326
2024-12-01,JEANS,INDONESIA,295,257.87875,237.13174
2024-01-01,SANDALS,INDONESIA,13,12.774265,12.4522915
2024-02-01,SANDALS,INDONESIA,14,16.555607,18.603844
2024-03-01,SANDALS,INDONESIA,38,34.447536,32.059128
2024-04-01,SANDALS,INDONESIA,506,555.85065,599.08075
2024-05-01,SANDALS,INDONESIA,721,749.69385,707.8206
2024-06-01,SANDALS,INDONESIA,819,748.7784,911.4789
2024-07-01,SANDALS,INDONESIA,143,219.95187,180.35097
2024-08-01,SANDALS,INDONESIA,79,101.529915,115.67316
2024-09-01,SANDALS,INDONESIA,31,49.9735,42.179478
2024-10-01,SANDALS,INDONESIA,9,11.711668,10.31277
2024-11-01,SANDALS,INDONESIA,9,7.437793,6.692896
2024-12-01,SANDALS,INDONESIA,8,7.2477703,7.198971
2024-01-01,SHIRT,INDONESIA,1236,1283.0892,1244.1649
2024-02-01,SHIRT,INDONESIA,1252,1397.4586,1327.9436
2024-03-01,SHIRT,INDONESIA,1199,1441.8188,1321.6545
2024-04-01,SHIRT,INDONESIA,1362,1330.1228,1367.8202
2024-05-01,SHIRT,INDONESIA,1525,1667.8458,1558.0172
2024-06-01,SHIRT,INDONESIA,1526,1881.697,1665.4539
2024-07-01,SHIRT,INDONESIA,1157,1601.1362,1398.5073
2024-08-01,SHIRT,INDONESIA,1097,1315.3702,1236.3102
2024-09-01,SHIRT,INDONESIA,1329,1468.7367,1315.214
2024-10-01,SHIRT,INDONESIA,975,1235.4739,1115.5663
2024-11-01,SHIRT,INDONESIA,976,1030.6604,1023.52014
2024-12-01,SHIRT,INDONESIA,1062,1162.4955,1103.9539
2024-01-01,SNEAKERS,INDONESIA,708,712.7994,669.7405
2024-02-01,SNEAKERS,INDONESIA,750,641.0709,648.76587
2024-03-01,SNEAKERS,INDONESIA,746,665.90643,676.78125
2024-04-01,SNEAKERS,INDONESIA,737,629.2848,624.40283
2024-05-01,SNEAKERS,INDONESIA,693,637.0362,641.9147
2024-06-01,SNEAKERS,INDONESIA,536,554.4065,595.907
2024-07-01,SNEAKERS,INDONESIA,706,622.10095,671.88104
2024-08-01,SNEAKERS,INDONESIA,924,770.793,778.62274
2024-09-01,SNEAKERS,INDONESIA,1130,1023.08057,945.7905
2024-10-01,SNEAKERS,INDONESIA,832,846.3397,866.294
2024-11-01,SNEAKERS,INDONESIA,860,750.99756,759.6896
2024-12-01,SNEAKERS,INDONESIA,828,761.47375,823.32965
2024-01-01,SWEATER,INDONESIA,211,248.41563,247.12335
2024-02-01,SWEATER,INDONESIA,145,189.61134,157.44972
2024-03-01,SWEATER,INDONESIA,142,151.97112,137.7278
2024-04-01,SWEATER,INDONESIA,185,181.56314,176.13748
2024-05-01,SWEATER,INDONESIA,233,226.82481,235.21439
2024-06-01,SWEATER,INDONESIA,277,263.24915,263.11398
2024-07-01,SWEATER,INDONESIA,902,831.55414,856.44275
2024-08-01,SWEATER,INDONESIA,1281,1263.5267,1228.9854
2024-09-01,SWEATER,INDONESIA,1576,1663.9868,1782.078
2024-10-01,SWEATER,INDONESIA,1887,1784.4884,1806.751
2024-11-01,SWEATER,INDONESIA,1977,1942.9446,1875.1378
2024-12-01,SWEATER,INDONESIA,1755,1759.1127,1750.5635
2024-01-01,TOP,INDONESIA,197,170.82242,178.46985
2024-02-01,TOP,INDONESIA,186,185.07388,179.79846
2024-03-01,TOP,INDONESIA,181,170.05023,180.42415
2024-04-01,TOP,INDONESIA,178,175.67908,166.67426
2024-05-01,TOP,INDONESIA,174,156.75035,171.63809
2024-06-01,TOP,INDONESIA,179,139.41335,154.34642
2024-07-01,TOP,INDONESIA,233,222.09583,248.06622
2024-08-01,TOP,INDONESIA,315,304.85617,326.17865
2024-09-01,TOP,INDONESIA,497,361.36224,412.59375
2024-10-01,TOP,INDONESIA,362,485.18454,470.4249
2024-11-01,TOP,INDONESIA,380,369.29782,386.74823
2024-12-01,TOP,INDONESIA,398,348.08676,373.3781
2024-01-01,VEST,INDONESIA,32,46.72416,40.714916
2024-02-01,VEST,INDONESIA,28,28.664576,30.2369
2024-03-01,VEST,INDONESIA,26,27.715967,26.84465
2024-04-01,VEST,INDONESIA,19,17.911026,17.675459
2024-05-01,VEST,INDONESIA,17,17.201305,16.57263
2024-06-01,VEST,INDONESIA,17,15.426863,14.925817
2024-07-01,VEST,INDONESIA,34,23.997028,25.708477
2024-08-01,VEST,INDONESIA,51,36.357162,34.722324
2024-09-01,VEST,INDONESIA,71,52.359737,53.759724
2024-10-01,VEST,INDONESIA,87,69.28214,60.635426
2024-11-01,VEST,INDONESIA,101,80.40576,74.0458
2024-12-01,VEST,INDONESIA,101,88.853355,68.40274
2024-01-01,BOOTS,JAPAN,153,180.3067,162.0585
2024-02-01,BOOTS,JAPAN,157,144.0845,145.26015
2024-03-01,BOOTS,JAPAN,186,144.58098,149.9423
2024-04-01,BOOTS,JAPAN,103,104.26302,109.42675
2024-05-01,BOOTS,JAPAN,102,93.274506,92.74563
2024-06-01,BOOTS,JAPAN,86,92.4832,95.13266
2024-07-01,BOOTS,JAPAN,168,137.18042,148.45633
2024-08-01,BOOTS,JAPAN,234,218.64647,224.22566
2024-09-01,BOOTS,JAPAN,300,285.59842,286.99274
2024-10-01,BOOTS,JAPAN,422,349.6058,321.55948
2024-11-01,BOOTS,JAPAN,375,398.99945,396.63696
2024-12-01,BOOTS,JAPAN,350,312.609,306.5607
2024-01-01,CARDIGAN,JAPAN,45,58.171333,57.06926
2024-02-01,CARDIGAN,JAPAN,31,38.198006,38.307602
2024-03-01,CARDIGAN,JAPAN,24,25.07303,26.146072
2024-04-01,CARDIGAN,JAPAN,25,25.459745,24.615953
2024-05-01,CARDIGAN,JAPAN,32,33.812096,34.892906
2024-06-01,CARDIGAN,JAPAN,40,32.96467,34.051277
2024-07-01,CARDIGAN,JAPAN,71,56.344643,52.4879
2024-08-01,CARDIGAN,JAPAN,114,95.52659,99.7614
2024-09-01,CARDIGAN,JAPAN,154,149.62552,151.23102
2024-10-01,CARDIGAN,JAPAN,222,206.80305,193.49533
2024-11-01,CARDIGAN,JAPAN,242,229.47769,238.74391
2024-12-01,CARDIGAN,JAPAN,183,220.38722,225.01295
2024-01-01,JACKET,JAPAN,2580,2505.208,2669.3137
2024-02-01,JACKET,JAPAN,2333,2328.2456,2390.7175
2024-03-01,JACKET,JAPAN,2089,2076.8533,2159.1196
2024-04-01,JACKET,JAPAN,896,1062.8435,1142.1442
2024-05-01,JACKET,JAPAN,565,811.0567,810.19635
2024-06-01,JACKET,JAPAN,570,592.089,570.761
2024-07-01,JACKET,JAPAN,1398,1713.3884,1744.8733
2024-08-01,JACKET,JAPAN,2147,2257.0657,2194.2659
2024-09-01,JACKET,JAPAN,3106,2826.5002,3054.4934
2024-10-01,JACKET,JAPAN,3418,3500.5505,3436.5498
2024-11-01,JACKET,JAPAN,3363,3636.08,3779.418
2024-12-01,JACKET,JAPAN,3017,3149.6968,3115.8215
2024-01-01,JEANS,JAPAN,125,141.50612,139.5419
2024-02-01,JEANS,JAPAN,117,110.47145,121.01313
2024-03-01,JEANS,JAPAN,131,115.47861,104.08338
2024-04-01,JEANS,JAPAN,68,70.19902,63.47367
2024-05-01,JEANS,JAPAN,73,60.551105,58.830643
2024-06-01,JEANS,JAPAN,75,59.264313,64.16241
2024-07-01,JEANS,JAPAN,226,173.35388,168.73578
2024-08-01,JEANS,JAPAN,250,262.14075,252.04164
2024-09-01,JEANS,JAPAN,330,291.48862,300.6262
2024-10-01,JEANS,JAPAN,397,319.43137,307.74945
2024-11-01,JEANS,JAPAN,399,358.73337,357.36182
2024-12-01,JEANS,JAPAN,323,292.35965,283.77628
2024-01-01,SANDALS,JAPAN,11,12.838103,11.529638
2024-02-01,SANDALS,JAPAN,11,13.75995,15.35899
2024-03-01,SANDALS,JAPAN,34,35.837193,28.079744
2024-04-01,SANDALS,JAPAN,504,541.3046,550.8684
2024-05-01,SANDALS,JAPAN,670,770.884,718.9599
2024-06-01,SANDALS,JAPAN,794,770.42145,846.84894
2024-07-01,SANDALS,JAPAN,134,185.34772,166.06093
2024-08-01,SANDALS,JAPAN,78,85.54106,109.40653
2024-09-01,SANDALS,JAPAN,28,49.988693,44.066925
2024-10-01,SANDALS,JAPAN,9,10.672404,9.248788
2024-11-01,SANDALS,JAPAN,10,7.6790667,6.331594
2024-12-01,SANDALS,JAPAN,8,8.1240425,7.910591
2024-01-01,SHIRT,JAPAN,1155,1234.0562,1133.1351
2024-02-01,SHIRT,JAPAN,1232,1299.2817,1181.112
2024-03-01,SHIRT,JAPAN,1314,1366.1953,1266.5271
2024-04-01,SHIRT,JAPAN,1424,1515.4672,1359.1025
2024-05-01,SHIRT,JAPAN,1477,1608.0887,1509.5643
2024-06-01,SHIRT,JAPAN,1455,1681.2058,1574.1426
2024-07-01,SHIRT,JAPAN,1146,1481.1592,1345.033
2024-08-01,SHIRT,JAPAN,1223,1200.0059,1133.7642
2024-09-01,SHIRT,JAPAN,1411,1367.3262,1276.8041
2024-10-01,SHIRT,JAPAN,996,1138.8994,1009.1401
2024-11-01,SHIRT,JAPAN,1004,985.7148,995.2943
2024-12-01,SHIRT,JAPAN,1012,1139.4714,1105.2565
2024-01-01,SNEAKERS,JAPAN,718,711.12604,688.00745
2024-02-01,SNEAKERS,JAPAN,688,727.034,716.71716
2024-03-01,SNEAKERS,JAPAN,786,698.21265,687.1587
2024-04-01,SNEAKERS,JAPAN,656,621.47437,661.52924
2024-05-01,SNEAKERS,JAPAN,592,683.5077,660.88666
2024-06-01,SNEAKERS,JAPAN,521,566.1003,560.338
2024-07-01,SNEAKERS,JAPAN,701,711.7457,747.90796
2024-08-01,SNEAKERS,JAPAN,802,790.82825,814.76306
2024-09-01,SNEAKERS,JAPAN,1107,871.6911,878.66907
2024-10-01,SNEAKERS,JAPAN,779,881.6296,857.4356
2024-11-01,SNEAKERS,JAPAN,852,762.1259,759.50024
2024-12-01,SNEAKERS,JAPAN,689,764.0752,771.1457
2024-01-01,SWEATER,JAPAN,201,287.34644,260.52408
2024-02-01,SWEATER,JAPAN,133,175.15399,150.65704
2024-03-01,SWEATER,JAPAN,127,142.52632,124.81279
2024-04-01,SWEATER,JAPAN,187,154.28925,145.1396
2024-05-01,SWEATER,JAPAN,258,257.22125,234.01001
2024-06-01,SWEATER,JAPAN,294,300.7217,280.6399
2024-07-01,SWEATER,JAPAN,903,822.64166,879.04
2024-08-01,SWEATER,JAPAN,1254,1210.302,1166.2441
2024-09-01,SWEATER,JAPAN,1411,1628.0968,1654.0844
2024-10-01,SWEATER,JAPAN,2098,1667.3374,1649.725
2024-11-01,SWEATER,JAPAN,2049,1885.8724,2017.16
2024-12-01,SWEATER,JAPAN,1957,1804.3054,1797.2192
2024-01-01,TOP,JAPAN,184,190.9191,190.53502
2024-02-01,TOP,JAPAN,183,179.2938,172.89664
2024-03-01,TOP,JAPAN,199,192.36319,187.79596
2024-04-01,TOP,JAPAN,183,189.3248,186.86363
2024-05-01,TOP,JAPAN,197,187.74007,181.18016
2024-06-01,TOP,JAPAN,175,152.04495,171.53233
2024-07-01,TOP,JAPAN,239,222.2778,225.49023
2024-08-01,TOP,JAPAN,323,281.65662,290.22678
2024-09-01,TOP,JAPAN,481,377.1139,394.18835
2024-10-01,TOP,JAPAN,364,411.33722,414.32538
2024-11-01,TOP,JAPAN,400,350.14,379.2775
2024-12-01,TOP,JAPAN,366,349.16455,369.85425
2024-01-01,VEST,JAPAN,30,37.715656,32.06482
2024-02-01,VEST,JAPAN,29,27.586187,28.11062
2024-03-01,VEST,JAPAN,30,28.677628,27.20947
2024-04-01,VEST,JAPAN,20,21.65209,21.139256
2024-05-01,VEST,JAPAN,19,18.139072,16.920218
2024-06-01,VEST,JAPAN,18,16.546171,15.714121
2024-07-01,VEST,JAPAN,33,22.62128,23.864449
2024-08-01,VEST,JAPAN,44,32.811268,33.344643
2024-09-01,VEST,JAPAN,65,48.051132,48.497906
2024-10-01,VEST,JAPAN,87,69.49151,57.607925
2024-11-01,VEST,JAPAN,95,84.28753,70.98751
2024-12-01,VEST,JAPAN,91,93.256256,71.99636
2024-01-01,BOOTS,MEXICO,119,166.41333,156.12807
2024-02-01,BOOTS,MEXICO,138,113.552155,117.021904
2024-03-01,BOOTS,MEXICO,151,131.94543,126.59458
2024-04-01,BOOTS,MEXICO,85,98.05346,91.400955
2024-05-01,BOOTS,MEXICO,83,76.30888,76.63837
2024-06-01,BOOTS,MEXICO,75,77.25591,79.90266
2024-07-01,BOOTS,MEXICO,125,118.05543,113.75575
2024-08-01,BOOTS,MEXICO,199,150.08136,161.77698
2024-09-01,BOOTS,MEXICO,265,228.18495,217.3724
2024-10-01,BOOTS,MEXICO,349,274.2783,276.79898
2024-11-01,BOOTS,MEXICO,323,331.3058,323.5748
2024-12-01,BOOTS,MEXICO,312,276.92102,264.86667
2024-01-01,CARDIGAN,MEXICO,45,46.626213,49.31859
2024-02-01,CARDIGAN,MEXICO,30,40.99824,38.88406
2024-03-01,CARDIGAN,MEXICO,23,23.2108,22.979628
2024-04-01,CARDIGAN,MEXICO,23,23.855528,23.668827
2024-05-01,CARDIGAN,MEXICO,29,28.73884,30.420181
2024-06-01,CARDIGAN,MEXICO,32,28.089508,30.571445
2024-07-01,CARDIGAN,MEXICO,53,36.95633,42.568314
2024-08-01,CARDIGAN,MEXICO,89,73.202614,79.101654
2024-09-01,CARDIGAN,MEXICO,121,113.978294,123.64141
2024-10-01,CARDIGAN,MEXICO,154,152.4192,158.71127
2024-11-01,CARDIGAN,MEXICO,197,159.40678,155.46533
2024-12-01,CARDIGAN,MEXICO,161,192.3442,188.24644
2024-01-01,JACKET,MEXICO,2204,2421.9368,2583.5237
2024-02-01,JACKET,MEXICO,1925,2089.5671,2133.8252
2024-03-01,JACKET,MEXICO,1804,1783.2806,1867.9839
2024-04-01,JACKET,MEXICO,827,1023.93994,973.3189
2024-05-01,JACKET,MEXICO,514,733.031,677.38007
2024-06-01,JACKET,MEXICO,483,553.0992,528.853
2024-07-01,JACKET,MEXICO,1155,1397.018,1433.5714
2024-08-01,JACKET,MEXICO,1660,1925.8118,1913.4116
2024-09-01,JACKET,MEXICO,2643,2609.203,2670.53
2024-10-01,JACKET,MEXICO,3345,2863.1292,3003.5442
2024-11-01,JACKET,MEXICO,3413,3750.8928,3745.233
2024-12-01,JACKET,MEXICO,2686,3306.4644,3168.209
2024-01-01,JEANS,MEXICO,108,128.94641,117.33431
2024-02-01,JEANS,MEXICO,97,107.80249,107.57476
2024-03-01,JEANS,MEXICO,120,85.72365,98.250946
2024-04-01,JEANS,MEXICO,59,76.89308,69.72985
2024-05-01,JEANS,MEXICO,63,56.18163,56.678936
2024-06-01,JEANS,MEXICO,55,58.210594,55.36492
2024-07-01,JEANS,MEXICO,177,130.93947,128.24553
2024-08-01,JEANS,MEXICO,194,206.70885,212.98486
2024-09-01,JEANS,MEXICO,243,234.64749,233.53802
2024-10-01,JEANS,MEXICO,280,223.8845,232.79517
2024-11-01,JEANS,MEXICO,307,246.44139,258.75284
2024-12-01,JEANS,MEXICO,231,240.93439,230.87943
2024-01-01,SANDALS,MEXICO,10,10.893519,10.807453
2024-02-01,SANDALS,MEXICO,10,13.480189,13.499366
2024-03-01,SANDALS,MEXICO,29,36.694546,27.359365
2024-04-01,SANDALS,MEXICO,411,468.99246,433.16238
2024-05-01,SANDALS,MEXICO,634,599.0101,562.5922
2024-06-01,SANDALS,MEXICO,672,609.88043,673.80927
2024-07-01,SANDALS,MEXICO,126,138.54271,131.16124
2024-08-01,SANDALS,MEXICO,69,83.67496,79.154686
2024-09-01,SANDALS,MEXICO,26,32.175465,28.610859
2024-10-01,SANDALS,MEXICO,8,8.720399,7.688143
2024-11-01,SANDALS,MEXICO,8,6.598271,5.709947
2024-12-01,SANDALS,MEXICO,7,5.875731,5.7986865
2024-01-01,SHIRT,MEXICO,913,1050.4498,973.39
2024-02-01,SHIRT,MEXICO,1060,1022.3713,979.33386
2024-03-01,SHIRT,MEXICO,1053,1091.324,1034.3333
2024-04-01,SHIRT,MEXICO,1291,1215.2098,1129.0039
2024-05-01,SHIRT,MEXICO,1333,1557.0155,1399.9589
2024-06-01,SHIRT,MEXICO,1365,1571.9614,1366.7208
2024-07-01,SHIRT,MEXICO,1048,1121.0477,1038.5813
2024-08-01,SHIRT,MEXICO,1030,1175.012,1075.2344
2024-09-01,SHIRT,MEXICO,1320,1267.1709,1163.1681
2024-10-01,SHIRT,MEXICO,943,1001.09656,958.58405
2024-11-01,SHIRT,MEXICO,861,908.6139,918.1612
2024-12-01,SHIRT,MEXICO,903,926.8579,920.47833
2024-01-01,SNEAKERS,MEXICO,535,576.4622,567.8368
2024-02-01,SNEAKERS,MEXICO,526,537.13544,552.037
2024-03-01,SNEAKERS,MEXICO,717,551.7196,536.8455
2024-04-01,SNEAKERS,MEXICO,638,594.4651,569.31616
2024-05-01,SNEAKERS,MEXICO,620,584.0149,588.7669
2024-06-01,SNEAKERS,MEXICO,516,488.5902,503.2805
2024-07-01,SNEAKERS,MEXICO,660,600.57196,611.3658
2024-08-01,SNEAKERS,MEXICO,853,683.1269,658.14307
2024-09-01,SNEAKERS,MEXICO,944,913.21094,883.3813
2024-10-01,SNEAKERS,MEXICO,654,726.3955,723.65295
2024-11-01,SNEAKERS,MEXICO,673,674.68054,644.9125
2024-12-01,SNEAKERS,MEXICO,638,616.1042,633.9305
2024-01-01,SWEATER,MEXICO,181,239.23267,211.06232
2024-02-01,SWEATER,MEXICO,114,165.9059,136.8243
2024-03-01,SWEATER,MEXICO,129,117.24463,107.6151
2024-04-01,SWEATER,MEXICO,180,152.10458,153.78485
2024-05-01,SWEATER,MEXICO,213,219.67654,210.9971
2024-06-01,SWEATER,MEXICO,264,246.83638,218.72734
2024-07-01,SWEATER,MEXICO,745,795.11926,810.2501
2024-08-01,SWEATER,MEXICO,963,989.32544,990.3323
2024-09-01,SWEATER,MEXICO,1200,1261.3333,1327.7396
2024-10-01,SWEATER,MEXICO,1374,1372.4119,1360.68
2024-11-01,SWEATER,MEXICO,1697,1350.5963,1384.0637
2024-12-01,SWEATER,MEXICO,1530,1469.0038,1518.347
2024-01-01,TOP,MEXICO,193,155.51683,162.10143
2024-02-01,TOP,MEXICO,170,169.89778,175.06297
2024-03-01,TOP,MEXICO,168,148.14337,179.90625
2024-04-01,TOP,MEXICO,167,151.41754,172.29956
2024-05-01,TOP,MEXICO,172,146.47716,156.48294
2024-06-01,TOP,MEXICO,152,125.861115,158.60255
2024-07-01,TOP,MEXICO,199,175.23372,204.36914
2024-08-01,TOP,MEXICO,274,250.3843,249.6851
2024-09-01,TOP,MEXICO,393,336.51773,335.98914
2024-10-01,TOP,MEXICO,302,344.4771,346.9907
2024-11-01,TOP,MEXICO,313,308.88486,314.68338
2024-12-01,TOP,MEXICO,327,311.85562,336.73782
2024-01-01,VEST,MEXICO,30,35.391582,31.250534
2024-02-01,VEST,MEXICO,29,24.635878,26.554304
2024-03-01,VEST,MEXICO,26,23.285955,25.083612
2024-04-01,VEST,MEXICO,17,15.852209,16.282537
2024-05-01,VEST,MEXICO,15,15.556637,15.34107
2024-06-01,VEST,MEXICO,14,12.190465,12.638962
2024-07-01,VEST,MEXICO,31,17.64822,19.298489
2024-08-01,VEST,MEXICO,41,28.460634,31.162247
2024-09-01,VEST,MEXICO,58,45.86088,47.36602
2024-10-01,VEST,MEXICO,71,60.754955,58.758392
2024-11-01,VEST,MEXICO,82,68.74268,62.596222
2024-12-01,VEST,MEXICO,73,86.493065,67.28024
2024-01-01,BOOTS,NEW_ZEALAND,27,28.772112,29.985315
2024-02-01,BOOTS,NEW_ZEALAND,35,29.84372,32.928867
2024-03-01,BOOTS,NEW_ZEALAND,48,39.630074,36.571507
2024-04-01,BOOTS,NEW_ZEALAND,39,40.149017,38.495068
2024-05-01,BOOTS,NEW_ZEALAND,40,34.362213,36.135105
2024-06-01,BOOTS,NEW_ZEALAND,34,33.459072,34.786915
2024-07-01,BOOTS,NEW_ZEALAND,33,34.402924,31.550613
2024-08-01,BOOTS,NEW_ZEALAND,37,36.867195,37.082016
2024-09-01,BOOTS,NEW_ZEALAND,43,41.969524,40.715923
2024-10-01,BOOTS,NEW_ZEALAND,39,37.37755,34.686913
2024-11-01,BOOTS,NEW_ZEALAND,33,34.74596,35.91421
2024-12-01,BOOTS,NEW_ZEALAND,33,30.547255,29.726313
2024-01-01,CARDIGAN,NEW_ZEALAND,9,10.962799,11.586351
2024-02-01,CARDIGAN,NEW_ZEALAND,9,8.552162,9.86037
2024-03-01,CARDIGAN,NEW_ZEALAND,12,11.290396,11.005798
2024-04-01,CARDIGAN,NEW_ZEALAND,14,16.107649,14.674772
2024-05-01,CARDIGAN,NEW_ZEALAND,18,17.739567,17.912863
2024-06-01,CARDIGAN,NEW_ZEALAND,19,18.216162,17.88474
2024-07-01,CARDIGAN,NEW_ZEALAND,12,10.976826,10.793858
2024-08-01,CARDIGAN,NEW_ZEALAND,12,11.754831,10.806008
2024-09-01,CARDIGAN,NEW_ZEALAND,12,11.777357,11.468156
2024-10-01,CARDIGAN,NEW_ZEALAND,16,11.401243,12.324089
2024-11-01,CARDIGAN,NEW_ZEALAND,20,16.217758,17.227213
2024-12-01,CARDIGAN,NEW_ZEALAND,19,18.392529,19.8892
2024-01-01,JACKET,NEW_ZEALAND,408,367.05862,351.2408
2024-02-01,JACKET,NEW_ZEALAND,496,489.2616,450.94077
2024-03-01,JACKET,NEW_ZEALAND,531,575.4932,531.13385
2024-04-01,JACKET,NEW_ZEALAND,372,568.54004,474.7848
2024-05-01,JACKET,NEW_ZEALAND,345,374.4821,378.7082
2024-06-01,JACKET,NEW_ZEALAND,300,324.10562,322.4596
2024-07-01,JACKET,NEW_ZEALAND,367,391.3404,390.8186
2024-08-01,JACKET,NEW_ZEALAND,459,498.14676,471.1173
2024-09-01,JACKET,NEW_ZEALAND,528,517.208,545.5491
2024-10-01,JACKET,NEW_ZEALAND,336,450.1028,400.27292
2024-11-01,JACKET,NEW_ZEALAND,283,339.41156,320.0312
2024-12-01,JACKET,NEW_ZEALAND,192,265.57056,251.15924
2024-01-01,JEANS,NEW_ZEALAND,31,28.54615,31.435879
2024-02-01,JEANS,NEW_ZEALAND,34,31.36966,36.14426
2024-03-01,JEANS,NEW_ZEALAND,46,39.084747,38.2786
2024-04-01,JEANS,NEW_ZEALAND,33,34.7909,33.083622
2024-05-01,JEANS,NEW_ZEALAND,31,29.187618,29.21985
2024-06-01,JEANS,NEW_ZEALAND,33,23.096382,25.428026
2024-07-01,JEANS,NEW_ZEALAND,35,30.09162,28.810232
2024-08-01,JEANS,NEW_ZEALAND,41,32.048733,34.586884
2024-09-01,JEANS,NEW_ZEALAND,46,44.810505,44.386852
2024-10-01,JEANS,NEW_ZEALAND,37,37.24916,34.496258
2024-11-01,JEANS,NEW_ZEALAND,36,31.904675,33.455803
2024-12-01,JEANS,NEW_ZEALAND,34,25.933548,30.521181
2024-01-01,SANDALS,NEW_ZEALAND,9,8.777853,10.761818
2024-02-01,SANDALS,NEW_ZEALAND,5,7.0749836,8.741212
2024-03-01,SANDALS,NEW_ZEALAND,7,8.330059,7.155303
2024-04-01,SANDALS,NEW_ZEALAND,12,13.483901,13.033824
2024-05-01,SANDALS,NEW_ZEALAND,15,15.509016,15.018299
2024-06-01,SANDALS,NEW_ZEALAND,16,14.144332,15.556217
2024-07-01,SANDALS,NEW_ZEALAND,8,6.1139193,8.819687
2024-08-01,SANDALS,NEW_ZEALAND,6,6.4707446,7.17185
2024-09-01,SANDALS,NEW_ZEALAND,5,5.8766613,5.556671
2024-10-01,SANDALS,NEW_ZEALAND,14,15.428286,13.483352
2024-11-01,SANDALS,NEW_ZEALAND,21,14.908102,16.368723
2024-12-01,SANDALS,NEW_ZEALAND,22,17.589119,21.309916
2024-01-01,SHIRT,NEW_ZEALAND,232,250.497,223.3126
2024-02-01,SHIRT,NEW_ZEALAND,236,264.17032,237.23102
2024-03-01,SHIRT,NEW_ZEALAND,246,275.84412,243.57411
2024-04-01,SHIRT,NEW_ZEALAND,220,254.44725,238.84373
2024-05-01,SHIRT,NEW_ZEALAND,265,242.30136,238.29837
2024-06-01,SHIRT,NEW_ZEALAND,283,279.9447,272.02252
2024-07-01,SHIRT,NEW_ZEALAND,280,238.28537,245.30435
2024-08-01,SHIRT,NEW_ZEALAND,263,247.86832,252.30795
2024-09-01,SHIRT,NEW_ZEALAND,256,276.80164,269.9087
2024-10-01,SHIRT,NEW_ZEALAND,255,231.3517,229.12408
2024-11-01,SHIRT,NEW_ZEALAND,262,254.25768,257.648
2024-12-01,SHIRT,NEW_ZEALAND,254,288.25037,269.57782
2024-01-01,SNEAKERS,NEW_ZEALAND,144,108.55444,115.26879
2024-02-01,SNEAKERS,NEW_ZEALAND,157,149.37283,148.43866
2024-03-01,SNEAKERS,NEW_ZEALAND,198,167.70303,166.75822
2024-04-01,SNEAKERS,NEW_ZEALAND,166,152.70242,152.82576
2024-05-01,SNEAKERS,NEW_ZEALAND,166,145.98466,162.0795
2024-06-01,SNEAKERS,NEW_ZEALAND,111,135.75075,153.24457
2024-07-01,SNEAKERS,NEW_ZEALAND,123,132.4778,126.45484
2024-08-01,SNEAKERS,NEW_ZEALAND,162,136.05215,132.25345
2024-09-01,SNEAKERS,NEW_ZEALAND,200,168.6861,174.61682
2024-10-01,SNEAKERS,NEW_ZEALAND,165,165.18608,169.63257
2024-11-01,SNEAKERS,NEW_ZEALAND,141,153.61569,162.59276
2024-12-01,SNEAKERS,NEW_ZEALAND,127,126.82989,133.92651
2024-01-01,SWEATER,NEW_ZEALAND,104,100.00062,104.049866
2024-02-01,SWEATER,NEW_ZEALAND,92,107.94764,111.47877
2024-03-01,SWEATER,NEW_ZEALAND,96,104.96848,102.8464
2024-04-01,SWEATER,NEW_ZEALAND,134,103.44511,115.50677
2024-05-01,SWEATER,NEW_ZEALAND,147,149.24318,153.39607
2024-06-01,SWEATER,NEW_ZEALAND,152,160.46935,148.01811
2024-07-01,SWEATER,NEW_ZEALAND,77,96.11286,102.487076
2024-08-01,SWEATER,NEW_ZEALAND,77,87.645294,81.12804
2024-09-01,SWEATER,NEW_ZEALAND,82,87.95224,85.434
2024-10-01,SWEATER,NEW_ZEALAND,110,116.09384,97.21038
2024-11-01,SWEATER,NEW_ZEALAND,143,126.807335,115.071754
2024-12-01,SWEATER,NEW_ZEALAND,140,150.83627,136.19926
2024-01-01,TOP,NEW_ZEALAND,49,38.14044,39.78609
2024-02-01,TOP,NEW_ZEALAND,62,54.098255,51.717422
2024-03-01,TOP,NEW_ZEALAND,63,62.042423,59.44107
2024-04-01,TOP,NEW_ZEALAND,52,53.33125,50.5286
2024-05-01,TOP,NEW_ZEALAND,60,47.679314,46.096832
2024-06-01,TOP,NEW_ZEALAND,55,51.09428,51.70409
2024-07-01,TOP,NEW_ZEALAND,42,55.15752,51.973415
2024-08-01,TOP,NEW_ZEALAND,50,43.569107,41.978283
2024-09-01,TOP,NEW_ZEALAND,67,53.008682,49.77865
2024-10-01,TOP,NEW_ZEALAND,59,55.50871,55.883003
2024-11-01,TOP,NEW_ZEALAND,53,60.923267,56.51884
2024-12-01,TOP,NEW_ZEALAND,53,51.58815,47.00284
2024-01-01,VEST,NEW_ZEALAND,6,6.804869,7.364956
2024-02-01,VEST,NEW_ZEALAND,7,6.3901854,8.257383
2024-03-01,VEST,NEW_ZEALAND,9,8.474984,9.257507
2024-04-01,VEST,NEW_ZEALAND,7,6.424339,7.0104265
2024-05-01,VEST,NEW_ZEALAND,8,8.172303,7.028843
2024-06-01,VEST,NEW_ZEALAND,8,7.79165,6.5196886
2024-07-01,VEST,NEW_ZEALAND,8,7.2278023,6.4455585
2024-08-01,VEST,NEW_ZEALAND,9,7.6092978,6.383521
2024-09-01,VEST,NEW_ZEALAND,11,8.014799,7.5164223
2024-10-01,VEST,NEW_ZEALAND,10,7.394167,7.974555
2024-11-01,VEST,NEW_ZEALAND,10,7.7793016,8.716937
2024-12-01,VEST,NEW_ZEALAND,10,7.8587255,8.225496
2024-01-01,BOOTS,PAKISTAN,67,91.87268,84.81299
2024-02-01,BOOTS,PAKISTAN,77,63.72345,66.83519
2024-03-01,BOOTS,PAKISTAN,77,80.85178,74.12657
2024-04-01,BOOTS,PAKISTAN,38,55.57641,47.19058
2024-05-01,BOOTS,PAKISTAN,40,33.363335,34.773342
2024-06-01,BOOTS,PAKISTAN,34,31.68459,35.62998
2024-07-01,BOOTS,PAKISTAN,62,56.83846,55.989944
2024-08-01,BOOTS,PAKISTAN,91,90.029335,85.495804
2024-09-01,BOOTS,PAKISTAN,127,111.98934,110.693855
2024-10-01,BOOTS,PAKISTAN,190,138.02686,136.03516
2024-11-01,BOOTS,PAKISTAN,154,190.71594,184.84804
2024-12-01,BOOTS,PAKISTAN,147,127.84125,128.8636
2024-01-01,CARDIGAN,PAKISTAN,24,23.389648,23.86169
2024-02-01,CARDIGAN,PAKISTAN,14,16.895617,18.38559
2024-03-01,CARDIGAN,PAKISTAN,11,12.629204,11.778068
2024-04-01,CARDIGAN,PAKISTAN,14,10.940385,10.952256
2024-05-01,CARDIGAN,PAKISTAN,16,16.798504,16.654993
2024-06-01,CARDIGAN,PAKISTAN,20,16.335836,16.944105
2024-07-01,CARDIGAN,PAKISTAN,30,25.394947,25.944555
2024-08-01,CARDIGAN,PAKISTAN,53,39.544,41.18834
2024-09-01,CARDIGAN,PAKISTAN,73,66.55446,70.35067
2024-10-01,CARDIGAN,PAKISTAN,96,83.88331,94.87918
2024-11-01,CARDIGAN,PAKISTAN,122,103.83424,106.568184
2024-12-01,CARDIGAN,PAKISTAN,98,106.2148,103.81485
2024-01-01,JACKET,PAKISTAN,1400,1278.9445,1327.1796
2024-02-01,JACKET,PAKISTAN,1190,1149.587,1202.4882
2024-03-01,JACKET,PAKISTAN,873,956.77423,963.0828
2024-04-01,JACKET,PAKISTAN,407,544.12616,516.9679
2024-05-01,JACKET,PAKISTAN,278,366.15396,361.27692
2024-06-01,JACKET,PAKISTAN,245,244.3909,240.71275
2024-07-01,JACKET,PAKISTAN,635,634.25635,678.72577
2024-08-01,JACKET,PAKISTAN,1025,993.8009,986.0254
2024-09-01,JACKET,PAKISTAN,1464,1411.309,1578.9185
2024-10-01,JACKET,PAKISTAN,1726,1667.2277,1697.4695
2024-11-01,JACKET,PAKISTAN,1725,1786.6079,1823.5532
2024-12-01,JACKET,PAKISTAN,1291,1485.2825,1545.5258
2024-01-01,JEANS,PAKISTAN,59,71.30804,74.912025
2024-02-01,JEANS,PAKISTAN,55,57.746143,58.27907
2024-03-01,JEANS,PAKISTAN,66,50.573547,46.367775
2024-04-01,JEANS,PAKISTAN,32,39.518528,34.05318
2024-05-01,JEANS,PAKISTAN,33,26.36512,29.398758
2024-06-01,JEANS,PAKISTAN,36,25.5513,27.437967
2024-07-01,JEANS,PAKISTAN,89,58.785583,62.313705
2024-08-01,JEANS,PAKISTAN,106,98.79451,104.020065
2024-09-01,JEANS,PAKISTAN,153,122.05637,112.278496
2024-10-01,JEANS,PAKISTAN,159,138.7658,140.63647
2024-11-01,JEANS,PAKISTAN,183,144.43492,147.32175
2024-12-01,JEANS,PAKISTAN,149,128.10065,115.19042
2024-01-01,SANDALS,PAKISTAN,5,6.2720857,6.1022673
2024-02-01,SANDALS,PAKISTAN,6,7.0286484,7.717222
2024-03-01,SANDALS,PAKISTAN,17,16.107597,15.552488
2024-04-01,SANDALS,PAKISTAN,271,264.27478,279.7816
2024-05-01,SANDALS,PAKISTAN,395,374.18927,379.7843
2024-06-01,SANDALS,PAKISTAN,429,443.95828,455.80304
2024-07-01,SANDALS,PAKISTAN,72,78.81106,84.670586
2024-08-01,SANDALS,PAKISTAN,35,51.715702,45.7382
2024-09-01,SANDALS,PAKISTAN,14,22.806135,20.19303
2024-10-01,SANDALS,PAKISTAN,4,4.0722885,4.5143733
2024-11-01,SANDALS,PAKISTAN,4,3.5385985,3.4827518
2024-12-01,SANDALS,PAKISTAN,4,3.7369766,3.880529
2024-01-01,SHIRT,PAKISTAN,569,485.09622,515.7041
2024-02-01,SHIRT,PAKISTAN,629,600.95044,595.04034
2024-03-01,SHIRT,PAKISTAN,612,643.00696,623.594
2024-04-01,SHIRT,PAKISTAN,712,620.64294,636.5624
2024-05-01,SHIRT,PAKISTAN,688,801.30286,756.914
2024-06-01,SHIRT,PAKISTAN,782,790.37683,782.47955
2024-07-01,SHIRT,PAKISTAN,601,711.7379,621.5355
2024-08-01,SHIRT,PAKISTAN,590,616.5133,581.4633
2024-09-01,SHIRT,PAKISTAN,686,624.0081,609.76886
2024-10-01,SHIRT,PAKISTAN,532,529.89325,512.27966
2024-11-01,SHIRT,PAKISTAN,534,530.092,525.20996
2024-12-01,SHIRT,PAKISTAN,608,548.6354,529.02185
2024-01-01,SNEAKERS,PAKISTAN,300,301.62512,299.11978
2024-02-01,SNEAKERS,PAKISTAN,287,282.20624,312.00873
2024-03-01,SNEAKERS,PAKISTAN,325,294.97662,293.16284
2024-04-01,SNEAKERS,PAKISTAN,311,281.08115,284.3926
2024-05-01,SNEAKERS,PAKISTAN,295,313.73407,303.94498
2024-06-01,SNEAKERS,PAKISTAN,238,246.23853,272.5687
2024-07-01,SNEAKERS,PAKISTAN,293,315.41263,317.9933
2024-08-01,SNEAKERS,PAKISTAN,359,348.50613,333.90985
2024-09-01,SNEAKERS,PAKISTAN,471,427.42422,412.9112
2024-10-01,SNEAKERS,PAKISTAN,359,406.50827,409.9585
2024-11-01,SNEAKERS,PAKISTAN,401,361.8846,347.56696
2024-12-01,SNEAKERS,PAKISTAN,408,353.5271,368.79388
2024-01-01,SWEATER,PAKISTAN,87,130.2873,118.398186
2024-02-01,SWEATER,PAKISTAN,62,70.53394,66.862816
2024-03-01,SWEATER,PAKISTAN,56,60.79316,59.065155
2024-04-01,SWEATER,PAKISTAN,76,65.868835,65.076775
2024-05-01,SWEATER,PAKISTAN,99,93.57992,99.536934
2024-06-01,SWEATER,PAKISTAN,117,106.21234,107.02571
2024-07-01,SWEATER,PAKISTAN,381,381.90768,373.30957
2024-08-01,SWEATER,PAKISTAN,509,565.1816,547.1979
2024-09-01,SWEATER,PAKISTAN,666,696.78076,727.76654
2024-10-01,SWEATER,PAKISTAN,837,856.68524,816.7158
2024-11-01,SWEATER,PAKISTAN,881,907.82007,932.2936
2024-12-01,SWEATER,PAKISTAN,822,753.30786,749.6931
2024-01-01,TOP,PAKISTAN,80,82.48141,87.803825
2024-02-01,TOP,PAKISTAN,84,83.09096,84.10289
2024-03-01,TOP,PAKISTAN,86,89.38225,88.849884
2024-04-01,TOP,PAKISTAN,89,83.18327,80.55935
2024-05-01,TOP,PAKISTAN,89,84.12826,76.224106
2024-06-01,TOP,PAKISTAN,77,80.54652,79.29558
2024-07-01,TOP,PAKISTAN,108,97.19357,100.8864
2024-08-01,TOP,PAKISTAN,136,134.81497,135.11893
2024-09-01,TOP,PAKISTAN,230,151.37793,164.10028
2024-10-01,TOP,PAKISTAN,151,177.69687,192.15207
2024-11-01,TOP,PAKISTAN,189,155.93848,161.92413
2024-12-01,TOP,PAKISTAN,202,174.28091,175.71472
2024-01-01,VEST,PAKISTAN,14,16.64401,14.681845
2024-02-01,VEST,PAKISTAN,14,12.451098,13.252184
2024-03-01,VEST,PAKISTAN,13,14.267664,14.073199
2024-04-01,VEST,PAKISTAN,9,9.657459,9.664032
2024-05-01,VEST,PAKISTAN,9,7.9214926,8.841151
2024-06-01,VEST,PAKISTAN,9,7.4445686,7.9983807
2024-07-01,VEST,PAKISTAN,17,10.570479,11.395923
2024-08-01,VEST,PAKISTAN,23,15.706606,16.695475
2024-09-01,VEST,PAKISTAN,30,22.56808,24.025341
2024-10-01,VEST,PAKISTAN,41,25.478804,25.150537
2024-11-01,VEST,PAKISTAN,47,38.130577,33.0364
2024-12-01,VEST,PAKISTAN,43,41.19884,35.043964
2024-01-01,BOOTS,POLAND,112,133.22615,132.78079
2024-02-01,BOOTS,POLAND,121,104.05027,104.019966
2024-03-01,BOOTS,POLAND,135,108.99387,108.32337
2024-04-01,BOOTS,POLAND,69,88.3236,79.90061
2024-05-01,BOOTS,POLAND,72,60.28463,60.005894
2024-06-01,BOOTS,POLAND,62,62.295742,64.42159
2024-07-01,BOOTS,POLAND,107,107.57699,100.167725
2024-08-01,BOOTS,POLAND,153,147.82745,140.46645
2024-09-01,BOOTS,POLAND,200,180.00117,181.99168
2024-10-01,BOOTS,POLAND,300,200.86989,223.12518
2024-11-01,BOOTS,POLAND,278,286.90268,301.1081
2024-12-01,BOOTS,POLAND,283,217.41957,226.21065
2024-01-01,CARDIGAN,POLAND,34,39.866405,41.955185
2024-02-01,CARDIGAN,POLAND,23,27.918821,28.338615
2024-03-01,CARDIGAN,POLAND,20,17.637686,19.772934
2024-04-01,CARDIGAN,POLAND,23,20.413746,20.088331
2024-05-01,CARDIGAN,POLAND,29,25.810198,27.852757
2024-06-01,CARDIGAN,POLAND,32,26.838503,29.387259
2024-07-01,CARDIGAN,POLAND,56,38.01579,41.911774
2024-08-01,CARDIGAN,POLAND,90,79.90721,79.940544
2024-09-01,CARDIGAN,POLAND,123,120.10455,128.3723
2024-10-01,CARDIGAN,POLAND,159,151.627,149.36531
2024-11-01,CARDIGAN,POLAND,195,161.69441,166.39113
2024-12-01,CARDIGAN,POLAND,177,182.56998,178.9753
2024-01-01,JACKET,POLAND,1970,1975.4243,1989.4121
2024-02-01,JACKET,POLAND,1575,1817.9667,1864.6182
2024-03-01,JACKET,POLAND,1269,1610.8917,1611.7397
2024-04-01,JACKET,POLAND,675,1006.16486,892.28796
2024-05-01,JACKET,POLAND,505,669.40186,649.4147
2024-06-01,JACKET,POLAND,378,514.81934,536.10254
2024-07-01,JACKET,POLAND,949,1124.2738,1221.3884
2024-08-01,JACKET,POLAND,1506,1849.8412,1857.5273
2024-09-01,JACKET,POLAND,2178,2308.2751,2598.8394
2024-10-01,JACKET,POLAND,2312,2537.9,2523.9927
2024-11-01,JACKET,POLAND,2633,2284.6409,2467.4402
2024-12-01,JACKET,POLAND,2089,2465.2708,2449.3486
2024-01-01,JEANS,POLAND,95,105.56662,102.42334
2024-02-01,JEANS,POLAND,85,91.1039,96.99945
2024-03-01,JEANS,POLAND,100,83.1718,83.841064
2024-04-01,JEANS,POLAND,54,58.85401,48.41243
2024-05-01,JEANS,POLAND,56,53.305958,45.0235
2024-06-01,JEANS,POLAND,58,47.208725,45.660206
2024-07-01,JEANS,POLAND,166,117.84942,120.06107
2024-08-01,JEANS,POLAND,194,194.05388,185.12393
2024-09-01,JEANS,POLAND,258,217.38374,219.62172
2024-10-01,JEANS,POLAND,284,210.25581,221.6344
2024-11-01,JEANS,POLAND,291,233.36911,246.54878
2024-12-01,JEANS,POLAND,212,209.1869,201.1265
2024-01-01,SANDALS,POLAND,8,9.038907,8.7850685
2024-02-01,SANDALS,POLAND,9,9.718673,10.344263
2024-03-01,SANDALS,POLAND,24,26.741827,24.277905
2024-04-01,SANDALS,POLAND,360,433.54016,424.796
2024-05-01,SANDALS,POLAND,468,563.70703,526.29755
2024-06-01,SANDALS,POLAND,633,494.69827,552.90686
2024-07-01,SANDALS,POLAND,115,99.52403,120.12418
2024-08-01,SANDALS,POLAND,55,63.467674,70.28884
2024-09-01,SANDALS,POLAND,20,21.412004,23.062418
2024-10-01,SANDALS,POLAND,6,6.0638585,5.846313
2024-11-01,SANDALS,POLAND,7,5.0504637,4.5475254
2024-12-01,SANDALS,POLAND,5,6.7291517,6.287483
2024-01-01,SHIRT,POLAND,957,852.0811,821.1224
2024-02-01,SHIRT,POLAND,937,987.0194,960.3409
2024-03-01,SHIRT,POLAND,995,1038.0083,1019.2841
2024-04-01,SHIRT,POLAND,1193,1115.8453,1113.7034
2024-05-01,SHIRT,POLAND,1218,1272.3796,1251.3771
2024-06-01,SHIRT,POLAND,1246,1383.0536,1301.8257
2024-07-01,SHIRT,POLAND,816,1139.4318,986.50836
2024-08-01,SHIRT,POLAND,907,943.5336,880.11487
2024-09-01,SHIRT,POLAND,1019,1110.5516,1009.1377
2024-10-01,SHIRT,POLAND,815,845.2894,801.82025
2024-11-01,SHIRT,POLAND,782,856.83,793.64886
2024-12-01,SHIRT,POLAND,825,870.5612,878.9669
2024-01-01,SNEAKERS,POLAND,507,513.0789,534.9314
2024-02-01,SNEAKERS,POLAND,563,492.2546,507.57062
2024-03-01,SNEAKERS,POLAND,620,577.5661,558.81384
2024-04-01,SNEAKERS,POLAND,487,556.8992,525.18164
2024-05-01,SNEAKERS,POLAND,453,469.0794,496.55795
2024-06-01,SNEAKERS,POLAND,359,422.5319,441.7031
2024-07-01,SNEAKERS,POLAND,504,508.8799,518.95325
2024-08-01,SNEAKERS,POLAND,649,599.73175,586.1934
2024-09-01,SNEAKERS,POLAND,877,781.251,782.4257
2024-10-01,SNEAKERS,POLAND,654,720.9879,733.031
2024-11-01,SNEAKERS,POLAND,696,634.6609,622.00055
2024-12-01,SNEAKERS,POLAND,593,645.342,657.75433
2024-01-01,SWEATER,POLAND,175,232.04965,220.69917
2024-02-01,SWEATER,POLAND,125,146.90845,132.6179
2024-03-01,SWEATER,POLAND,112,111.9512,119.07705
2024-04-01,SWEATER,POLAND,148,126.802155,128.1148
2024-05-01,SWEATER,POLAND,173,175.18079,175.21263
2024-06-01,SWEATER,POLAND,222,203.74991,187.5196
2024-07-01,SWEATER,POLAND,627,587.70514,648.6441
2024-08-01,SWEATER,POLAND,885,765.3199,811.3495
2024-09-01,SWEATER,POLAND,1117,1082.1879,1135.3378
2024-10-01,SWEATER,POLAND,1441,1134.1262,1264.4333
2024-11-01,SWEATER,POLAND,1519,1457.1782,1454.8701
2024-12-01,SWEATER,POLAND,1253,1358.4003,1374.7013
2024-01-01,TOP,POLAND,173,160.59412,151.4158
2024-02-01,TOP,POLAND,146,167.82045,162.40915
2024-03-01,TOP,POLAND,148,147.59982,150.7676
2024-04-01,TOP,POLAND,152,139.78719,139.22888
2024-05-01,TOP,POLAND,170,133.59296,141.81407
2024-06-01,TOP,POLAND,141,141.51299,159.64017
2024-07-01,TOP,POLAND,178,175.8593,198.48769
2024-08-01,TOP,POLAND,271,215.03195,215.80324
2024-09-01,TOP,POLAND,329,317.44162,326.50394
2024-10-01,TOP,POLAND,250,294.25293,305.8713
2024-11-01,TOP,POLAND,276,254.14851,255.11575
2024-12-01,TOP,POLAND,292,267.94766,273.87784
2024-01-01,VEST,POLAND,22,30.8756,26.485332
2024-02-01,VEST,POLAND,20,21.659863,23.500465
2024-03-01,VEST,POLAND,19,20.323372,20.462252
2024-04-01,VEST,POLAND,14,12.310785,13.0379305
2024-05-01,VEST,POLAND,14,13.085648,12.251197
2024-06-01,VEST,POLAND,13,12.555036,11.995236
2024-07-01,VEST,POLAND,27,14.222429,17.923082
2024-08-01,VEST,POLAND,37,24.587631,24.96901
2024-09-01,VEST,POLAND,53,35.141644,37.019238
2024-10-01,VEST,POLAND,70,52.28265,47.17931
2024-11-01,VEST,POLAND,80,69.539215,60.49208
2024-12-01,VEST,POLAND,76,73.067085,56.062954
2024-01-01,BOOTS,RUSSIA,71,81.32235,79.008316
2024-02-01,BOOTS,RUSSIA,78,66.14541,71.38714
2024-03-01,BOOTS,RUSSIA,86,78.67805,72.19723
2024-04-01,BOOTS,RUSSIA,46,49.738274,45.08846
2024-05-01,BOOTS,RUSSIA,42,42.646652,43.001305
2024-06-01,BOOTS,RUSSIA,39,36.66315,39.83185
2024-07-01,BOOTS,RUSSIA,77,63.217995,62.96165
2024-08-01,BOOTS,RUSSIA,129,98.006996,97.62801
2024-09-01,BOOTS,RUSSIA,166,144.28452,135.2191
2024-10-01,BOOTS,RUSSIA,231,157.3294,166.89171
2024-11-01,BOOTS,RUSSIA,202,192.22586,199.00316
2024-12-01,BOOTS,RUSSIA,195,154.93837,166.50955
2024-01-01,CARDIGAN,RUSSIA,22,25.56848,27.97616
2024-02-01,CARDIGAN,RUSSIA,14,17.763552,20.187355
2024-03-01,CARDIGAN,RUSSIA,11,12.389738,11.920834
2024-04-01,CARDIGAN,RUSSIA,12,12.017389,11.453102
2024-05-01,CARDIGAN,RUSSIA,17,16.958216,16.589237
2024-06-01,CARDIGAN,RUSSIA,19,17.281647,17.600176
2024-07-01,CARDIGAN,RUSSIA,31,24.457466,23.885525
2024-08-01,CARDIGAN,RUSSIA,52,41.634655,42.263638
2024-09-01,CARDIGAN,RUSSIA,76,70.18164,63.359253
2024-10-01,CARDIGAN,RUSSIA,107,88.1539,93.03027
2024-11-01,CARDIGAN,RUSSIA,134,110.39706,106.44387
2024-12-01,CARDIGAN,RUSSIA,99,124.01712,125.517685
2024-01-01,JACKET,RUSSIA,1243,1322.9425,1346.4707
2024-02-01,JACKET,RUSSIA,1079,1172.9193,1173.854
2024-03-01,JACKET,RUSSIA,951,1002.67993,1036.8695
2024-04-01,JACKET,RUSSIA,418,577.57025,572.8532
2024-05-01,JACKET,RUSSIA,270,376.54477,367.16937
2024-06-01,JACKET,RUSSIA,265,251.61548,250.99612
2024-07-01,JACKET,RUSSIA,633,675.23267,744.2537
2024-08-01,JACKET,RUSSIA,923,1003.76215,1089.1443
2024-09-01,JACKET,RUSSIA,1485,1392.7946,1501.4326
2024-10-01,JACKET,RUSSIA,1620,1657.2457,1688.6509
2024-11-01,JACKET,RUSSIA,1765,1580.956,1665.0034
2024-12-01,JACKET,RUSSIA,1511,1613.307,1649.5841
2024-01-01,JEANS,RUSSIA,63,76.46442,76.324036
2024-02-01,JEANS,RUSSIA,61,60.136765,58.4524
2024-03-01,JEANS,RUSSIA,67,57.067127,51.762264
2024-04-01,JEANS,RUSSIA,34,45.584187,31.547344
2024-05-01,JEANS,RUSSIA,35,28.260748,28.768158
2024-06-01,JEANS,RUSSIA,36,26.639431,28.588388
2024-07-01,JEANS,RUSSIA,108,62.349247,67.6905
2024-08-01,JEANS,RUSSIA,153,108.73461,113.5344
2024-09-01,JEANS,RUSSIA,197,148.64787,157.73747
2024-10-01,JEANS,RUSSIA,195,169.44302,172.20538
2024-11-01,JEANS,RUSSIA,228,177.86208,172.78241
2024-12-01,JEANS,RUSSIA,158,147.78735,146.0953
2024-01-01,SANDALS,RUSSIA,6,7.2794094,7.930854
2024-02-01,SANDALS,RUSSIA,6,7.547488,8.0313015
2024-03-01,SANDALS,RUSSIA,16,17.947268,17.593136
2024-04-01,SANDALS,RUSSIA,240,271.0943,280.46295
2024-05-01,SANDALS,RUSSIA,340,435.1544,396.27536
2024-06-01,SANDALS,RUSSIA,389,366.81424,413.10486
2024-07-01,SANDALS,RUSSIA,67,78.237595,81.71094
2024-08-01,SANDALS,RUSSIA,36,52.98067,45.609985
2024-09-01,SANDALS,RUSSIA,12,20.540304,20.212465
2024-10-01,SANDALS,RUSSIA,4,4.0680747,4.614512
2024-11-01,SANDALS,RUSSIA,4,3.3011508,3.1490717
2024-12-01,SANDALS,RUSSIA,4,3.415257,3.7125463
2024-01-01,SHIRT,RUSSIA,630,592.1583,571.40857
2024-02-01,SHIRT,RUSSIA,634,718.7814,645.92255
2024-03-01,SHIRT,RUSSIA,675,655.5598,617.5749
2024-04-01,SHIRT,RUSSIA,678,800.96893,728.4817
2024-05-01,SHIRT,RUSSIA,785,797.5937,773.0667
2024-06-01,SHIRT,RUSSIA,801,867.41254,834.04504
2024-07-01,SHIRT,RUSSIA,545,705.2555,640.66815
2024-08-01,SHIRT,RUSSIA,567,649.95917,581.8053
2024-09-01,SHIRT,RUSSIA,607,644.45465,603.42224
2024-10-01,SHIRT,RUSSIA,493,551.4269,500.49405
2024-11-01,SHIRT,RUSSIA,467,474.98312,503.85864
2024-12-01,SHIRT,RUSSIA,569,487.2108,501.74292
2024-01-01,SNEAKERS,RUSSIA,350,333.08316,337.34067
2024-02-01,SNEAKERS,RUSSIA,308,336.43857,344.82568
2024-03-01,SNEAKERS,RUSSIA,340,326.6725,320.38193
2024-04-01,SNEAKERS,RUSSIA,318,331.1179,315.41702
2024-05-01,SNEAKERS,RUSSIA,316,311.2879,343.98965
2024-06-01,SNEAKERS,RUSSIA,247,283.45395,310.90457
2024-07-01,SNEAKERS,RUSSIA,318,341.72876,357.17853
2024-08-01,SNEAKERS,RUSSIA,405,362.11084,378.02658
2024-09-01,SNEAKERS,RUSSIA,522,479.60764,468.8208
2024-10-01,SNEAKERS,RUSSIA,383,453.8681,426.76367
2024-11-01,SNEAKERS,RUSSIA,419,342.07703,369.85532
2024-12-01,SNEAKERS,RUSSIA,435,363.564,373.02982
2024-01-01,SWEATER,RUSSIA,114,137.31384,134.79271
2024-02-01,SWEATER,RUSSIA,78,93.33786,85.8251
2024-03-01,SWEATER,RUSSIA,75,72.68642,70.98047
2024-04-01,SWEATER,RUSSIA,108,94.33535,85.28119
2024-05-01,SWEATER,RUSSIA,122,122.45297,115.35759
2024-06-01,SWEATER,RUSSIA,145,117.40301,120.34716
2024-07-01,SWEATER,RUSSIA,455,378.48123,375.0196
2024-08-01,SWEATER,RUSSIA,556,559.9318,565.8937
2024-09-01,SWEATER,RUSSIA,703,663.65717,676.1991
2024-10-01,SWEATER,RUSSIA,883,737.6788,783.7422
2024-11-01,SWEATER,RUSSIA,917,930.5343,931.2164
2024-12-01,SWEATER,RUSSIA,767,839.51434,822.05005
2024-01-01,TOP,RUSSIA,93,97.58024,97.35126
2024-02-01,TOP,RUSSIA,97,93.13336,96.371185
2024-03-01,TOP,RUSSIA,98,103.9674,101.06895
2024-04-01,TOP,RUSSIA,98,97.57103,94.928024
2024-05-01,TOP,RUSSIA,95,99.40992,98.92874
2024-06-01,TOP,RUSSIA,96,84.45871,83.95203
2024-07-01,TOP,RUSSIA,123,117.78562,118.63698
2024-08-01,TOP,RUSSIA,183,137.43835,138.57571
2024-09-01,TOP,RUSSIA,240,213.39442,206.59894
2024-10-01,TOP,RUSSIA,162,188.79118,204.48816
2024-11-01,TOP,RUSSIA,202,161.4668,171.96579
2024-12-01,TOP,RUSSIA,212,196.56808,204.43144
2024-01-01,VEST,RUSSIA,16,19.84112,16.793674
2024-02-01,VEST,RUSSIA,18,13.88875,14.820507
2024-03-01,VEST,RUSSIA,16,15.071161,16.061132
2024-04-01,VEST,RUSSIA,11,10.159486,10.418383
2024-05-01,VEST,RUSSIA,10,9.633427,9.76862
2024-06-01,VEST,RUSSIA,9,7.8909254,8.292567
2024-07-01,VEST,RUSSIA,18,10.569078,11.576627
2024-08-01,VEST,RUSSIA,26,16.40128,17.195942
2024-09-01,VEST,RUSSIA,38,23.174686,25.026207
2024-10-01,VEST,RUSSIA,42,32.99453,32.089275
2024-11-01,VEST,RUSSIA,44,44.00936,35.89793
2024-12-01,VEST,RUSSIA,45,46.641556,35.786438
2024-01-01,BOOTS,SAUDI_ARABIA,151,169.80678,154.69052
2024-02-01,BOOTS,SAUDI_ARABIA,149,139.50484,140.77385
2024-03-01,BOOTS,SAUDI_ARABIA,173,139.17807,135.72134
2024-04-01,BOOTS,SAUDI_ARABIA,99,106.160416,99.20239
2024-05-01,BOOTS,SAUDI_ARABIA,94,93.6137,92.47602
2024-06-01,BOOTS,SAUDI_ARABIA,86,90.40666,85.256836
2024-07-01,BOOTS,SAUDI_ARABIA,129,145.29251,152.00891
2024-08-01,BOOTS,SAUDI_ARABIA,206,176.40569,176.44435
2024-09-01,BOOTS,SAUDI_ARABIA,288,244.6986,230.34203
2024-10-01,BOOTS,SAUDI_ARABIA,438,305.1537,305.346
2024-11-01,BOOTS,SAUDI_ARABIA,399,443.23343,418.54358
2024-12-01,BOOTS,SAUDI_ARABIA,381,306.82657,326.4652
2024-01-01,CARDIGAN,SAUDI_ARABIA,47,49.94988,53.068333
2024-02-01,CARDIGAN,SAUDI_ARABIA,31,33.45824,34.31391
2024-03-01,CARDIGAN,SAUDI_ARABIA,26,23.592083,25.836067
2024-04-01,CARDIGAN,SAUDI_ARABIA,29,23.55472,23.172882
2024-05-01,CARDIGAN,SAUDI_ARABIA,36,31.25806,31.86171
2024-06-01,CARDIGAN,SAUDI_ARABIA,46,31.947285,35.52061
2024-07-01,CARDIGAN,SAUDI_ARABIA,69,60.709652,60.24566
2024-08-01,CARDIGAN,SAUDI_ARABIA,122,85.40321,92.34765
2024-09-01,CARDIGAN,SAUDI_ARABIA,158,146.86775,148.90562
2024-10-01,CARDIGAN,SAUDI_ARABIA,229,182.79271,185.40825
2024-11-01,CARDIGAN,SAUDI_ARABIA,260,235.81076,235.79947
2024-12-01,CARDIGAN,SAUDI_ARABIA,189,228.34467,230.79343
2024-01-01,JACKET,SAUDI_ARABIA,2406,2799.578,2872.3132
2024-02-01,JACKET,SAUDI_ARABIA,2273,2286.67,2458.8745
2024-03-01,JACKET,SAUDI_ARABIA,1891,2370.2568,2440.7583
2024-04-01,JACKET,SAUDI_ARABIA,872,1134.7137,1144.03
2024-05-01,JACKET,SAUDI_ARABIA,562,829.4607,818.69275
2024-06-01,JACKET,SAUDI_ARABIA,490,599.7177,601.7018
2024-07-01,JACKET,SAUDI_ARABIA,1337,1434.4281,1549.2891
2024-08-01,JACKET,SAUDI_ARABIA,2197,2294.4773,2336.0767
2024-09-01,JACKET,SAUDI_ARABIA,2899,3068.2869,2991.2883
2024-10-01,JACKET,SAUDI_ARABIA,3127,3112.619,3315.6497
2024-11-01,JACKET,SAUDI_ARABIA,3374,3454.5586,3460.0698
2024-12-01,JACKET,SAUDI_ARABIA,2855,3154.8752,3066.4873
2024-01-01,JEANS,SAUDI_ARABIA,133,150.15738,142.79155
2024-02-01,JEANS,SAUDI_ARABIA,113,124.657265,129.78355
2024-03-01,JEANS,SAUDI_ARABIA,141,96.95941,96.25615
2024-04-01,JEANS,SAUDI_ARABIA,71,73.38244,69.23269
2024-05-01,JEANS,SAUDI_ARABIA,74,59.15593,60.093983
2024-06-01,JEANS,SAUDI_ARABIA,71,57.078068,63.775536
2024-07-01,JEANS,SAUDI_ARABIA,197,148.66629,148.79738
2024-08-01,JEANS,SAUDI_ARABIA,268,218.4216,226.33344
2024-09-01,JEANS,SAUDI_ARABIA,343,279.3726,288.57315
2024-10-01,JEANS,SAUDI_ARABIA,369,294.7943,299.7676
2024-11-01,JEANS,SAUDI_ARABIA,375,327.76758,318.6311
2024-12-01,JEANS,SAUDI_ARABIA,316,287.82654,264.87808
2024-01-01,SANDALS,SAUDI_ARABIA,12,13.178544,12.446238
2024-02-01,SANDALS,SAUDI_ARABIA,12,15.80389,16.085928
2024-03-01,SANDALS,SAUDI_ARABIA,34,36.71781,29.323252
2024-04-01,SANDALS,SAUDI_ARABIA,511,436.9126,512.06433
2024-05-01,SANDALS,SAUDI_ARABIA,746,681.77704,715.55963
2024-06-01,SANDALS,SAUDI_ARABIA,854,746.28705,839.74884
2024-07-01,SANDALS,SAUDI_ARABIA,146,188.47597,156.33882
2024-08-01,SANDALS,SAUDI_ARABIA,72,95.81908,87.90716
2024-09-01,SANDALS,SAUDI_ARABIA,30,44.983837,37.82773
2024-10-01,SANDALS,SAUDI_ARABIA,11,10.700415,8.904125
2024-11-01,SANDALS,SAUDI_ARABIA,12,9.120331,9.155451
2024-12-01,SANDALS,SAUDI_ARABIA,11,9.204121,8.285953
2024-01-01,SHIRT,SAUDI_ARABIA,1157,1163.8472,1070.5786
2024-02-01,SHIRT,SAUDI_ARABIA,1183,1281.513,1204.2938
2024-03-01,SHIRT,SAUDI_ARABIA,1269,1334.6682,1283.9369
2024-04-01,SHIRT,SAUDI_ARABIA,1435,1503.2871,1338.7435
2024-05-01,SHIRT,SAUDI_ARABIA,1628,1665.771,1553.3046
2024-06-01,SHIRT,SAUDI_ARABIA,1711,1956.319,1774.6091
2024-07-01,SHIRT,SAUDI_ARABIA,1358,1381.6472,1323.3788
2024-08-01,SHIRT,SAUDI_ARABIA,1354,1268.8143,1217.3413
2024-09-01,SHIRT,SAUDI_ARABIA,1498,1399.0967,1348.7839
2024-10-01,SHIRT,SAUDI_ARABIA,1050,1085.6617,1029.1862
2024-11-01,SHIRT,SAUDI_ARABIA,1089,978.426,989.66974
2024-12-01,SHIRT,SAUDI_ARABIA,1106,1083.3884,1096.3666
2024-01-01,SNEAKERS,SAUDI_ARABIA,696,701.2995,681.79626
2024-02-01,SNEAKERS,SAUDI_ARABIA,707,684.5232,654.4415
2024-03-01,SNEAKERS,SAUDI_ARABIA,842,753.0231,722.2445
2024-04-01,SNEAKERS,SAUDI_ARABIA,680,631.03156,649.84717
2024-05-01,SNEAKERS,SAUDI_ARABIA,727,685.4571,662.88306
2024-06-01,SNEAKERS,SAUDI_ARABIA,601,552.7083,590.82935
2024-07-01,SNEAKERS,SAUDI_ARABIA,781,686.6355,748.10583
2024-08-01,SNEAKERS,SAUDI_ARABIA,998,838.9851,830.024
2024-09-01,SNEAKERS,SAUDI_ARABIA,1170,1022.0844,1021.4748
2024-10-01,SNEAKERS,SAUDI_ARABIA,811,872.95667,863.06146
2024-11-01,SNEAKERS,SAUDI_ARABIA,839,749.4304,735.2587
2024-12-01,SNEAKERS,SAUDI_ARABIA,729,743.8757,797.6679
2024-01-01,SWEATER,SAUDI_ARABIA,233,321.14417,281.65363
2024-02-01,SWEATER,SAUDI_ARABIA,139,200.59882,164.76678
2024-03-01,SWEATER,SAUDI_ARABIA,140,152.1021,129.20059
2024-04-01,SWEATER,SAUDI_ARABIA,184,174.186,167.75557
2024-05-01,SWEATER,SAUDI_ARABIA,241,245.17966,232.36713
2024-06-01,SWEATER,SAUDI_ARABIA,310,290.28122,280.2004
2024-07-01,SWEATER,SAUDI_ARABIA,885,926.12726,991.38837
2024-08-01,SWEATER,SAUDI_ARABIA,1308,1268.3186,1287.2799
2024-09-01,SWEATER,SAUDI_ARABIA,1590,1636.9609,1785.2421
2024-10-01,SWEATER,SAUDI_ARABIA,2162,1798.2708,1839.3722
2024-11-01,SWEATER,SAUDI_ARABIA,2106,2126.5886,2129.1885
2024-12-01,SWEATER,SAUDI_ARABIA,1697,1865.6593,1845.3342
2024-01-01,TOP,SAUDI_ARABIA,209,202.87193,204.37512
2024-02-01,TOP,SAUDI_ARABIA,203,208.32324,205.31259
2024-03-01,TOP,SAUDI_ARABIA,190,196.87704,221.15103
2024-04-01,TOP,SAUDI_ARABIA,193,177.37021,181.90488
2024-05-01,TOP,SAUDI_ARABIA,197,175.90181,179.52821
2024-06-01,TOP,SAUDI_ARABIA,165,146.9461,174.8393
2024-07-01,TOP,SAUDI_ARABIA,257,221.60213,259.83017
2024-08-01,TOP,SAUDI_ARABIA,335,322.14633,341.15643
2024-09-01,TOP,SAUDI_ARABIA,476,399.34692,406.4098
2024-10-01,TOP,SAUDI_ARABIA,341,441.27036,448.9567
2024-11-01,TOP,SAUDI_ARABIA,387,354.61407,373.40524
2024-12-01,TOP,SAUDI_ARABIA,367,377.8533,378.51993
2024-01-01,VEST,SAUDI_ARABIA,28,49.876682,37.444656
2024-02-01,VEST,SAUDI_ARABIA,30,26.561743,27.43167
2024-03-01,VEST,SAUDI_ARABIA,29,26.260578,27.831163
2024-04-01,VEST,SAUDI_ARABIA,20,21.480291,21.246264
2024-05-01,VEST,SAUDI_ARABIA,18,20.633032,18.639486
2024-06-01,VEST,SAUDI_ARABIA,18,15.441706,14.720619
2024-07-01,VEST,SAUDI_ARABIA,37,22.735971,24.555733
2024-08-01,VEST,SAUDI_ARABIA,51,37.990925,37.08522
2024-09-01,VEST,SAUDI_ARABIA,77,52.74438,53.131367
2024-10-01,VEST,SAUDI_ARABIA,95,73.5134,64.36054
2024-11-01,VEST,SAUDI_ARABIA,94,93.75312,74.00737
2024-12-01,VEST,SAUDI_ARABIA,90,85.7864,67.46418
2024-01-01,BOOTS,UAE,154,164.4117,155.967
2024-02-01,BOOTS,UAE,171,138.12222,140.95561
2024-03-01,BOOTS,UAE,171,161.19789,162.93854
2024-04-01,BOOTS,UAE,82,101.5729,102.49428
2024-05-01,BOOTS,UAE,81,81.97335,76.42062
2024-06-01,BOOTS,UAE,69,76.116394,75.85528
2024-07-01,BOOTS,UAE,129,110.489525,115.43984
2024-08-01,BOOTS,UAE,179,170.47882,171.3613
2024-09-01,BOOTS,UAE,237,226.10818,219.6336
2024-10-01,BOOTS,UAE,349,272.4393,259.7256
2024-11-01,BOOTS,UAE,327,326.44165,346.5998
2024-12-01,BOOTS,UAE,286,294.01846,291.6019
2024-01-01,CARDIGAN,UAE,35,42.560463,45.811546
2024-02-01,CARDIGAN,UAE,25,26.758177,28.676283
2024-03-01,CARDIGAN,UAE,21,17.414118,20.107199
2024-04-01,CARDIGAN,UAE,21,24.420572,21.501402
2024-05-01,CARDIGAN,UAE,27,26.92367,27.506441
2024-06-01,CARDIGAN,UAE,31,26.685196,28.013325
2024-07-01,CARDIGAN,UAE,52,40.573055,40.856014
2024-08-01,CARDIGAN,UAE,79,69.84955,69.96447
2024-09-01,CARDIGAN,UAE,121,106.191536,108.56688
2024-10-01,CARDIGAN,UAE,169,149.70139,143.86551
2024-11-01,CARDIGAN,UAE,204,175.31181,183.38681
2024-12-01,CARDIGAN,UAE,167,194.8951,181.81299
2024-01-01,JACKET,UAE,2172,2357.3333,2362.0935
2024-02-01,JACKET,UAE,1896,2171.2678,2259.5337
2024-03-01,JACKET,UAE,1657,1836.6213,1864.9482
2024-04-01,JACKET,UAE,797,1064.3568,1155.7267
2024-05-01,JACKET,UAE,471,730.7713,711.9551
2024-06-01,JACKET,UAE,395,456.8476,514.585
2024-07-01,JACKET,UAE,1128,1389.4032,1347.467
2024-08-01,JACKET,UAE,1632,2053.5789,1966.1903
2024-09-01,JACKET,UAE,2319,2473.598,2624.7961
2024-10-01,JACKET,UAE,2552,2555.9307,2822.4868
2024-11-01,JACKET,UAE,2955,2998.82,2842.083
2024-12-01,JACKET,UAE,2392,2905.544,2908.5405
2024-01-01,JEANS,UAE,123,106.142685,119.285706
2024-02-01,JEANS,UAE,117,102.73183,111.759895
2024-03-01,JEANS,UAE,126,91.72254,103.01167
2024-04-01,JEANS,UAE,66,71.259026,58.74896
2024-05-01,JEANS,UAE,66,55.165714,53.978584
2024-06-01,JEANS,UAE,59,54.602654,54.019863
2024-07-01,JEANS,UAE,155,115.74089,117.70562
2024-08-01,JEANS,UAE,190,163.61636,165.79604
2024-09-01,JEANS,UAE,265,227.12343,226.68884
2024-10-01,JEANS,UAE,299,246.80045,253.58183
2024-11-01,JEANS,UAE,335,251.98676,279.62564
2024-12-01,JEANS,UAE,253,269.83688,240.43077
2024-01-01,SANDALS,UAE,9,10.300666,11.287414
2024-02-01,SANDALS,UAE,11,12.543597,13.863369
2024-03-01,SANDALS,UAE,27,31.815845,28.45817
2024-04-01,SANDALS,UAE,367,494.84625,461.94403
2024-05-01,SANDALS,UAE,543,638.2787,556.44946
2024-06-01,SANDALS,UAE,673,601.74805,609.8633
2024-07-01,SANDALS,UAE,103,156.57991,136.55196
2024-08-01,SANDALS,UAE,50,69.02149,80.397606
2024-09-01,SANDALS,UAE,21,28.926113,28.840027
2024-10-01,SANDALS,UAE,7,5.8835907,6.9120736
2024-11-01,SANDALS,UAE,9,5.900153,5.4093046
2024-12-01,SANDALS,UAE,6,8.029415,7.005991
2024-01-01,SHIRT,UAE,1031,1090.4727,1051.3854
2024-02-01,SHIRT,UAE,1078,1140.1617,1098.3589
2024-03-01,SHIRT,UAE,1144,1109.5222,1106.6484
2024-04-01,SHIRT,UAE,1094,1271.7695,1235.7393
2024-05-01,SHIRT,UAE,1168,1289.6483,1263.177
2024-06-01,SHIRT,UAE,1270,1419.1879,1291.3221
2024-07-01,SHIRT,UAE,950,1289.9407,1136.5592
2024-08-01,SHIRT,UAE,1033,1148.1992,1053.4484
2024-09-01,SHIRT,UAE,1098,1282.4482,1161.7777
2024-10-01,SHIRT,UAE,865,1067.7928,970.1046
2024-11-01,SHIRT,UAE,826,898.526,897.903
2024-12-01,SHIRT,UAE,793,927.47577,904.28986
2024-01-01,SNEAKERS,UAE,625,574.2189,565.6697
2024-02-01,SNEAKERS,UAE,614,592.62036,587.6248
2024-03-01,SNEAKERS,UAE,622,620.4426,607.0151
2024-04-01,SNEAKERS,UAE,555,529.26807,517.80286
2024-05-01,SNEAKERS,UAE,598,580.99994,568.3959
2024-06-01,SNEAKERS,UAE,487,521.3421,528.7656
2024-07-01,SNEAKERS,UAE,645,572.32916,616.0074
2024-08-01,SNEAKERS,UAE,730,601.4469,625.5499
2024-09-01,SNEAKERS,UAE,832,806.51886,782.0948
2024-10-01,SNEAKERS,UAE,624,683.43427,646.88727
2024-11-01,SNEAKERS,UAE,613,588.20105,596.4087
2024-12-01,SNEAKERS,UAE,620,584.70294,590.2046
2024-01-01,SWEATER,UAE,175,243.6945,219.49762
2024-02-01,SWEATER,UAE,112,149.8351,143.59193
2024-03-01,SWEATER,UAE,110,111.553665,104.83431
2024-04-01,SWEATER,UAE,156,127.98306,120.63879
2024-05-01,SWEATER,UAE,196,192.47552,184.66336
2024-06-01,SWEATER,UAE,245,223.04323,211.9187
2024-07-01,SWEATER,UAE,722,775.34375,757.3099
2024-08-01,SWEATER,UAE,978,1009.6074,1031.756
2024-09-01,SWEATER,UAE,1084,1346.1759,1436.7991
2024-10-01,SWEATER,UAE,1456,1297.2924,1314.3368
2024-11-01,SWEATER,UAE,1667,1436.989,1525.2548
2024-12-01,SWEATER,UAE,1341,1462.2677,1502.0496
2024-01-01,TOP,UAE,164,170.62155,172.8197
2024-02-01,TOP,UAE,157,144.67174,163.13815
2024-03-01,TOP,UAE,145,143.94641,169.73439
2024-04-01,TOP,UAE,172,138.01088,148.35075
2024-05-01,TOP,UAE,172,162.63802,172.73817
2024-06-01,TOP,UAE,149,159.07655,166.40399
2024-07-01,TOP,UAE,201,174.88634,197.60301
2024-08-01,TOP,UAE,260,248.27557,251.49998
2024-09-01,TOP,UAE,359,331.005,327.12546
2024-10-01,TOP,UAE,252,325.91245,344.21017
2024-11-01,TOP,UAE,289,261.8741,254.55898
2024-12-01,TOP,UAE,363,270.47833,273.29428
2024-01-01,VEST,UAE,30,32.768024,27.687685
2024-02-01,VEST,UAE,26,24.899418,29.25765
2024-03-01,VEST,UAE,26,23.20792,22.764086
2024-04-01,VEST,UAE,15,15.852119,16.176277
2024-05-01,VEST,UAE,15,15.321325,13.289427
2024-06-01,VEST,UAE,14,12.263205,12.566436
2024-07-01,VEST,UAE,30,16.775692,19.589947
2024-08-01,VEST,UAE,42,25.519522,29.732592
2024-09-01,VEST,UAE,66,52.004684,46.4372
2024-10-01,VEST,UAE,81,58.93158,53.60328
2024-11-01,VEST,UAE,85,75.67512,67.43412
2024-12-01,VEST,UAE,77,81.32989,62.212196
2024-01-01,BOOTS,UNITED_STATES,424,567.7541,511.70215
2024-02-01,BOOTS,UNITED_STATES,471,402.6185,388.07895
2024-03-01,BOOTS,UNITED_STATES,524,406.94708,432.9049
2024-04-01,BOOTS,UNITED_STATES,280,357.9546,316.57425
2024-05-01,BOOTS,UNITED_STATES,261,237.3884,227.07535
2024-06-01,BOOTS,UNITED_STATES,250,209.31433,228.03058
2024-07-01,BOOTS,UNITED_STATES,471,409.87875,434.3268
2024-08-01,BOOTS,UNITED_STATES,643,596.2395,658.89716
2024-09-01,BOOTS,UNITED_STATES,869,829.5799,822.37463
2024-10-01,BOOTS,UNITED_STATES,1245,990.9091,961.36914
2024-11-01,BOOTS,UNITED_STATES,1071,1179.3317,1086.0873
2024-12-01,BOOTS,UNITED_STATES,1034,939.4597,938.71466
2024-01-01,CARDIGAN,UNITED_STATES,125,174.70334,151.9752
2024-02-01,CARDIGAN,UNITED_STATES,89,112.41102,105.66031
2024-03-01,CARDIGAN,UNITED_STATES,70,95.37813,74.01363
2024-04-01,CARDIGAN,UNITED_STATES,81,72.83633,75.59089
2024-05-01,CARDIGAN,UNITED_STATES,120,92.03934,99.831184
2024-06-01,CARDIGAN,UNITED_STATES,126,121.149345,116.225464
2024-07-01,CARDIGAN,UNITED_STATES,194,148.23265,167.60895
2024-08-01,CARDIGAN,UNITED_STATES,335,271.01672,275.43887
2024-09-01,CARDIGAN,UNITED_STATES,455,440.55347,453.33768
2024-10-01,CARDIGAN,UNITED_STATES,692,533.1126,577.35895
2024-11-01,CARDIGAN,UNITED_STATES,773,676.8139,730.0696
2024-12-01,CARDIGAN,UNITED_STATES,701,673.59436,661.0457
2024-01-01,JACKET,UNITED_STATES,8202,7878.571,7808.2573
2024-02-01,JACKET,UNITED_STATES,6877,6781.148,7104.888
2024-03-01,JACKET,UNITED_STATES,6536,6992.3936,6527.545
2024-04-01,JACKET,UNITED_STATES,2878,4198.533,4236.503
2024-05-01,JACKET,UNITED_STATES,1799,2316.3198,2371.976
2024-06-01,JACKET,UNITED_STATES,1537,1643.1687,1653.8374
2024-07-01,JACKET,UNITED_STATES,3835,4387.445,4875.3267
2024-08-01,JACKET,UNITED_STATES,6070,5475.482,6792.3145
2024-09-01,JACKET,UNITED_STATES,9326,8450.127,8630.3
2024-10-01,JACKET,UNITED_STATES,10301,10084.971,10272.282
2024-11-01,JACKET,UNITED_STATES,10820,9984.563,10010.72
2024-12-01,JACKET,UNITED_STATES,9421,9134.338,9065.503
2024-01-01,JEANS,UNITED_STATES,385,472.8117,443.75464
2024-02-01,JEANS,UNITED_STATES,396,356.23544,368.92563
2024-03-01,JEANS,UNITED_STATES,459,385.25,360.629
2024-04-01,JEANS,UNITED_STATES,237,207.68752,205.74384
2024-05-01,JEANS,UNITED_STATES,250,201.71808,207.57758
2024-06-01,JEANS,UNITED_STATES,241,198.472,207.4684
2024-07-01,JEANS,UNITED_STATES,598,440.9345,514.1466
2024-08-01,JEANS,UNITED_STATES,748,759.5695,717.8567
2024-09-01,JEANS,UNITED_STATES,1030,871.7506,873.92694
2024-10-01,JEANS,UNITED_STATES,1008,1029.5242,1006.32043
2024-11-01,JEANS,UNITED_STATES,1116,967.9501,1005.84937
2024-12-01,JEANS,UNITED_STATES,918,858.2301,816.91583
2024-01-01,SANDALS,UNITED_STATES,38,42.25048,32.875652
2024-02-01,SANDALS,UNITED_STATES,45,41.88287,46.490364
2024-03-01,SANDALS,UNITED_STATES,108,124.644264,101.36099
2024-04-01,SANDALS,UNITED_STATES,1746,1744.1932,1672.087
2024-05-01,SANDALS,UNITED_STATES,2458,2251.8765,2266.4722
2024-06-01,SANDALS,UNITED_STATES,2805,2689.7734,3060.9429
2024-07-01,SANDALS,UNITED_STATES,438,767.8857,582.8695
2024-08-01,SANDALS,UNITED_STATES,209,349.82388,313.28342
2024-09-01,SANDALS,UNITED_STATES,86,148.43788,107.40714
2024-10-01,SANDALS,UNITED_STATES,27,33.24369,28.250381
2024-11-01,SANDALS,UNITED_STATES,27,25.881277,23.086248
2024-12-01,SANDALS,UNITED_STATES,21,21.54055,24.211353
2024-01-01,SHIRT,UNITED_STATES,3709,3730.9375,3502.2673
2024-02-01,SHIRT,UNITED_STATES,4097,3942.821,3842.765
2024-03-01,SHIRT,UNITED_STATES,4297,3896.335,3976.244
2024-04-01,SHIRT,UNITED_STATES,4406,4473.9097,4467.27
2024-05-01,SHIRT,UNITED_STATES,5152,4552.171,4877.15
2024-06-01,SHIRT,UNITED_STATES,5655,4800.5044,5115.9883
2024-07-01,SHIRT,UNITED_STATES,3833,4041.1,4119.11
2024-08-01,SHIRT,UNITED_STATES,3795,4266.9204,4138.424
2024-09-01,SHIRT,UNITED_STATES,4079,4359.24,4330.4897
2024-10-01,SHIRT,UNITED_STATES,2863,3449.8362,3059.4453
2024-11-01,SHIRT,UNITED_STATES,3297,3119.9888,3114.6626
2024-12-01,SHIRT,UNITED_STATES,3273,3613.0007,3608.764
2024-01-01,SNEAKERS,UNITED_STATES,2271,2338.2754,2397.7954
2024-02-01,SNEAKERS,UNITED_STATES,2181,2200.4905,2270.6235
2024-03-01,SNEAKERS,UNITED_STATES,2255,2195.0093,2155.0671
2024-04-01,SNEAKERS,UNITED_STATES,1905,2053.3438,1972.2207
2024-05-01,SNEAKERS,UNITED_STATES,1939,1908.3229,1951.0183
2024-06-01,SNEAKERS,UNITED_STATES,1700,1738.9137,1847.1056
2024-07-01,SNEAKERS,UNITED_STATES,2093,2212.1187,2229.7083
2024-08-01,SNEAKERS,UNITED_STATES,2750,2513.3909,2594.6477
2024-09-01,SNEAKERS,UNITED_STATES,3803,3244.03,3287.223
2024-10-01,SNEAKERS,UNITED_STATES,2740,3173.9355,3294.9463
2024-11-01,SNEAKERS,UNITED_STATES,2508,2617.8374,2880.7324
2024-12-01,SNEAKERS,UNITED_STATES,2555,2628.3494,2713.2346
2024-01-01,SWEATER,UNITED_STATES,663,850.9392,797.9883
2024-02-01,SWEATER,UNITED_STATES,392,548.49207,553.4465
2024-03-01,SWEATER,UNITED_STATES,410,430.08658,407.98016
2024-04-01,SWEATER,UNITED_STATES,528,497.72684,490.0126
2024-05-01,SWEATER,UNITED_STATES,683,652.9515,716.4814
2024-06-01,SWEATER,UNITED_STATES,802,757.92444,836.26025
2024-07-01,SWEATER,UNITED_STATES,2267,2770.939,2718.4866
2024-08-01,SWEATER,UNITED_STATES,3025,3604.5425,3285.8215
2024-09-01,SWEATER,UNITED_STATES,3705,3813.6235,4005.309
2024-10-01,SWEATER,UNITED_STATES,5425,4137.694,4359.3315
2024-11-01,SWEATER,UNITED_STATES,6239,5572.4077,5776.6025
2024-12-01,SWEATER,UNITED_STATES,5110,5681.255,6029.0967
2024-01-01,TOP,UNITED_STATES,576,562.1493,586.14386
2024-02-01,TOP,UNITED_STATES,579,600.56537,550.47437
2024-03-01,TOP,UNITED_STATES,540,594.35974,548.66266
2024-04-01,TOP,UNITED_STATES,605,505.2117,510.11188
2024-05-01,TOP,UNITED_STATES,551,586.7932,619.3575
2024-06-01,TOP,UNITED_STATES,493,549.89014,550.62115
2024-07-01,TOP,UNITED_STATES,732,656.1192,761.14874
2024-08-01,TOP,UNITED_STATES,984,889.417,946.74994
2024-09-01,TOP,UNITED_STATES,1276,1284.9869,1313.8333
2024-10-01,TOP,UNITED_STATES,1042,1215.1571,1226.178
2024-11-01,TOP,UNITED_STATES,1216,1007.3955,1106.8021
2024-12-01,TOP,UNITED_STATES,1272,1153.8953,1151.1335
2024-01-01,VEST,UNITED_STATES,104,123.62875,115.72892
2024-02-01,VEST,UNITED_STATES,109,86.577126,103.90175
2024-03-01,VEST,UNITED_STATES,99,108.50279,98.193794
2024-04-01,VEST,UNITED_STATES,63,83.81073,75.4841
2024-05-01,VEST,UNITED_STATES,61,61.359436,57.200798
2024-06-01,VEST,UNITED_STATES,57,62.325268,48.516945
2024-07-01,VEST,UNITED_STATES,120,88.29621,85.764145
2024-08-01,VEST,UNITED_STATES,157,137.0495,116.36048
2024-09-01,VEST,UNITED_STATES,203,185.47287,169.12456
2024-10-01,VEST,UNITED_STATES,266,219.2719,221.78052
2024-11-01,VEST,UNITED_STATES,288,266.72174,249.63023
2024-12-01,VEST,UNITED_STATES,281,269.1373,248.97452
2024-01-01,BOOTS,VIETNAM,111,116.47968,108.810036
2024-02-01,BOOTS,VIETNAM,119,110.337105,110.68325
2024-03-01,BOOTS,VIETNAM,120,117.34757,109.86709
2024-04-01,BOOTS,VIETNAM,62,78.55523,68.50213
2024-05-01,BOOTS,VIETNAM,57,61.736935,57.153194
2024-06-01,BOOTS,VIETNAM,51,52.9002,53.062508
2024-07-01,BOOTS,VIETNAM,99,85.4138,82.11012
2024-08-01,BOOTS,VIETNAM,160,127.258865,123.36873
2024-09-01,BOOTS,VIETNAM,198,192.96408,176.94707
2024-10-01,BOOTS,VIETNAM,298,200.48532,209.85085
2024-11-01,BOOTS,VIETNAM,237,255.88739,282.5953
2024-12-01,BOOTS,VIETNAM,229,201.69197,204.55765
2024-01-01,CARDIGAN,VIETNAM,31,37.70013,40.98086
2024-02-01,CARDIGAN,VIETNAM,21,25.568777,28.432264
2024-03-01,CARDIGAN,VIETNAM,17,17.411787,17.23815
2024-04-01,CARDIGAN,VIETNAM,17,18.286234,17.99116
2024-05-01,CARDIGAN,VIETNAM,23,21.509197,22.640081
2024-06-01,CARDIGAN,VIETNAM,27,22.574673,22.931725
2024-07-01,CARDIGAN,VIETNAM,43,36.100292,35.92699
2024-08-01,CARDIGAN,VIETNAM,68,67.28558,63.858894
2024-09-01,CARDIGAN,VIETNAM,95,90.21839,91.34995
2024-10-01,CARDIGAN,VIETNAM,144,121.04979,117.82256
2024-11-01,CARDIGAN,VIETNAM,162,154.95317,151.74953
2024-12-01,CARDIGAN,VIETNAM,131,140.68571,140.55005
2024-01-01,JACKET,VIETNAM,1698,1811.3643,1833.8737
2024-02-01,JACKET,VIETNAM,1448,1553.5825,1691.424
2024-03-01,JACKET,VIETNAM,1310,1287.0354,1415.4155
2024-04-01,JACKET,VIETNAM,590,818.51135,867.2606
2024-05-01,JACKET,VIETNAM,389,605.1858,588.5459
2024-06-01,JACKET,VIETNAM,316,383.41296,389.51462
2024-07-01,JACKET,VIETNAM,965,826.747,914.2351
2024-08-01,JACKET,VIETNAM,1270,1567.2605,1579.1332
2024-09-01,JACKET,VIETNAM,1929,2097.3442,2206.058
2024-10-01,JACKET,VIETNAM,2087,2170.3079,2212.2253
2024-11-01,JACKET,VIETNAM,2469,2042.928,2204.381
2024-12-01,JACKET,VIETNAM,1962,2220.4692,2268.5393
2024-01-01,JEANS,VIETNAM,69,96.41925,85.59605
2024-02-01,JEANS,VIETNAM,65,61.295925,68.43617
2024-03-01,JEANS,VIETNAM,78,59.52139,59.252304
2024-04-01,JEANS,VIETNAM,49,48.5279,38.381134
2024-05-01,JEANS,VIETNAM,50,45.398857,41.617134
2024-06-01,JEANS,VIETNAM,45,38.05983,40.189445
2024-07-01,JEANS,VIETNAM,107,82.82194,80.810616
2024-08-01,JEANS,VIETNAM,161,127.52237,122.92799
2024-09-01,JEANS,VIETNAM,232,178.71844,172.21504
2024-10-01,JEANS,VIETNAM,223,189.27571,208.67068
2024-11-01,JEANS,VIETNAM,258,195.5048,202.88866
2024-12-01,JEANS,VIETNAM,189,180.96625,166.13782
2024-01-01,SANDALS,VIETNAM,8,9.680857,9.228026
2024-02-01,SANDALS,VIETNAM,9,7.682311,8.763291
2024-03-01,SANDALS,VIETNAM,23,23.121914,20.934036
2024-04-01,SANDALS,VIETNAM,309,443.4417,386.89746
2024-05-01,SANDALS,VIETNAM,454,571.9452,540.6645
2024-06-01,SANDALS,VIETNAM,530,443.78177,500.12546
2024-07-01,SANDALS,VIETNAM,80,82.43759,98.97178
2024-08-01,SANDALS,VIETNAM,40,57.402294,51.522606
2024-09-01,SANDALS,VIETNAM,18,22.36168,20.789688
2024-10-01,SANDALS,VIETNAM,6,4.330821,4.948895
2024-11-01,SANDALS,VIETNAM,6,4.8152013,4.359857
2024-12-01,SANDALS,VIETNAM,5,4.7885222,4.8013325
2024-01-01,SHIRT,VIETNAM,833,708.298,732.01495
2024-02-01,SHIRT,VIETNAM,897,902.4782,867.9324
2024-03-01,SHIRT,VIETNAM,865,887.4792,838.3257
2024-04-01,SHIRT,VIETNAM,903,891.44965,887.9097
2024-05-01,SHIRT,VIETNAM,1066,992.8133,939.227
2024-06-01,SHIRT,VIETNAM,1060,1182.2405,1126.2808
2024-07-01,SHIRT,VIETNAM,832,866.4156,791.0779
2024-08-01,SHIRT,VIETNAM,799,917.596,824.31805
2024-09-01,SHIRT,VIETNAM,940,911.24005,849.78143
2024-10-01,SHIRT,VIETNAM,699,727.1847,702.5165
2024-11-01,SHIRT,VIETNAM,691,703.04736,700.6307
2024-12-01,SHIRT,VIETNAM,799,805.3103,739.3894
2024-01-01,SNEAKERS,VIETNAM,476,438.66846,456.1216
2024-02-01,SNEAKERS,VIETNAM,468,449.43027,447.2012
2024-03-01,SNEAKERS,VIETNAM,551,483.81497,465.14798
2024-04-01,SNEAKERS,VIETNAM,430,409.50235,412.14236
2024-05-01,SNEAKERS,VIETNAM,392,462.2682,428.83102
2024-06-01,SNEAKERS,VIETNAM,353,341.62613,371.50766
2024-07-01,SNEAKERS,VIETNAM,456,437.93445,415.07724
2024-08-01,SNEAKERS,VIETNAM,606,501.21866,501.0331
2024-09-01,SNEAKERS,VIETNAM,785,676.0974,655.51227
2024-10-01,SNEAKERS,VIETNAM,591,606.7208,589.9836
2024-11-01,SNEAKERS,VIETNAM,587,551.97766,561.9616
2024-12-01,SNEAKERS,VIETNAM,598,565.08093,536.62836
2024-01-01,SWEATER,VIETNAM,168,188.40163,190.16731
2024-02-01,SWEATER,VIETNAM,103,145.29634,128.6199
2024-03-01,SWEATER,VIETNAM,91,106.19159,95.66362
2024-04-01,SWEATER,VIETNAM,121,124.74651,105.99636
2024-05-01,SWEATER,VIETNAM,154,139.97972,145.61584
2024-06-01,SWEATER,VIETNAM,189,161.84831,152.44363
2024-07-01,SWEATER,VIETNAM,565,551.36993,551.2499
2024-08-01,SWEATER,VIETNAM,739,725.7905,792.27454
2024-09-01,SWEATER,VIETNAM,1008,956.67926,995.8893
2024-10-01,SWEATER,VIETNAM,1224,1106.2302,1169.9089
2024-11-01,SWEATER,VIETNAM,1357,1172.9396,1270.7831
2024-12-01,SWEATER,VIETNAM,1124,1228.9636,1209.963
2024-01-01,TOP,VIETNAM,132,126.08689,125.546524
2024-02-01,TOP,VIETNAM,134,125.0691,133.22552
2024-03-01,TOP,VIETNAM,127,133.92723,134.45221
2024-04-01,TOP,VIETNAM,131,112.35879,118.37781
2024-05-01,TOP,VIETNAM,128,118.800644,130.962
2024-06-01,TOP,VIETNAM,118,117.19694,120.99172
2024-07-01,TOP,VIETNAM,171,150.20163,157.795
2024-08-01,TOP,VIETNAM,206,191.63947,196.5823
2024-09-01,TOP,VIETNAM,258,255.83975,249.63525
2024-10-01,TOP,VIETNAM,202,227.66066,222.08295
2024-11-01,TOP,VIETNAM,221,197.9672,216.10086
2024-12-01,TOP,VIETNAM,208,222.08412,227.32312
2024-01-01,VEST,VIETNAM,20,27.29949,23.037159
2024-02-01,VEST,VIETNAM,22,21.964773,23.35698
2024-03-01,VEST,VIETNAM,19,21.32787,21.217905
2024-04-01,VEST,VIETNAM,12,12.836197,13.053167
2024-05-01,VEST,VIETNAM,12,10.869316,10.800811
2024-06-01,VEST,VIETNAM,12,10.441677,11.491039
2024-07-01,VEST,VIETNAM,24,13.502194,14.914702
2024-08-01,VEST,VIETNAM,30,20.52984,22.716156
2024-09-01,VEST,VIETNAM,47,27.70969,31.89803
2024-10-01,VEST,VIETNAM,51,49.383797,45.624477
2024-11-01,VEST,VIETNAM,61,49.59327,46.899216
2024-12-01,VEST,VIETNAM,61,54.737503,49.91492
