Date,Region,Country,Product_Type,Season,Actual_Sales_Volume,Predicted_Sales_Volume,Residual,Absolute_Error
2024-01-01,OCEANIA,AUSTRALIA,BOOTS,Spring,95,92.646935,2.3530654907226562,2.3530654907226562
2024-02-01,OCEANIA,AUSTRALIA,BOOTS,Spring,120,102.293816,17.70618438720703,17.70618438720703
2024-03-01,OCEANIA,AUSTRALIA,BOOTS,Spring,169,129.73468,39.26531982421875,39.26531982421875
2024-04-01,OCEANIA,AUSTRALIA,BOOTS,Summer,131,140.15744,-9.157440185546875,9.157440185546875
2024-05-01,OCEANIA,AUSTRALIA,BOOTS,Summer,140,121.80555,18.19445037841797,18.19445037841797
2024-06-01,OCEANIA,AUSTRALIA,BOOTS,Summer,110,123.676834,-13.676834106445312,13.676834106445312
2024-07-01,OCEANIA,AUSTRALIA,BOOTS,Autumn,100,110.59451,-10.594512939453125,10.594512939453125
2024-08-01,OCEANIA,AUSTRALIA,BOOTS,Autumn,117,108.72755,8.272453308105469,8.272453308105469
2024-09-01,OCEANIA,AUSTRALIA,BOOTS,Autumn,126,120.28746,5.7125396728515625,5.7125396728515625
2024-10-01,OCEANIA,AUSTRALIA,BOOTS,Winter,119,109.49238,9.507621765136719,9.507621765136719
2024-11-01,OCEANIA,AUSTRALIA,BOOTS,Winter,99,109.127014,-10.12701416015625,10.12701416015625
2024-12-01,OCEANIA,AUSTRALIA,BOOTS,Winter,103,91.635345,11.364654541015625,11.364654541015625
2024-01-01,OCEANIA,AUSTRALIA,CARDIGAN,Spring,31,44.207687,-13.207687377929688,13.207687377929688
2024-02-01,OCEANIA,AUSTRALIA,CARDIGAN,Spring,35,33.82135,1.17864990234375,1.17864990234375
2024-03-01,OCEANIA,AUSTRALIA,CARDIGAN,Spring,38,36.824352,1.1756477355957031,1.1756477355957031
2024-04-01,OCEANIA,AUSTRALIA,CARDIGAN,Summer,49,45.49494,3.5050582885742188,3.5050582885742188
2024-05-01,OCEANIA,AUSTRALIA,CARDIGAN,Summer,60,57.861385,2.1386146545410156,2.1386146545410156
2024-06-01,OCEANIA,AUSTRALIA,CARDIGAN,Summer,57,60.53441,-3.5344085693359375,3.5344085693359375
2024-07-01,OCEANIA,AUSTRALIA,CARDIGAN,Autumn,38,37.98399,0.016010284423828125,0.016010284423828125
2024-08-01,OCEANIA,AUSTRALIA,CARDIGAN,Autumn,41,38.23531,2.764690399169922,2.764690399169922
2024-09-01,OCEANIA,AUSTRALIA,CARDIGAN,Autumn,34,40.19361,-6.193611145019531,6.193611145019531
2024-10-01,OCEANIA,AUSTRALIA,CARDIGAN,Winter,38,37.843357,0.15664291381835938,0.15664291381835938
2024-11-01,OCEANIA,AUSTRALIA,CARDIGAN,Winter,54,43.65308,10.346920013427734,10.346920013427734
2024-12-01,OCEANIA,AUSTRALIA,CARDIGAN,Winter,49,52.64088,-3.640880584716797,3.640880584716797
2024-01-01,OCEANIA,AUSTRALIA,JACKET,Spring,1163,1043.4441,119.555908203125,119.555908203125
2024-02-01,OCEANIA,AUSTRALIA,JACKET,Spring,1323,1360.1127,-37.1126708984375,37.1126708984375
2024-03-01,OCEANIA,AUSTRALIA,JACKET,Spring,1618,1488.7563,129.24365234375,129.24365234375
2024-04-01,OCEANIA,AUSTRALIA,JACKET,Summer,1136,1415.0393,-279.039306640625,279.039306640625
2024-05-01,OCEANIA,AUSTRALIA,JACKET,Summer,957,1190.4675,-233.467529296875,233.467529296875
2024-06-01,OCEANIA,AUSTRALIA,JACKET,Summer,893,1062.695,-169.6949462890625,169.6949462890625
2024-07-01,OCEANIA,AUSTRALIA,JACKET,Autumn,1101,1147.4553,-46.455322265625,46.455322265625
2024-08-01,OCEANIA,AUSTRALIA,JACKET,Autumn,1221,1293.5814,-72.5814208984375,72.5814208984375
2024-09-01,OCEANIA,AUSTRALIA,JACKET,Autumn,1331,1359.7927,-28.792724609375,28.792724609375
2024-10-01,OCEANIA,AUSTRALIA,JACKET,Winter,892,1195.9496,-303.9495849609375,303.9495849609375
2024-11-01,OCEANIA,AUSTRALIA,JACKET,Winter,814,886.0323,-72.03228759765625,72.03228759765625
2024-12-01,OCEANIA,AUSTRALIA,JACKET,Winter,646,806.9321,-160.93212890625,160.93212890625
2024-01-01,OCEANIA,AUSTRALIA,JEANS,Spring,95,89.48194,5.518058776855469,5.518058776855469
2024-02-01,OCEANIA,AUSTRALIA,JEANS,Spring,114,98.206566,15.793434143066406,15.793434143066406
2024-03-01,OCEANIA,AUSTRALIA,JEANS,Spring,145,107.9571,37.04290008544922,37.04290008544922
2024-04-01,OCEANIA,AUSTRALIA,JEANS,Summer,107,93.85144,13.1485595703125,13.1485595703125
2024-05-01,OCEANIA,AUSTRALIA,JEANS,Summer,113,95.34757,17.652427673339844,17.652427673339844
2024-06-01,OCEANIA,AUSTRALIA,JEANS,Summer,93,88.02072,4.979278564453125,4.979278564453125
2024-07-01,OCEANIA,AUSTRALIA,JEANS,Autumn,109,87.48161,21.518386840820312,21.518386840820312
2024-08-01,OCEANIA,AUSTRALIA,JEANS,Autumn,106,98.992805,7.007194519042969,7.007194519042969
2024-09-01,OCEANIA,AUSTRALIA,JEANS,Autumn,135,110.826225,24.17377471923828,24.17377471923828
2024-10-01,OCEANIA,AUSTRALIA,JEANS,Winter,104,96.730194,7.269805908203125,7.269805908203125
2024-11-01,OCEANIA,AUSTRALIA,JEANS,Winter,106,88.91456,17.08544158935547,17.08544158935547
2024-12-01,OCEANIA,AUSTRALIA,JEANS,Winter,99,87.554214,11.445785522460938,11.445785522460938
2024-01-01,OCEANIA,AUSTRALIA,SANDALS,Spring,26,38.199688,-12.199687957763672,12.199687957763672
2024-02-01,OCEANIA,AUSTRALIA,SANDALS,Spring,18,24.930138,-6.930137634277344,6.930137634277344
2024-03-01,OCEANIA,AUSTRALIA,SANDALS,Spring,22,21.342892,0.6571083068847656,0.6571083068847656
2024-04-01,OCEANIA,AUSTRALIA,SANDALS,Summer,44,37.08582,6.914180755615234,6.914180755615234
2024-05-01,OCEANIA,AUSTRALIA,SANDALS,Summer,44,47.855858,-3.8558578491210938,3.8558578491210938
2024-06-01,OCEANIA,AUSTRALIA,SANDALS,Summer,46,45.057747,0.9422531127929688,0.9422531127929688
2024-07-01,OCEANIA,AUSTRALIA,SANDALS,Autumn,25,36.184906,-11.184906005859375,11.184906005859375
2024-08-01,OCEANIA,AUSTRALIA,SANDALS,Autumn,17,25.347548,-8.34754753112793,8.34754753112793
2024-09-01,OCEANIA,AUSTRALIA,SANDALS,Autumn,16,20.269049,-4.269048690795898,4.269048690795898
2024-10-01,OCEANIA,AUSTRALIA,SANDALS,Winter,41,39.90564,1.0943603515625,1.0943603515625
2024-11-01,OCEANIA,AUSTRALIA,SANDALS,Winter,53,42.617672,10.382328033447266,10.382328033447266
2024-12-01,OCEANIA,AUSTRALIA,SANDALS,Winter,54,50.16632,3.83367919921875,3.83367919921875
2024-01-01,OCEANIA,AUSTRALIA,SHIRT,Spring,697,698.6145,-1.614501953125,1.614501953125
2024-02-01,OCEANIA,AUSTRALIA,SHIRT,Spring,846,752.1258,93.87420654296875,93.87420654296875
2024-03-01,OCEANIA,AUSTRALIA,SHIRT,Spring,812,863.9362,-51.93621826171875,51.93621826171875
2024-04-01,OCEANIA,AUSTRALIA,SHIRT,Summer,662,778.0657,-116.065673828125,116.065673828125
2024-05-01,OCEANIA,AUSTRALIA,SHIRT,Summer,776,778.5068,-2.50677490234375,2.50677490234375
2024-06-01,OCEANIA,AUSTRALIA,SHIRT,Summer,770,820.56396,-50.56396484375,50.56396484375
2024-07-01,OCEANIA,AUSTRALIA,SHIRT,Autumn,793,702.7711,90.2288818359375,90.2288818359375
2024-08-01,OCEANIA,AUSTRALIA,SHIRT,Autumn,779,788.53033,-9.53033447265625,9.53033447265625
2024-09-01,OCEANIA,AUSTRALIA,SHIRT,Autumn,859,789.74536,69.254638671875,69.254638671875
2024-10-01,OCEANIA,AUSTRALIA,SHIRT,Winter,887,740.3853,146.61468505859375,146.61468505859375
2024-11-01,OCEANIA,AUSTRALIA,SHIRT,Winter,900,810.8434,89.1566162109375,89.1566162109375
2024-12-01,OCEANIA,AUSTRALIA,SHIRT,Winter,886,854.35767,31.642333984375,31.642333984375
2024-01-01,OCEANIA,AUSTRALIA,SNEAKERS,Spring,472,412.6401,59.359893798828125,59.359893798828125
2024-02-01,OCEANIA,AUSTRALIA,SNEAKERS,Spring,509,450.69647,58.30352783203125,58.30352783203125
2024-03-01,OCEANIA,AUSTRALIA,SNEAKERS,Spring,593,527.97784,65.02215576171875,65.02215576171875
2024-04-01,OCEANIA,AUSTRALIA,SNEAKERS,Summer,553,460.7348,92.26519775390625,92.26519775390625
2024-05-01,OCEANIA,AUSTRALIA,SNEAKERS,Summer,464,506.2294,-42.229400634765625,42.229400634765625
2024-06-01,OCEANIA,AUSTRALIA,SNEAKERS,Summer,405,433.65518,-28.655181884765625,28.655181884765625
2024-07-01,OCEANIA,AUSTRALIA,SNEAKERS,Autumn,438,470.91364,-32.91363525390625,32.91363525390625
2024-08-01,OCEANIA,AUSTRALIA,SNEAKERS,Autumn,499,505.4106,-6.410614013671875,6.410614013671875
2024-09-01,OCEANIA,AUSTRALIA,SNEAKERS,Autumn,521,569.3301,-48.330078125,48.330078125
2024-10-01,OCEANIA,AUSTRALIA,SNEAKERS,Winter,420,484.57336,-64.5733642578125,64.5733642578125
2024-11-01,OCEANIA,AUSTRALIA,SNEAKERS,Winter,423,407.90567,15.094329833984375,15.094329833984375
2024-12-01,OCEANIA,AUSTRALIA,SNEAKERS,Winter,380,401.63605,-21.63604736328125,21.63604736328125
2024-01-01,OCEANIA,AUSTRALIA,SWEATER,Spring,280,355.54825,-75.54824829101562,75.54824829101562
2024-02-01,OCEANIA,AUSTRALIA,SWEATER,Spring,252,286.8295,-34.829498291015625,34.829498291015625
2024-03-01,OCEANIA,AUSTRALIA,SWEATER,Spring,318,281.00998,36.990020751953125,36.990020751953125
2024-04-01,OCEANIA,AUSTRALIA,SWEATER,Summer,388,359.0045,28.995513916015625,28.995513916015625
2024-05-01,OCEANIA,AUSTRALIA,SWEATER,Summer,425,478.72247,-53.72247314453125,53.72247314453125
2024-06-01,OCEANIA,AUSTRALIA,SWEATER,Summer,422,471.77423,-49.77423095703125,49.77423095703125
2024-07-01,OCEANIA,AUSTRALIA,SWEATER,Autumn,263,331.60745,-68.60745239257812,68.60745239257812
2024-08-01,OCEANIA,AUSTRALIA,SWEATER,Autumn,218,266.21783,-48.21783447265625,48.21783447265625
2024-09-01,OCEANIA,AUSTRALIA,SWEATER,Autumn,245,265.75876,-20.758758544921875,20.758758544921875
2024-10-01,OCEANIA,AUSTRALIA,SWEATER,Winter,353,294.16635,58.833648681640625,58.833648681640625
2024-11-01,OCEANIA,AUSTRALIA,SWEATER,Winter,455,387.36942,67.63058471679688,67.63058471679688
2024-12-01,OCEANIA,AUSTRALIA,SWEATER,Winter,403,420.79218,-17.79217529296875,17.79217529296875
2024-01-01,OCEANIA,AUSTRALIA,TOP,Spring,156,131.70312,24.296875,24.296875
2024-02-01,OCEANIA,AUSTRALIA,TOP,Spring,157,148.36864,8.631362915039062,8.631362915039062
2024-03-01,OCEANIA,AUSTRALIA,TOP,Spring,190,164.9839,25.016098022460938,25.016098022460938
2024-04-01,OCEANIA,AUSTRALIA,TOP,Summer,165,168.56914,-3.5691375732421875,3.5691375732421875
2024-05-01,OCEANIA,AUSTRALIA,TOP,Summer,168,158.01778,9.982223510742188,9.982223510742188
2024-06-01,OCEANIA,AUSTRALIA,TOP,Summer,165,150.82353,14.176467895507812,14.176467895507812
2024-07-01,OCEANIA,AUSTRALIA,TOP,Autumn,138,158.27145,-20.271453857421875,20.271453857421875
2024-08-01,OCEANIA,AUSTRALIA,TOP,Autumn,142,144.25847,-2.2584686279296875,2.2584686279296875
2024-09-01,OCEANIA,AUSTRALIA,TOP,Autumn,174,168.28807,5.7119293212890625,5.7119293212890625
2024-10-01,OCEANIA,AUSTRALIA,TOP,Winter,151,173.06812,-22.068115234375,22.068115234375
2024-11-01,OCEANIA,AUSTRALIA,TOP,Winter,154,164.02661,-10.026611328125,10.026611328125
2024-12-01,OCEANIA,AUSTRALIA,TOP,Winter,141,147.51532,-6.51531982421875,6.51531982421875
2024-01-01,OCEANIA,AUSTRALIA,VEST,Spring,16,18.535378,-2.5353775024414062,2.5353775024414062
2024-02-01,OCEANIA,AUSTRALIA,VEST,Spring,22,20.659115,1.3408851623535156,1.3408851623535156
2024-03-01,OCEANIA,AUSTRALIA,VEST,Spring,25,24.220642,0.77935791015625,0.77935791015625
2024-04-01,OCEANIA,AUSTRALIA,VEST,Summer,23,18.071125,4.928874969482422,4.928874969482422
2024-05-01,OCEANIA,AUSTRALIA,VEST,Summer,24,20.922102,3.0778980255126953,3.0778980255126953
2024-06-01,OCEANIA,AUSTRALIA,VEST,Summer,22,20.481352,1.5186481475830078,1.5186481475830078
2024-07-01,OCEANIA,AUSTRALIA,VEST,Autumn,21,18.941042,2.058958053588867,2.058958053588867
2024-08-01,OCEANIA,AUSTRALIA,VEST,Autumn,25,18.858728,6.141271591186523,6.141271591186523
2024-09-01,OCEANIA,AUSTRALIA,VEST,Autumn,32,21.51476,10.485240936279297,10.485240936279297
2024-10-01,OCEANIA,AUSTRALIA,VEST,Winter,31,23.21611,7.7838897705078125,7.7838897705078125
2024-11-01,OCEANIA,AUSTRALIA,VEST,Winter,30,24.197515,5.802484512329102,5.802484512329102
2024-12-01,OCEANIA,AUSTRALIA,VEST,Winter,27,20.604698,6.395301818847656,6.395301818847656
2024-01-01,LATIN_AMERICA,BRAZIL,BOOTS,Spring,176,170.14552,5.8544769287109375,5.8544769287109375
2024-02-01,LATIN_AMERICA,BRAZIL,BOOTS,Spring,199,196.70547,2.294525146484375,2.294525146484375
2024-03-01,LATIN_AMERICA,BRAZIL,BOOTS,Spring,295,230.00526,64.99473571777344,64.99473571777344
2024-04-01,LATIN_AMERICA,BRAZIL,BOOTS,Summer,239,261.69193,-22.691925048828125,22.691925048828125
2024-05-01,LATIN_AMERICA,BRAZIL,BOOTS,Summer,212,231.46596,-19.465957641601562,19.465957641601562
2024-06-01,LATIN_AMERICA,BRAZIL,BOOTS,Summer,202,200.136,1.8639984130859375,1.8639984130859375
2024-07-01,LATIN_AMERICA,BRAZIL,BOOTS,Autumn,198,229.25854,-31.258544921875,31.258544921875
2024-08-01,LATIN_AMERICA,BRAZIL,BOOTS,Autumn,241,226.08241,14.917587280273438,14.917587280273438
2024-09-01,LATIN_AMERICA,BRAZIL,BOOTS,Autumn,251,265.96808,-14.96807861328125,14.96807861328125
2024-10-01,LATIN_AMERICA,BRAZIL,BOOTS,Winter,213,209.91731,3.0826873779296875,3.0826873779296875
2024-11-01,LATIN_AMERICA,BRAZIL,BOOTS,Winter,190,194.67346,-4.6734619140625,4.6734619140625
2024-12-01,LATIN_AMERICA,BRAZIL,BOOTS,Winter,210,174.99002,35.009979248046875,35.009979248046875
2024-01-01,LATIN_AMERICA,BRAZIL,CARDIGAN,Spring,62,73.765625,-11.765625,11.765625
2024-02-01,LATIN_AMERICA,BRAZIL,CARDIGAN,Spring,67,71.28422,-4.284217834472656,4.284217834472656
2024-03-01,LATIN_AMERICA,BRAZIL,CARDIGAN,Spring,76,73.97387,2.0261306762695312,2.0261306762695312
2024-04-01,LATIN_AMERICA,BRAZIL,CARDIGAN,Summer,91,93.916275,-2.9162750244140625,2.9162750244140625
2024-05-01,LATIN_AMERICA,BRAZIL,CARDIGAN,Summer,113,117.44654,-4.446540832519531,4.446540832519531
2024-06-01,LATIN_AMERICA,BRAZIL,CARDIGAN,Summer,127,119.610664,7.389335632324219,7.389335632324219
2024-07-01,LATIN_AMERICA,BRAZIL,CARDIGAN,Autumn,76,96.358696,-20.35869598388672,20.35869598388672
2024-08-01,LATIN_AMERICA,BRAZIL,CARDIGAN,Autumn,81,88.1066,-7.106597900390625,7.106597900390625
2024-09-01,LATIN_AMERICA,BRAZIL,CARDIGAN,Autumn,72,83.41566,-11.415657043457031,11.415657043457031
2024-10-01,LATIN_AMERICA,BRAZIL,CARDIGAN,Winter,91,81.30818,9.691818237304688,9.691818237304688
2024-11-01,LATIN_AMERICA,BRAZIL,CARDIGAN,Winter,112,103.548,8.452003479003906,8.452003479003906
2024-12-01,LATIN_AMERICA,BRAZIL,CARDIGAN,Winter,116,107.03663,8.963371276855469,8.963371276855469
2024-01-01,LATIN_AMERICA,BRAZIL,JACKET,Spring,2256,2061.7766,194.223388671875,194.223388671875
2024-02-01,LATIN_AMERICA,BRAZIL,JACKET,Spring,2831,2680.5781,150.421875,150.421875
2024-03-01,LATIN_AMERICA,BRAZIL,JACKET,Spring,3079,3285.8655,-206.865478515625,206.865478515625
2024-04-01,LATIN_AMERICA,BRAZIL,JACKET,Summer,2281,2772.1487,-491.148681640625,491.148681640625
2024-05-01,LATIN_AMERICA,BRAZIL,JACKET,Summer,1727,2414.5444,-687.54443359375,687.54443359375
2024-06-01,LATIN_AMERICA,BRAZIL,JACKET,Summer,1613,1761.1189,-148.118896484375,148.118896484375
2024-07-01,LATIN_AMERICA,BRAZIL,JACKET,Autumn,2033,2443.1685,-410.16845703125,410.16845703125
2024-08-01,LATIN_AMERICA,BRAZIL,JACKET,Autumn,2464,2606.7532,-142.753173828125,142.753173828125
2024-09-01,LATIN_AMERICA,BRAZIL,JACKET,Autumn,2865,2984.3591,-119.359130859375,119.359130859375
2024-10-01,LATIN_AMERICA,BRAZIL,JACKET,Winter,1911,2544.9993,-633.999267578125,633.999267578125
2024-11-01,LATIN_AMERICA,BRAZIL,JACKET,Winter,1690,1980.8951,-290.8951416015625,290.8951416015625
2024-12-01,LATIN_AMERICA,BRAZIL,JACKET,Winter,1392,1704.5823,-312.582275390625,312.582275390625
2024-01-01,LATIN_AMERICA,BRAZIL,JEANS,Spring,176,163.9706,12.029403686523438,12.029403686523438
2024-02-01,LATIN_AMERICA,BRAZIL,JEANS,Spring,192,205.44415,-13.44415283203125,13.44415283203125
2024-03-01,LATIN_AMERICA,BRAZIL,JEANS,Spring,245,196.45328,48.546722412109375,48.546722412109375
2024-04-01,LATIN_AMERICA,BRAZIL,JEANS,Summer,151,182.99246,-31.992462158203125,31.992462158203125
2024-05-01,LATIN_AMERICA,BRAZIL,JEANS,Summer,182,153.3154,28.684600830078125,28.684600830078125
2024-06-01,LATIN_AMERICA,BRAZIL,JEANS,Summer,174,155.89755,18.102447509765625,18.102447509765625
2024-07-01,LATIN_AMERICA,BRAZIL,JEANS,Autumn,196,185.08472,10.915283203125,10.915283203125
2024-08-01,LATIN_AMERICA,BRAZIL,JEANS,Autumn,214,200.18002,13.819976806640625,13.819976806640625
2024-09-01,LATIN_AMERICA,BRAZIL,JEANS,Autumn,278,221.29314,56.70686340332031,56.70686340332031
2024-10-01,LATIN_AMERICA,BRAZIL,JEANS,Winter,177,173.66585,3.3341522216796875,3.3341522216796875
2024-11-01,LATIN_AMERICA,BRAZIL,JEANS,Winter,182,168.62914,13.370864868164062,13.370864868164062
2024-12-01,LATIN_AMERICA,BRAZIL,JEANS,Winter,190,141.73291,48.26708984375,48.26708984375
2024-01-01,LATIN_AMERICA,BRAZIL,SANDALS,Spring,46,78.32507,-32.3250732421875,32.3250732421875
2024-02-01,LATIN_AMERICA,BRAZIL,SANDALS,Spring,34,46.786896,-12.786895751953125,12.786895751953125
2024-03-01,LATIN_AMERICA,BRAZIL,SANDALS,Spring,41,40.63409,0.3659095764160156,0.3659095764160156
2024-04-01,LATIN_AMERICA,BRAZIL,SANDALS,Summer,83,63.476006,19.52399444580078,19.52399444580078
2024-05-01,LATIN_AMERICA,BRAZIL,SANDALS,Summer,90,88.0287,1.9712982177734375,1.9712982177734375
2024-06-01,LATIN_AMERICA,BRAZIL,SANDALS,Summer,92,90.48633,1.513671875,1.513671875
2024-07-01,LATIN_AMERICA,BRAZIL,SANDALS,Autumn,53,55.07716,-2.077159881591797,2.077159881591797
2024-08-01,LATIN_AMERICA,BRAZIL,SANDALS,Autumn,35,48.44978,-13.449779510498047,13.449779510498047
2024-09-01,LATIN_AMERICA,BRAZIL,SANDALS,Autumn,34,32.393208,1.6067924499511719,1.6067924499511719
2024-10-01,LATIN_AMERICA,BRAZIL,SANDALS,Winter,88,66.174774,21.825225830078125,21.825225830078125
2024-11-01,LATIN_AMERICA,BRAZIL,SANDALS,Winter,125,90.13557,34.86443328857422,34.86443328857422
2024-12-01,LATIN_AMERICA,BRAZIL,SANDALS,Winter,129,114.51916,14.480842590332031,14.480842590332031
2024-01-01,LATIN_AMERICA,BRAZIL,SHIRT,Spring,1523,1390.9276,132.0723876953125,132.0723876953125
2024-02-01,LATIN_AMERICA,BRAZIL,SHIRT,Spring,1401,1579.4851,-178.485107421875,178.485107421875
2024-03-01,LATIN_AMERICA,BRAZIL,SHIRT,Spring,1418,1557.6508,-139.6507568359375,139.6507568359375
2024-04-01,LATIN_AMERICA,BRAZIL,SHIRT,Summer,1187,1424.5479,-237.5478515625,237.5478515625
2024-05-01,LATIN_AMERICA,BRAZIL,SHIRT,Summer,1333,1357.9855,-24.9854736328125,24.9854736328125
2024-06-01,LATIN_AMERICA,BRAZIL,SHIRT,Summer,1355,1485.8984,-130.8984375,130.8984375
2024-07-01,LATIN_AMERICA,BRAZIL,SHIRT,Autumn,1429,1343.1151,85.8848876953125,85.8848876953125
2024-08-01,LATIN_AMERICA,BRAZIL,SHIRT,Autumn,1459,1385.4646,73.535400390625,73.535400390625
2024-09-01,LATIN_AMERICA,BRAZIL,SHIRT,Autumn,1869,1425.525,443.4749755859375,443.4749755859375
2024-10-01,LATIN_AMERICA,BRAZIL,SHIRT,Winter,1615,1472.4607,142.539306640625,142.539306640625
2024-11-01,LATIN_AMERICA,BRAZIL,SHIRT,Winter,1621,1438.9899,182.0101318359375,182.0101318359375
2024-12-01,LATIN_AMERICA,BRAZIL,SHIRT,Winter,1682,1564.2803,117.7197265625,117.7197265625
2024-01-01,LATIN_AMERICA,BRAZIL,SNEAKERS,Spring,879,786.22363,92.7763671875,92.7763671875
2024-02-01,LATIN_AMERICA,BRAZIL,SNEAKERS,Spring,883,874.09045,8.9095458984375,8.9095458984375
2024-03-01,LATIN_AMERICA,BRAZIL,SNEAKERS,Spring,1115,969.0101,145.98992919921875,145.98992919921875
2024-04-01,LATIN_AMERICA,BRAZIL,SNEAKERS,Summer,941,947.27704,-6.27703857421875,6.27703857421875
2024-05-01,LATIN_AMERICA,BRAZIL,SNEAKERS,Summer,979,956.3533,22.646728515625,22.646728515625
2024-06-01,LATIN_AMERICA,BRAZIL,SNEAKERS,Summer,840,838.86816,1.1318359375,1.1318359375
2024-07-01,LATIN_AMERICA,BRAZIL,SNEAKERS,Autumn,897,811.8435,85.156494140625,85.156494140625
2024-08-01,LATIN_AMERICA,BRAZIL,SNEAKERS,Autumn,1043,916.34894,126.65106201171875,126.65106201171875
2024-09-01,LATIN_AMERICA,BRAZIL,SNEAKERS,Autumn,1102,977.15234,124.84765625,124.84765625
2024-10-01,LATIN_AMERICA,BRAZIL,SNEAKERS,Winter,816,799.5335,16.46649169921875,16.46649169921875
2024-11-01,LATIN_AMERICA,BRAZIL,SNEAKERS,Winter,810,735.2633,74.7366943359375,74.7366943359375
2024-12-01,LATIN_AMERICA,BRAZIL,SNEAKERS,Winter,749,760.6278,-11.6278076171875,11.6278076171875
2024-01-01,LATIN_AMERICA,BRAZIL,SWEATER,Spring,537,654.6222,-117.6221923828125,117.6221923828125
2024-02-01,LATIN_AMERICA,BRAZIL,SWEATER,Spring,484,572.18207,-88.18206787109375,88.18206787109375
2024-03-01,LATIN_AMERICA,BRAZIL,SWEATER,Spring,615,555.0894,59.91058349609375,59.91058349609375
2024-04-01,LATIN_AMERICA,BRAZIL,SWEATER,Summer,836,700.16144,135.83856201171875,135.83856201171875
2024-05-01,LATIN_AMERICA,BRAZIL,SWEATER,Summer,918,895.6183,22.3817138671875,22.3817138671875
2024-06-01,LATIN_AMERICA,BRAZIL,SWEATER,Summer,946,961.80615,-15.80615234375,15.80615234375
2024-07-01,LATIN_AMERICA,BRAZIL,SWEATER,Autumn,489,614.87305,-125.873046875,125.873046875
2024-08-01,LATIN_AMERICA,BRAZIL,SWEATER,Autumn,419,561.27374,-142.27374267578125,142.27374267578125
2024-09-01,LATIN_AMERICA,BRAZIL,SWEATER,Autumn,465,549.5359,-84.535888671875,84.535888671875
2024-10-01,LATIN_AMERICA,BRAZIL,SWEATER,Winter,587,604.03094,-17.03094482421875,17.03094482421875
2024-11-01,LATIN_AMERICA,BRAZIL,SWEATER,Winter,771,647.5865,123.41351318359375,123.41351318359375
2024-12-01,LATIN_AMERICA,BRAZIL,SWEATER,Winter,763,731.7266,31.27337646484375,31.27337646484375
2024-01-01,LATIN_AMERICA,BRAZIL,TOP,Spring,259,220.89758,38.1024169921875,38.1024169921875
2024-02-01,LATIN_AMERICA,BRAZIL,TOP,Spring,310,249.58841,60.411590576171875,60.411590576171875
2024-03-01,LATIN_AMERICA,BRAZIL,TOP,Spring,342,318.67532,23.324676513671875,23.324676513671875
2024-04-01,LATIN_AMERICA,BRAZIL,TOP,Summer,293,327.36008,-34.360076904296875,34.360076904296875
2024-05-01,LATIN_AMERICA,BRAZIL,TOP,Summer,286,282.01547,3.984527587890625,3.984527587890625
2024-06-01,LATIN_AMERICA,BRAZIL,TOP,Summer,317,260.57623,56.42376708984375,56.42376708984375
2024-07-01,LATIN_AMERICA,BRAZIL,TOP,Autumn,256,315.18173,-59.181732177734375,59.181732177734375
2024-08-01,LATIN_AMERICA,BRAZIL,TOP,Autumn,268,289.713,-21.7130126953125,21.7130126953125
2024-09-01,LATIN_AMERICA,BRAZIL,TOP,Autumn,332,306.8411,25.158905029296875,25.158905029296875
2024-10-01,LATIN_AMERICA,BRAZIL,TOP,Winter,270,314.64246,-44.6424560546875,44.6424560546875
2024-11-01,LATIN_AMERICA,BRAZIL,TOP,Winter,267,278.0902,-11.0902099609375,11.0902099609375
2024-12-01,LATIN_AMERICA,BRAZIL,TOP,Winter,290,245.32208,44.67791748046875,44.67791748046875
2024-01-01,LATIN_AMERICA,BRAZIL,VEST,Spring,39,38.805916,0.19408416748046875,0.19408416748046875
2024-02-01,LATIN_AMERICA,BRAZIL,VEST,Spring,41,38.687725,2.312274932861328,2.312274932861328
2024-03-01,LATIN_AMERICA,BRAZIL,VEST,Spring,51,45.270844,5.729156494140625,5.729156494140625
2024-04-01,LATIN_AMERICA,BRAZIL,VEST,Summer,46,36.742325,9.257675170898438,9.257675170898438
2024-05-01,LATIN_AMERICA,BRAZIL,VEST,Summer,43,39.842667,3.1573333740234375,3.1573333740234375
2024-06-01,LATIN_AMERICA,BRAZIL,VEST,Summer,46,36.19675,9.80324935913086,9.80324935913086
2024-07-01,LATIN_AMERICA,BRAZIL,VEST,Autumn,47,42.025414,4.974586486816406,4.974586486816406
2024-08-01,LATIN_AMERICA,BRAZIL,VEST,Autumn,46,42.467102,3.53289794921875,3.53289794921875
2024-09-01,LATIN_AMERICA,BRAZIL,VEST,Autumn,56,42.415905,13.584095001220703,13.584095001220703
2024-10-01,LATIN_AMERICA,BRAZIL,VEST,Winter,54,43.6556,10.344398498535156,10.344398498535156
2024-11-01,LATIN_AMERICA,BRAZIL,VEST,Winter,54,44.78266,9.217338562011719,9.217338562011719
2024-12-01,LATIN_AMERICA,BRAZIL,VEST,Winter,51,43.93089,7.069110870361328,7.069110870361328
2024-01-01,NORTH_AMERICA,CANADA,BOOTS,Spring,107,126.262634,-19.26263427734375,19.26263427734375
2024-02-01,NORTH_AMERICA,CANADA,BOOTS,Spring,109,108.19729,0.8027114868164062,0.8027114868164062
2024-03-01,NORTH_AMERICA,CANADA,BOOTS,Spring,107,104.54388,2.4561233520507812,2.4561233520507812
2024-04-01,NORTH_AMERICA,CANADA,BOOTS,Summer,54,85.70326,-31.703262329101562,31.703262329101562
2024-05-01,NORTH_AMERICA,CANADA,BOOTS,Summer,59,49.48693,9.513069152832031,9.513069152832031
2024-06-01,NORTH_AMERICA,CANADA,BOOTS,Summer,54,53.24348,0.7565193176269531,0.7565193176269531
2024-07-01,NORTH_AMERICA,CANADA,BOOTS,Autumn,101,94.95891,6.0410919189453125,6.0410919189453125
2024-08-01,NORTH_AMERICA,CANADA,BOOTS,Autumn,151,133.54823,17.451766967773438,17.451766967773438
2024-09-01,NORTH_AMERICA,CANADA,BOOTS,Autumn,195,176.21309,18.786911010742188,18.786911010742188
2024-10-01,NORTH_AMERICA,CANADA,BOOTS,Winter,246,200.34952,45.650482177734375,45.650482177734375
2024-11-01,NORTH_AMERICA,CANADA,BOOTS,Winter,217,225.99861,-8.998611450195312,8.998611450195312
2024-12-01,NORTH_AMERICA,CANADA,BOOTS,Winter,207,193.62576,13.374237060546875,13.374237060546875
2024-01-01,NORTH_AMERICA,CANADA,CARDIGAN,Spring,34,38.750313,-4.750312805175781,4.750312805175781
2024-02-01,NORTH_AMERICA,CANADA,CARDIGAN,Spring,22,29.008678,-7.008678436279297,7.008678436279297
2024-03-01,NORTH_AMERICA,CANADA,CARDIGAN,Spring,17,19.979198,-2.979198455810547,2.979198455810547
2024-04-01,NORTH_AMERICA,CANADA,CARDIGAN,Summer,18,18.717768,-0.7177677154541016,0.7177677154541016
2024-05-01,NORTH_AMERICA,CANADA,CARDIGAN,Summer,25,24.483614,0.5163860321044922,0.5163860321044922
2024-06-01,NORTH_AMERICA,CANADA,CARDIGAN,Summer,32,25.985914,6.01408576965332,6.01408576965332
2024-07-01,NORTH_AMERICA,CANADA,CARDIGAN,Autumn,47,40.4865,6.513500213623047,6.513500213623047
2024-08-01,NORTH_AMERICA,CANADA,CARDIGAN,Autumn,67,59.981785,7.018215179443359,7.018215179443359
2024-09-01,NORTH_AMERICA,CANADA,CARDIGAN,Autumn,89,92.459,-3.4589996337890625,3.4589996337890625
2024-10-01,NORTH_AMERICA,CANADA,CARDIGAN,Winter,136,121.44501,14.55499267578125,14.55499267578125
2024-11-01,NORTH_AMERICA,CANADA,CARDIGAN,Winter,166,144.76553,21.234466552734375,21.234466552734375
2024-12-01,NORTH_AMERICA,CANADA,CARDIGAN,Winter,123,153.53116,-30.531158447265625,30.531158447265625
2024-01-01,NORTH_AMERICA,CANADA,JACKET,Spring,1808,1875.6532,-67.6531982421875,67.6531982421875
2024-02-01,NORTH_AMERICA,CANADA,JACKET,Spring,1502,1722.7766,-220.776611328125,220.776611328125
2024-03-01,NORTH_AMERICA,CANADA,JACKET,Spring,1310,1470.6604,-160.660400390625,160.660400390625
2024-04-01,NORTH_AMERICA,CANADA,JACKET,Summer,576,791.1833,-215.18328857421875,215.18328857421875
2024-05-01,NORTH_AMERICA,CANADA,JACKET,Summer,406,544.1324,-138.13238525390625,138.13238525390625
2024-06-01,NORTH_AMERICA,CANADA,JACKET,Summer,383,400.65424,-17.65423583984375,17.65423583984375
2024-07-01,NORTH_AMERICA,CANADA,JACKET,Autumn,917,918.78424,-1.78424072265625,1.78424072265625
2024-08-01,NORTH_AMERICA,CANADA,JACKET,Autumn,1348,1503.991,-155.990966796875,155.990966796875
2024-09-01,NORTH_AMERICA,CANADA,JACKET,Autumn,1860,2136.805,-276.804931640625,276.804931640625
2024-10-01,NORTH_AMERICA,CANADA,JACKET,Winter,2417,2145.7412,271.2587890625,271.2587890625
2024-11-01,NORTH_AMERICA,CANADA,JACKET,Winter,2555,2536.3955,18.6044921875,18.6044921875
2024-12-01,NORTH_AMERICA,CANADA,JACKET,Winter,2033,2413.4482,-380.4482421875,380.4482421875
2024-01-01,NORTH_AMERICA,CANADA,JEANS,Spring,106,97.013565,8.986434936523438,8.986434936523438
2024-02-01,NORTH_AMERICA,CANADA,JEANS,Spring,85,96.558334,-11.558334350585938,11.558334350585938
2024-03-01,NORTH_AMERICA,CANADA,JEANS,Spring,99,75.57679,23.42321014404297,23.42321014404297
2024-04-01,NORTH_AMERICA,CANADA,JEANS,Summer,52,46.094307,5.905693054199219,5.905693054199219
2024-05-01,NORTH_AMERICA,CANADA,JEANS,Summer,43,45.02862,-2.0286216735839844,2.0286216735839844
2024-06-01,NORTH_AMERICA,CANADA,JEANS,Summer,43,38.306065,4.693935394287109,4.693935394287109
2024-07-01,NORTH_AMERICA,CANADA,JEANS,Autumn,119,96.048195,22.951805114746094,22.951805114746094
2024-08-01,NORTH_AMERICA,CANADA,JEANS,Autumn,153,145.23009,7.7699127197265625,7.7699127197265625
2024-09-01,NORTH_AMERICA,CANADA,JEANS,Autumn,230,194.01492,35.985076904296875,35.985076904296875
2024-10-01,NORTH_AMERICA,CANADA,JEANS,Winter,245,212.63416,32.3658447265625,32.3658447265625
2024-11-01,NORTH_AMERICA,CANADA,JEANS,Winter,266,229.45078,36.549224853515625,36.549224853515625
2024-12-01,NORTH_AMERICA,CANADA,JEANS,Winter,213,209.81535,3.1846466064453125,3.1846466064453125
2024-01-01,NORTH_AMERICA,CANADA,SANDALS,Spring,9,9.414179,-0.41417884826660156,0.41417884826660156
2024-02-01,NORTH_AMERICA,CANADA,SANDALS,Spring,9,10.590549,-1.5905494689941406,1.5905494689941406
2024-03-01,NORTH_AMERICA,CANADA,SANDALS,Spring,23,20.011896,2.9881038665771484,2.9881038665771484
2024-04-01,NORTH_AMERICA,CANADA,SANDALS,Summer,344,373.4229,-29.42291259765625,29.42291259765625
2024-05-01,NORTH_AMERICA,CANADA,SANDALS,Summer,481,526.7919,-45.7918701171875,45.7918701171875
2024-06-01,NORTH_AMERICA,CANADA,SANDALS,Summer,542,538.6101,3.389892578125,3.389892578125
2024-07-01,NORTH_AMERICA,CANADA,SANDALS,Autumn,80,100.056206,-20.05620574951172,20.05620574951172
2024-08-01,NORTH_AMERICA,CANADA,SANDALS,Autumn,42,64.12327,-22.123268127441406,22.123268127441406
2024-09-01,NORTH_AMERICA,CANADA,SANDALS,Autumn,18,23.389282,-5.3892822265625,5.3892822265625
2024-10-01,NORTH_AMERICA,CANADA,SANDALS,Winter,7,5.7166495,1.2833504676818848,1.2833504676818848
2024-11-01,NORTH_AMERICA,CANADA,SANDALS,Winter,7,5.288015,1.7119851112365723,1.7119851112365723
2024-12-01,NORTH_AMERICA,CANADA,SANDALS,Winter,6,5.424757,0.5752429962158203,0.5752429962158203
2024-01-01,NORTH_AMERICA,CANADA,SHIRT,Spring,844,811.06177,32.938232421875,32.938232421875
2024-02-01,NORTH_AMERICA,CANADA,SHIRT,Spring,858,873.0154,-15.015380859375,15.015380859375
2024-03-01,NORTH_AMERICA,CANADA,SHIRT,Spring,870,894.82556,-24.8255615234375,24.8255615234375
2024-04-01,NORTH_AMERICA,CANADA,SHIRT,Summer,906,954.339,-48.3389892578125,48.3389892578125
2024-05-01,NORTH_AMERICA,CANADA,SHIRT,Summer,955,1018.1463,-63.14630126953125,63.14630126953125
2024-06-01,NORTH_AMERICA,CANADA,SHIRT,Summer,1042,1086.5565,-44.5565185546875,44.5565185546875
2024-07-01,NORTH_AMERICA,CANADA,SHIRT,Autumn,783,949.7296,-166.7296142578125,166.7296142578125
2024-08-01,NORTH_AMERICA,CANADA,SHIRT,Autumn,812,875.81885,-63.81884765625,63.81884765625
2024-09-01,NORTH_AMERICA,CANADA,SHIRT,Autumn,897,917.24084,-20.2408447265625,20.2408447265625
2024-10-01,NORTH_AMERICA,CANADA,SHIRT,Winter,741,783.8402,-42.8402099609375,42.8402099609375
2024-11-01,NORTH_AMERICA,CANADA,SHIRT,Winter,667,688.6014,-21.60137939453125,21.60137939453125
2024-12-01,NORTH_AMERICA,CANADA,SHIRT,Winter,728,766.7221,-38.72210693359375,38.72210693359375
2024-01-01,NORTH_AMERICA,CANADA,SNEAKERS,Spring,460,474.152,-14.152008056640625,14.152008056640625
2024-02-01,NORTH_AMERICA,CANADA,SNEAKERS,Spring,428,436.08835,-8.088348388671875,8.088348388671875
2024-03-01,NORTH_AMERICA,CANADA,SNEAKERS,Spring,524,458.55014,65.44985961914062,65.44985961914062
2024-04-01,NORTH_AMERICA,CANADA,SNEAKERS,Summer,466,444.94427,21.05572509765625,21.05572509765625
2024-05-01,NORTH_AMERICA,CANADA,SNEAKERS,Summer,459,435.93497,23.065032958984375,23.065032958984375
2024-06-01,NORTH_AMERICA,CANADA,SNEAKERS,Summer,381,418.41138,-37.411376953125,37.411376953125
2024-07-01,NORTH_AMERICA,CANADA,SNEAKERS,Autumn,476,462.1752,13.824798583984375,13.824798583984375
2024-08-01,NORTH_AMERICA,CANADA,SNEAKERS,Autumn,570,590.10986,-20.10986328125,20.10986328125
2024-09-01,NORTH_AMERICA,CANADA,SNEAKERS,Autumn,799,667.9033,131.0966796875,131.0966796875
2024-10-01,NORTH_AMERICA,CANADA,SNEAKERS,Winter,551,620.32733,-69.32733154296875,69.32733154296875
2024-11-01,NORTH_AMERICA,CANADA,SNEAKERS,Winter,563,562.93286,0.067138671875,0.067138671875
2024-12-01,NORTH_AMERICA,CANADA,SNEAKERS,Winter,484,553.1652,-69.16522216796875,69.16522216796875
2024-01-01,NORTH_AMERICA,CANADA,SWEATER,Spring,136,170.41112,-34.41111755371094,34.41111755371094
2024-02-01,NORTH_AMERICA,CANADA,SWEATER,Spring,83,111.42842,-28.428421020507812,28.428421020507812
2024-03-01,NORTH_AMERICA,CANADA,SWEATER,Spring,88,86.55646,1.44354248046875,1.44354248046875
2024-04-01,NORTH_AMERICA,CANADA,SWEATER,Summer,118,98.58146,19.418540954589844,19.418540954589844
2024-05-01,NORTH_AMERICA,CANADA,SWEATER,Summer,152,139.13583,12.864166259765625,12.864166259765625
2024-06-01,NORTH_AMERICA,CANADA,SWEATER,Summer,198,163.67313,34.326873779296875,34.326873779296875
2024-07-01,NORTH_AMERICA,CANADA,SWEATER,Autumn,607,512.83167,94.1683349609375,94.1683349609375
2024-08-01,NORTH_AMERICA,CANADA,SWEATER,Autumn,809,804.17,4.83001708984375,4.83001708984375
2024-09-01,NORTH_AMERICA,CANADA,SWEATER,Autumn,987,1079.5281,-92.528076171875,92.528076171875
2024-10-01,NORTH_AMERICA,CANADA,SWEATER,Winter,1012,1107.266,-95.2659912109375,95.2659912109375
2024-11-01,NORTH_AMERICA,CANADA,SWEATER,Winter,1155,1057.4658,97.5341796875,97.5341796875
2024-12-01,NORTH_AMERICA,CANADA,SWEATER,Winter,995,1098.3813,-103.38134765625,103.38134765625
2024-01-01,NORTH_AMERICA,CANADA,TOP,Spring,130,126.23369,3.7663116455078125,3.7663116455078125
2024-02-01,NORTH_AMERICA,CANADA,TOP,Spring,120,127.727036,-7.7270355224609375,7.7270355224609375
2024-03-01,NORTH_AMERICA,CANADA,TOP,Spring,136,121.09513,14.904869079589844,14.904869079589844
2024-04-01,NORTH_AMERICA,CANADA,TOP,Summer,126,126.049934,-0.04993438720703125,0.04993438720703125
2024-05-01,NORTH_AMERICA,CANADA,TOP,Summer,121,120.508064,0.49193572998046875,0.49193572998046875
2024-06-01,NORTH_AMERICA,CANADA,TOP,Summer,113,113.263725,-0.26372528076171875,0.26372528076171875
2024-07-01,NORTH_AMERICA,CANADA,TOP,Autumn,156,158.08937,-2.0893707275390625,2.0893707275390625
2024-08-01,NORTH_AMERICA,CANADA,TOP,Autumn,230,208.3019,21.698104858398438,21.698104858398438
2024-09-01,NORTH_AMERICA,CANADA,TOP,Autumn,311,271.26953,39.73046875,39.73046875
2024-10-01,NORTH_AMERICA,CANADA,TOP,Winter,213,246.84654,-33.84654235839844,33.84654235839844
2024-11-01,NORTH_AMERICA,CANADA,TOP,Winter,221,225.70937,-4.7093658447265625,4.7093658447265625
2024-12-01,NORTH_AMERICA,CANADA,TOP,Winter,229,216.96523,12.034774780273438,12.034774780273438
2024-01-01,NORTH_AMERICA,CANADA,VEST,Spring,21,27.526491,-6.526491165161133,6.526491165161133
2024-02-01,NORTH_AMERICA,CANADA,VEST,Spring,22,22.486694,-0.4866943359375,0.4866943359375
2024-03-01,NORTH_AMERICA,CANADA,VEST,Spring,21,21.32547,-0.325469970703125,0.325469970703125
2024-04-01,NORTH_AMERICA,CANADA,VEST,Summer,13,14.346292,-1.3462915420532227,1.3462915420532227
2024-05-01,NORTH_AMERICA,CANADA,VEST,Summer,15,10.850979,4.149021148681641,4.149021148681641
2024-06-01,NORTH_AMERICA,CANADA,VEST,Summer,13,11.844621,1.155379295349121,1.155379295349121
2024-07-01,NORTH_AMERICA,CANADA,VEST,Autumn,24,16.555075,7.444925308227539,7.444925308227539
2024-08-01,NORTH_AMERICA,CANADA,VEST,Autumn,33,21.124165,11.875835418701172,11.875835418701172
2024-09-01,NORTH_AMERICA,CANADA,VEST,Autumn,47,33.50334,13.496658325195312,13.496658325195312
2024-10-01,NORTH_AMERICA,CANADA,VEST,Winter,58,40.806816,17.19318389892578,17.19318389892578
2024-11-01,NORTH_AMERICA,CANADA,VEST,Winter,63,48.371735,14.628265380859375,14.628265380859375
2024-12-01,NORTH_AMERICA,CANADA,VEST,Winter,65,51.42027,13.579730987548828,13.579730987548828
2024-01-01,EAST_ASIA,CHINA,BOOTS,Spring,294,395.6104,-101.61041259765625,101.61041259765625
2024-02-01,EAST_ASIA,CHINA,BOOTS,Spring,280,329.3743,-49.374298095703125,49.374298095703125
2024-03-01,EAST_ASIA,CHINA,BOOTS,Spring,322,280.2283,41.771697998046875,41.771697998046875
2024-04-01,EAST_ASIA,CHINA,BOOTS,Summer,157,212.99986,-55.99986267089844,55.99986267089844
2024-05-01,EAST_ASIA,CHINA,BOOTS,Summer,150,155.383,-5.38299560546875,5.38299560546875
2024-06-01,EAST_ASIA,CHINA,BOOTS,Summer,141,140.02127,0.978729248046875,0.978729248046875
2024-07-01,EAST_ASIA,CHINA,BOOTS,Autumn,259,271.8242,-12.824188232421875,12.824188232421875
2024-08-01,EAST_ASIA,CHINA,BOOTS,Autumn,380,474.07544,-94.075439453125,94.075439453125
2024-09-01,EAST_ASIA,CHINA,BOOTS,Autumn,476,525.13947,-49.13946533203125,49.13946533203125
2024-10-01,EAST_ASIA,CHINA,BOOTS,Winter,671,612.86176,58.13824462890625,58.13824462890625
2024-11-01,EAST_ASIA,CHINA,BOOTS,Winter,644,682.26196,-38.261962890625,38.261962890625
2024-12-01,EAST_ASIA,CHINA,BOOTS,Winter,670,610.75287,59.24713134765625,59.24713134765625
2024-01-01,EAST_ASIA,CHINA,CARDIGAN,Spring,91,104.40808,-13.4080810546875,13.4080810546875
2024-02-01,EAST_ASIA,CHINA,CARDIGAN,Spring,62,80.015884,-18.015884399414062,18.015884399414062
2024-03-01,EAST_ASIA,CHINA,CARDIGAN,Spring,52,53.072937,-1.07293701171875,1.07293701171875
2024-04-01,EAST_ASIA,CHINA,CARDIGAN,Summer,54,50.45938,3.540618896484375,3.540618896484375
2024-05-01,EAST_ASIA,CHINA,CARDIGAN,Summer,65,65.27747,-0.27747344970703125,0.27747344970703125
2024-06-01,EAST_ASIA,CHINA,CARDIGAN,Summer,66,65.82829,0.1717071533203125,0.1717071533203125
2024-07-01,EAST_ASIA,CHINA,CARDIGAN,Autumn,115,106.17922,8.820777893066406,8.820777893066406
2024-08-01,EAST_ASIA,CHINA,CARDIGAN,Autumn,191,164.66809,26.3319091796875,26.3319091796875
2024-09-01,EAST_ASIA,CHINA,CARDIGAN,Autumn,316,250.2648,65.73519897460938,65.73519897460938
2024-10-01,EAST_ASIA,CHINA,CARDIGAN,Winter,449,367.33127,81.66873168945312,81.66873168945312
2024-11-01,EAST_ASIA,CHINA,CARDIGAN,Winter,458,446.03964,11.960357666015625,11.960357666015625
2024-12-01,EAST_ASIA,CHINA,CARDIGAN,Winter,418,416.72882,1.27117919921875,1.27117919921875
2024-01-01,EAST_ASIA,CHINA,JACKET,Spring,4618,5164.7944,-546.79443359375,546.79443359375
2024-02-01,EAST_ASIA,CHINA,JACKET,Spring,3898,4600.8496,-702.849609375,702.849609375
2024-03-01,EAST_ASIA,CHINA,JACKET,Spring,3854,3738.8896,115.1103515625,115.1103515625
2024-04-01,EAST_ASIA,CHINA,JACKET,Summer,1792,2359.2107,-567.210693359375,567.210693359375
2024-05-01,EAST_ASIA,CHINA,JACKET,Summer,1185,1680.3262,-495.326171875,495.326171875
2024-06-01,EAST_ASIA,CHINA,JACKET,Summer,1011,1180.0956,-169.0955810546875,169.0955810546875
2024-07-01,EAST_ASIA,CHINA,JACKET,Autumn,2448,2970.7727,-522.772705078125,522.772705078125
2024-08-01,EAST_ASIA,CHINA,JACKET,Autumn,3905,4080.0508,-175.05078125,175.05078125
2024-09-01,EAST_ASIA,CHINA,JACKET,Autumn,5318,5504.0254,-186.025390625,186.025390625
2024-10-01,EAST_ASIA,CHINA,JACKET,Winter,6708,6524.0776,183.92236328125,183.92236328125
2024-11-01,EAST_ASIA,CHINA,JACKET,Winter,7029,6947.7314,81.2685546875,81.2685546875
2024-12-01,EAST_ASIA,CHINA,JACKET,Winter,5624,6557.1797,-933.1796875,933.1796875
2024-01-01,EAST_ASIA,CHINA,JEANS,Spring,230,274.70944,-44.709442138671875,44.709442138671875
2024-02-01,EAST_ASIA,CHINA,JEANS,Spring,222,221.91292,0.0870819091796875,0.0870819091796875
2024-03-01,EAST_ASIA,CHINA,JEANS,Spring,254,203.80586,50.19413757324219,50.19413757324219
2024-04-01,EAST_ASIA,CHINA,JEANS,Summer,132,132.24716,-0.247161865234375,0.247161865234375
2024-05-01,EAST_ASIA,CHINA,JEANS,Summer,124,116.08184,7.918159484863281,7.918159484863281
2024-06-01,EAST_ASIA,CHINA,JEANS,Summer,125,102.950584,22.049415588378906,22.049415588378906
2024-07-01,EAST_ASIA,CHINA,JEANS,Autumn,386,269.77374,116.22625732421875,116.22625732421875
2024-08-01,EAST_ASIA,CHINA,JEANS,Autumn,480,417.7583,62.24169921875,62.24169921875
2024-09-01,EAST_ASIA,CHINA,JEANS,Autumn,571,520.5176,50.482421875,50.482421875
2024-10-01,EAST_ASIA,CHINA,JEANS,Winter,664,566.58746,97.41253662109375,97.41253662109375
2024-11-01,EAST_ASIA,CHINA,JEANS,Winter,717,640.7355,76.2645263671875,76.2645263671875
2024-12-01,EAST_ASIA,CHINA,JEANS,Winter,614,473.71085,140.28915405273438,140.28915405273438
2024-01-01,EAST_ASIA,CHINA,SANDALS,Spring,21,23.351944,-2.3519439697265625,2.3519439697265625
2024-02-01,EAST_ASIA,CHINA,SANDALS,Spring,22,32.468433,-10.468433380126953,10.468433380126953
2024-03-01,EAST_ASIA,CHINA,SANDALS,Spring,71,60.22046,10.779541015625,10.779541015625
2024-04-01,EAST_ASIA,CHINA,SANDALS,Summer,919,1129.6064,-210.6064453125,210.6064453125
2024-05-01,EAST_ASIA,CHINA,SANDALS,Summer,1325,1614.1455,-289.1455078125,289.1455078125
2024-06-01,EAST_ASIA,CHINA,SANDALS,Summer,1600,1710.9402,-110.940185546875,110.940185546875
2024-07-01,EAST_ASIA,CHINA,SANDALS,Autumn,240,327.1738,-87.17379760742188,87.17379760742188
2024-08-01,EAST_ASIA,CHINA,SANDALS,Autumn,121,194.60966,-73.60966491699219,73.60966491699219
2024-09-01,EAST_ASIA,CHINA,SANDALS,Autumn,47,81.60767,-34.60767364501953,34.60767364501953
2024-10-01,EAST_ASIA,CHINA,SANDALS,Winter,14,20.051525,-6.051525115966797,6.051525115966797
2024-11-01,EAST_ASIA,CHINA,SANDALS,Winter,18,11.9361925,6.063807487487793,6.063807487487793
2024-12-01,EAST_ASIA,CHINA,SANDALS,Winter,16,15.47761,0.5223903656005859,0.5223903656005859
2024-01-01,EAST_ASIA,CHINA,SHIRT,Spring,2639,2285.8052,353.19482421875,353.19482421875
2024-02-01,EAST_ASIA,CHINA,SHIRT,Spring,2617,2613.8533,3.146728515625,3.146728515625
2024-03-01,EAST_ASIA,CHINA,SHIRT,Spring,2501,2482.2708,18.729248046875,18.729248046875
2024-04-01,EAST_ASIA,CHINA,SHIRT,Summer,2560,2521.9226,38.077392578125,38.077392578125
2024-05-01,EAST_ASIA,CHINA,SHIRT,Summer,2654,2783.3318,-129.331787109375,129.331787109375
2024-06-01,EAST_ASIA,CHINA,SHIRT,Summer,2873,2918.9993,-45.999267578125,45.999267578125
2024-07-01,EAST_ASIA,CHINA,SHIRT,Autumn,2108,2218.2214,-110.221435546875,110.221435546875
2024-08-01,EAST_ASIA,CHINA,SHIRT,Autumn,2084,2158.4224,-74.42236328125,74.42236328125
2024-09-01,EAST_ASIA,CHINA,SHIRT,Autumn,2851,2388.6885,462.3115234375,462.3115234375
2024-10-01,EAST_ASIA,CHINA,SHIRT,Winter,1913,2018.918,-105.91796875,105.91796875
2024-11-01,EAST_ASIA,CHINA,SHIRT,Winter,1885,2010.0829,-125.0828857421875,125.0828857421875
2024-12-01,EAST_ASIA,CHINA,SHIRT,Winter,1964,2086.6335,-122.633544921875,122.633544921875
2024-01-01,EAST_ASIA,CHINA,SNEAKERS,Spring,1192,1338.4861,-146.486083984375,146.486083984375
2024-02-01,EAST_ASIA,CHINA,SNEAKERS,Spring,1286,1211.9891,74.0108642578125,74.0108642578125
2024-03-01,EAST_ASIA,CHINA,SNEAKERS,Spring,1495,1383.1857,111.8143310546875,111.8143310546875
2024-04-01,EAST_ASIA,CHINA,SNEAKERS,Summer,1253,1320.3163,-67.3162841796875,67.3162841796875
2024-05-01,EAST_ASIA,CHINA,SNEAKERS,Summer,1214,1295.8099,-81.8099365234375,81.8099365234375
2024-06-01,EAST_ASIA,CHINA,SNEAKERS,Summer,994,1178.3448,-184.3448486328125,184.3448486328125
2024-07-01,EAST_ASIA,CHINA,SNEAKERS,Autumn,1250,1496.743,-246.7430419921875,246.7430419921875
2024-08-01,EAST_ASIA,CHINA,SNEAKERS,Autumn,1657,1501.2671,155.73291015625,155.73291015625
2024-09-01,EAST_ASIA,CHINA,SNEAKERS,Autumn,2213,1981.4244,231.5755615234375,231.5755615234375
2024-10-01,EAST_ASIA,CHINA,SNEAKERS,Winter,1660,1926.5028,-266.5028076171875,266.5028076171875
2024-11-01,EAST_ASIA,CHINA,SNEAKERS,Winter,1548,1623.2017,-75.20166015625,75.20166015625
2024-12-01,EAST_ASIA,CHINA,SNEAKERS,Winter,1291,1483.9995,-192.99951171875,192.99951171875
2024-01-01,EAST_ASIA,CHINA,SWEATER,Spring,401,541.30615,-140.30615234375,140.30615234375
2024-02-01,EAST_ASIA,CHINA,SWEATER,Spring,272,361.35242,-89.3524169921875,89.3524169921875
2024-03-01,EAST_ASIA,CHINA,SWEATER,Spring,276,272.52213,3.477874755859375,3.477874755859375
2024-04-01,EAST_ASIA,CHINA,SWEATER,Summer,343,355.552,-12.552001953125,12.552001953125
2024-05-01,EAST_ASIA,CHINA,SWEATER,Summer,391,473.29297,-82.29296875,82.29296875
2024-06-01,EAST_ASIA,CHINA,SWEATER,Summer,461,502.96436,-41.96435546875,41.96435546875
2024-07-01,EAST_ASIA,CHINA,SWEATER,Autumn,1472,1508.9896,-36.9896240234375,36.9896240234375
2024-08-01,EAST_ASIA,CHINA,SWEATER,Autumn,2127,2312.9377,-185.937744140625,185.937744140625
2024-09-01,EAST_ASIA,CHINA,SWEATER,Autumn,2476,2836.633,-360.633056640625,360.633056640625
2024-10-01,EAST_ASIA,CHINA,SWEATER,Winter,3846,3188.1042,657.895751953125,657.895751953125
2024-11-01,EAST_ASIA,CHINA,SWEATER,Winter,3875,4054.1504,-179.150390625,179.150390625
2024-12-01,EAST_ASIA,CHINA,SWEATER,Winter,3264,3583.2148,-319.21484375,319.21484375
2024-01-01,EAST_ASIA,CHINA,TOP,Spring,374,380.3245,-6.324493408203125,6.324493408203125
2024-02-01,EAST_ASIA,CHINA,TOP,Spring,386,364.35184,21.648162841796875,21.648162841796875
2024-03-01,EAST_ASIA,CHINA,TOP,Spring,380,392.04333,-12.0433349609375,12.0433349609375
2024-04-01,EAST_ASIA,CHINA,TOP,Summer,366,356.83914,9.160858154296875,9.160858154296875
2024-05-01,EAST_ASIA,CHINA,TOP,Summer,381,367.8394,13.160614013671875,13.160614013671875
2024-06-01,EAST_ASIA,CHINA,TOP,Summer,300,349.07806,-49.07806396484375,49.07806396484375
2024-07-01,EAST_ASIA,CHINA,TOP,Autumn,438,487.54263,-49.542633056640625,49.542633056640625
2024-08-01,EAST_ASIA,CHINA,TOP,Autumn,583,596.58307,-13.58306884765625,13.58306884765625
2024-09-01,EAST_ASIA,CHINA,TOP,Autumn,950,728.8641,221.13592529296875,221.13592529296875
2024-10-01,EAST_ASIA,CHINA,TOP,Winter,639,779.52325,-140.52325439453125,140.52325439453125
2024-11-01,EAST_ASIA,CHINA,TOP,Winter,677,678.1614,-1.161376953125,1.161376953125
2024-12-01,EAST_ASIA,CHINA,TOP,Winter,737,645.16016,91.83984375,91.83984375
2024-01-01,EAST_ASIA,CHINA,VEST,Spring,57,89.02533,-32.02532958984375,32.02532958984375
2024-02-01,EAST_ASIA,CHINA,VEST,Spring,63,59.228405,3.771595001220703,3.771595001220703
2024-03-01,EAST_ASIA,CHINA,VEST,Spring,58,55.902344,2.09765625,2.09765625
2024-04-01,EAST_ASIA,CHINA,VEST,Summer,40,41.77867,-1.7786712646484375,1.7786712646484375
2024-05-01,EAST_ASIA,CHINA,VEST,Summer,38,36.19934,1.8006591796875,1.8006591796875
2024-06-01,EAST_ASIA,CHINA,VEST,Summer,34,33.765656,0.234344482421875,0.234344482421875
2024-07-01,EAST_ASIA,CHINA,VEST,Autumn,66,57.65537,8.34463119506836,8.34463119506836
2024-08-01,EAST_ASIA,CHINA,VEST,Autumn,83,68.21819,14.781806945800781,14.781806945800781
2024-09-01,EAST_ASIA,CHINA,VEST,Autumn,127,87.39415,39.60585021972656,39.60585021972656
2024-10-01,EAST_ASIA,CHINA,VEST,Winter,158,107.969826,50.030174255371094,50.030174255371094
2024-11-01,EAST_ASIA,CHINA,VEST,Winter,153,141.59938,11.400619506835938,11.400619506835938
2024-12-01,EAST_ASIA,CHINA,VEST,Winter,167,123.90075,43.09925079345703,43.09925079345703
2024-01-01,WESTERN_EUROPE,FRANCE,BOOTS,Spring,338,364.77594,-26.77593994140625,26.77593994140625
2024-02-01,WESTERN_EUROPE,FRANCE,BOOTS,Spring,324,326.27585,-2.275848388671875,2.275848388671875
2024-03-01,WESTERN_EUROPE,FRANCE,BOOTS,Spring,384,315.19424,68.80575561523438,68.80575561523438
2024-04-01,WESTERN_EUROPE,FRANCE,BOOTS,Summer,187,215.19817,-28.198165893554688,28.198165893554688
2024-05-01,WESTERN_EUROPE,FRANCE,BOOTS,Summer,194,181.21292,12.787078857421875,12.787078857421875
2024-06-01,WESTERN_EUROPE,FRANCE,BOOTS,Summer,181,175.6186,5.3813934326171875,5.3813934326171875
2024-07-01,WESTERN_EUROPE,FRANCE,BOOTS,Autumn,314,281.93695,32.06304931640625,32.06304931640625
2024-08-01,WESTERN_EUROPE,FRANCE,BOOTS,Autumn,451,416.8954,34.1046142578125,34.1046142578125
2024-09-01,WESTERN_EUROPE,FRANCE,BOOTS,Autumn,565,584.061,-19.06097412109375,19.06097412109375
2024-10-01,WESTERN_EUROPE,FRANCE,BOOTS,Winter,861,624.6871,236.31292724609375,236.31292724609375
2024-11-01,WESTERN_EUROPE,FRANCE,BOOTS,Winter,762,789.65906,-27.6590576171875,27.6590576171875
2024-12-01,WESTERN_EUROPE,FRANCE,BOOTS,Winter,732,674.2889,57.71112060546875,57.71112060546875
2024-01-01,WESTERN_EUROPE,FRANCE,CARDIGAN,Spring,97,110.35478,-13.354782104492188,13.354782104492188
2024-02-01,WESTERN_EUROPE,FRANCE,CARDIGAN,Spring,66,84.30786,-18.307861328125,18.307861328125
2024-03-01,WESTERN_EUROPE,FRANCE,CARDIGAN,Spring,50,56.44941,-6.449409484863281,6.449409484863281
2024-04-01,WESTERN_EUROPE,FRANCE,CARDIGAN,Summer,53,49.438892,3.561107635498047,3.561107635498047
2024-05-01,WESTERN_EUROPE,FRANCE,CARDIGAN,Summer,70,61.454662,8.545337677001953,8.545337677001953
2024-06-01,WESTERN_EUROPE,FRANCE,CARDIGAN,Summer,83,66.714836,16.28516387939453,16.28516387939453
2024-07-01,WESTERN_EUROPE,FRANCE,CARDIGAN,Autumn,136,118.94143,17.058570861816406,17.058570861816406
2024-08-01,WESTERN_EUROPE,FRANCE,CARDIGAN,Autumn,224,193.8151,30.184906005859375,30.184906005859375
2024-09-01,WESTERN_EUROPE,FRANCE,CARDIGAN,Autumn,311,292.0325,18.967498779296875,18.967498779296875
2024-10-01,WESTERN_EUROPE,FRANCE,CARDIGAN,Winter,446,372.41,73.58999633789062,73.58999633789062
2024-11-01,WESTERN_EUROPE,FRANCE,CARDIGAN,Winter,482,460.94202,21.0579833984375,21.0579833984375
2024-12-01,WESTERN_EUROPE,FRANCE,CARDIGAN,Winter,375,459.64755,-84.64755249023438,84.64755249023438
2024-01-01,WESTERN_EUROPE,FRANCE,JACKET,Spring,5347,5942.7407,-595.74072265625,595.74072265625
2024-02-01,WESTERN_EUROPE,FRANCE,JACKET,Spring,4503,5127.254,-624.25390625,624.25390625
2024-03-01,WESTERN_EUROPE,FRANCE,JACKET,Spring,3711,4663.1436,-952.1435546875,952.1435546875
2024-04-01,WESTERN_EUROPE,FRANCE,JACKET,Summer,1638,2612.062,-974.06201171875,974.06201171875
2024-05-01,WESTERN_EUROPE,FRANCE,JACKET,Summer,1106,1598.6378,-492.6378173828125,492.6378173828125
2024-06-01,WESTERN_EUROPE,FRANCE,JACKET,Summer,906,1278.3374,-372.33740234375,372.33740234375
2024-07-01,WESTERN_EUROPE,FRANCE,JACKET,Autumn,2397,2997.9478,-600.94775390625,600.94775390625
2024-08-01,WESTERN_EUROPE,FRANCE,JACKET,Autumn,3706,4535.337,-829.3369140625,829.3369140625
2024-09-01,WESTERN_EUROPE,FRANCE,JACKET,Autumn,5614,5688.44,-74.43994140625,74.43994140625
2024-10-01,WESTERN_EUROPE,FRANCE,JACKET,Winter,7307,6764.965,542.03515625,542.03515625
2024-11-01,WESTERN_EUROPE,FRANCE,JACKET,Winter,7843,7776.714,66.2861328125,66.2861328125
2024-12-01,WESTERN_EUROPE,FRANCE,JACKET,Winter,6082,7662.2246,-1580.224609375,1580.224609375
2024-01-01,WESTERN_EUROPE,FRANCE,JEANS,Spring,280,299.45856,-19.45855712890625,19.45855712890625
2024-02-01,WESTERN_EUROPE,FRANCE,JEANS,Spring,264,264.32083,-0.320831298828125,0.320831298828125
2024-03-01,WESTERN_EUROPE,FRANCE,JEANS,Spring,311,236.00438,74.99562072753906,74.99562072753906
2024-04-01,WESTERN_EUROPE,FRANCE,JEANS,Summer,157,151.06401,5.9359893798828125,5.9359893798828125
2024-05-01,WESTERN_EUROPE,FRANCE,JEANS,Summer,166,136.72351,29.2764892578125,29.2764892578125
2024-06-01,WESTERN_EUROPE,FRANCE,JEANS,Summer,146,139.27289,6.72711181640625,6.72711181640625
2024-07-01,WESTERN_EUROPE,FRANCE,JEANS,Autumn,372,334.5086,37.49139404296875,37.49139404296875
2024-08-01,WESTERN_EUROPE,FRANCE,JEANS,Autumn,539,421.19867,117.80133056640625,117.80133056640625
2024-09-01,WESTERN_EUROPE,FRANCE,JEANS,Autumn,661,612.6586,48.34136962890625,48.34136962890625
2024-10-01,WESTERN_EUROPE,FRANCE,JEANS,Winter,669,645.5519,23.4481201171875,23.4481201171875
2024-11-01,WESTERN_EUROPE,FRANCE,JEANS,Winter,849,634.06464,214.93536376953125,214.93536376953125
2024-12-01,WESTERN_EUROPE,FRANCE,JEANS,Winter,733,561.46735,171.53265380859375,171.53265380859375
2024-01-01,WESTERN_EUROPE,FRANCE,SANDALS,Spring,23,27.187468,-4.187467575073242,4.187467575073242
2024-02-01,WESTERN_EUROPE,FRANCE,SANDALS,Spring,25,35.277042,-10.277042388916016,10.277042388916016
2024-03-01,WESTERN_EUROPE,FRANCE,SANDALS,Spring,61,72.71383,-11.713829040527344,11.713829040527344
2024-04-01,WESTERN_EUROPE,FRANCE,SANDALS,Summer,951,1203.8662,-252.8662109375,252.8662109375
2024-05-01,WESTERN_EUROPE,FRANCE,SANDALS,Summer,1589,1567.4788,21.521240234375,21.521240234375
2024-06-01,WESTERN_EUROPE,FRANCE,SANDALS,Summer,1807,1763.246,43.7540283203125,43.7540283203125
2024-07-01,WESTERN_EUROPE,FRANCE,SANDALS,Autumn,290,331.83466,-41.83465576171875,41.83465576171875
2024-08-01,WESTERN_EUROPE,FRANCE,SANDALS,Autumn,129,202.77435,-73.77435302734375,73.77435302734375
2024-09-01,WESTERN_EUROPE,FRANCE,SANDALS,Autumn,50,85.187515,-35.18751525878906,35.18751525878906
2024-10-01,WESTERN_EUROPE,FRANCE,SANDALS,Winter,17,22.26395,-5.263950347900391,5.263950347900391
2024-11-01,WESTERN_EUROPE,FRANCE,SANDALS,Winter,21,14.383921,6.616079330444336,6.616079330444336
2024-12-01,WESTERN_EUROPE,FRANCE,SANDALS,Winter,17,18.993212,-1.9932117462158203,1.9932117462158203
2024-01-01,WESTERN_EUROPE,FRANCE,SHIRT,Spring,2256,2232.3083,23.691650390625,23.691650390625
2024-02-01,WESTERN_EUROPE,FRANCE,SHIRT,Spring,2293,2431.059,-138.05908203125,138.05908203125
2024-03-01,WESTERN_EUROPE,FRANCE,SHIRT,Spring,2504,2499.128,4.8720703125,4.8720703125
2024-04-01,WESTERN_EUROPE,FRANCE,SHIRT,Summer,2885,2719.2998,165.7001953125,165.7001953125
2024-05-01,WESTERN_EUROPE,FRANCE,SHIRT,Summer,2979,3095.5032,-116.503173828125,116.503173828125
2024-06-01,WESTERN_EUROPE,FRANCE,SHIRT,Summer,3081,3152.0112,-71.01123046875,71.01123046875
2024-07-01,WESTERN_EUROPE,FRANCE,SHIRT,Autumn,2468,2239.7004,228.299560546875,228.299560546875
2024-08-01,WESTERN_EUROPE,FRANCE,SHIRT,Autumn,2656,2560.794,95.2060546875,95.2060546875
2024-09-01,WESTERN_EUROPE,FRANCE,SHIRT,Autumn,3144,2813.4255,330.574462890625,330.574462890625
2024-10-01,WESTERN_EUROPE,FRANCE,SHIRT,Winter,2364,2405.0056,-41.005615234375,41.005615234375
2024-11-01,WESTERN_EUROPE,FRANCE,SHIRT,Winter,2198,2210.0027,-12.002685546875,12.002685546875
2024-12-01,WESTERN_EUROPE,FRANCE,SHIRT,Winter,2493,2263.2805,229.719482421875,229.719482421875
2024-01-01,WESTERN_EUROPE,FRANCE,SNEAKERS,Spring,1529,1486.2948,42.7052001953125,42.7052001953125
2024-02-01,WESTERN_EUROPE,FRANCE,SNEAKERS,Spring,1334,1483.5032,-149.503173828125,149.503173828125
2024-03-01,WESTERN_EUROPE,FRANCE,SNEAKERS,Spring,1500,1389.248,110.751953125,110.751953125
2024-04-01,WESTERN_EUROPE,FRANCE,SNEAKERS,Summer,1335,1413.73,-78.72998046875,78.72998046875
2024-05-01,WESTERN_EUROPE,FRANCE,SNEAKERS,Summer,1285,1400.4819,-115.48193359375,115.48193359375
2024-06-01,WESTERN_EUROPE,FRANCE,SNEAKERS,Summer,1087,1252.6868,-165.686767578125,165.686767578125
2024-07-01,WESTERN_EUROPE,FRANCE,SNEAKERS,Autumn,1380,1404.7012,-24.701171875,24.701171875
2024-08-01,WESTERN_EUROPE,FRANCE,SNEAKERS,Autumn,1656,1595.3315,60.66845703125,60.66845703125
2024-09-01,WESTERN_EUROPE,FRANCE,SNEAKERS,Autumn,2097,2007.9503,89.0496826171875,89.0496826171875
2024-10-01,WESTERN_EUROPE,FRANCE,SNEAKERS,Winter,1527,1732.3982,-205.398193359375,205.398193359375
2024-11-01,WESTERN_EUROPE,FRANCE,SNEAKERS,Winter,1602,1595.7274,6.2725830078125,6.2725830078125
2024-12-01,WESTERN_EUROPE,FRANCE,SNEAKERS,Winter,1465,1587.5424,-122.5423583984375,122.5423583984375
2024-01-01,WESTERN_EUROPE,FRANCE,SWEATER,Spring,447,566.7244,-119.72442626953125,119.72442626953125
2024-02-01,WESTERN_EUROPE,FRANCE,SWEATER,Spring,290,380.94394,-90.94393920898438,90.94393920898438
2024-03-01,WESTERN_EUROPE,FRANCE,SWEATER,Spring,276,276.0517,-0.05169677734375,0.05169677734375
2024-04-01,WESTERN_EUROPE,FRANCE,SWEATER,Summer,360,336.77615,23.223846435546875,23.223846435546875
2024-05-01,WESTERN_EUROPE,FRANCE,SWEATER,Summer,514,493.156,20.843994140625,20.843994140625
2024-06-01,WESTERN_EUROPE,FRANCE,SWEATER,Summer,608,623.112,-15.11199951171875,15.11199951171875
2024-07-01,WESTERN_EUROPE,FRANCE,SWEATER,Autumn,1844,1757.59,86.4100341796875,86.4100341796875
2024-08-01,WESTERN_EUROPE,FRANCE,SWEATER,Autumn,2769,2596.6138,172.38623046875,172.38623046875
2024-09-01,WESTERN_EUROPE,FRANCE,SWEATER,Autumn,3496,3464.5188,31.481201171875,31.481201171875
2024-10-01,WESTERN_EUROPE,FRANCE,SWEATER,Winter,4194,4034.9138,159.086181640625,159.086181640625
2024-11-01,WESTERN_EUROPE,FRANCE,SWEATER,Winter,4093,3911.3313,181.668701171875,181.668701171875
2024-12-01,WESTERN_EUROPE,FRANCE,SWEATER,Winter,3942,3617.4634,324.53662109375,324.53662109375
2024-01-01,WESTERN_EUROPE,FRANCE,TOP,Spring,402,417.40182,-15.401824951171875,15.401824951171875
2024-02-01,WESTERN_EUROPE,FRANCE,TOP,Spring,398,387.67548,10.32452392578125,10.32452392578125
2024-03-01,WESTERN_EUROPE,FRANCE,TOP,Spring,375,392.49902,-17.4990234375,17.4990234375
2024-04-01,WESTERN_EUROPE,FRANCE,TOP,Summer,405,371.59024,33.409759521484375,33.409759521484375
2024-05-01,WESTERN_EUROPE,FRANCE,TOP,Summer,372,389.36066,-17.36065673828125,17.36065673828125
2024-06-01,WESTERN_EUROPE,FRANCE,TOP,Summer,358,358.33066,-0.330657958984375,0.330657958984375
2024-07-01,WESTERN_EUROPE,FRANCE,TOP,Autumn,573,512.70526,60.29473876953125,60.29473876953125
2024-08-01,WESTERN_EUROPE,FRANCE,TOP,Autumn,708,694.69934,13.3006591796875,13.3006591796875
2024-09-01,WESTERN_EUROPE,FRANCE,TOP,Autumn,1015,866.9522,148.04779052734375,148.04779052734375
2024-10-01,WESTERN_EUROPE,FRANCE,TOP,Winter,764,944.6089,-180.60888671875,180.60888671875
2024-11-01,WESTERN_EUROPE,FRANCE,TOP,Winter,835,789.1197,45.88031005859375,45.88031005859375
2024-12-01,WESTERN_EUROPE,FRANCE,TOP,Winter,890,768.3683,121.6317138671875,121.6317138671875
2024-01-01,WESTERN_EUROPE,FRANCE,VEST,Spring,66,93.55034,-27.550338745117188,27.550338745117188
2024-02-01,WESTERN_EUROPE,FRANCE,VEST,Spring,65,67.67111,-2.671112060546875,2.671112060546875
2024-03-01,WESTERN_EUROPE,FRANCE,VEST,Spring,59,64.29525,-5.295249938964844,5.295249938964844
2024-04-01,WESTERN_EUROPE,FRANCE,VEST,Summer,40,46.121002,-6.121002197265625,6.121002197265625
2024-05-01,WESTERN_EUROPE,FRANCE,VEST,Summer,38,40.399044,-2.3990440368652344,2.3990440368652344
2024-06-01,WESTERN_EUROPE,FRANCE,VEST,Summer,34,33.83084,0.169158935546875,0.169158935546875
2024-07-01,WESTERN_EUROPE,FRANCE,VEST,Autumn,71,50.893486,20.10651397705078,20.10651397705078
2024-08-01,WESTERN_EUROPE,FRANCE,VEST,Autumn,92,67.45325,24.5467529296875,24.5467529296875
2024-09-01,WESTERN_EUROPE,FRANCE,VEST,Autumn,140,101.295364,38.70463562011719,38.70463562011719
2024-10-01,WESTERN_EUROPE,FRANCE,VEST,Winter,187,131.93022,55.06977844238281,55.06977844238281
2024-11-01,WESTERN_EUROPE,FRANCE,VEST,Winter,201,164.26521,36.73478698730469,36.73478698730469
2024-12-01,WESTERN_EUROPE,FRANCE,VEST,Winter,187,153.74419,33.25581359863281,33.25581359863281
2024-01-01,WESTERN_EUROPE,GERMANY,BOOTS,Spring,363,490.8895,-127.88949584960938,127.88949584960938
2024-02-01,WESTERN_EUROPE,GERMANY,BOOTS,Spring,382,388.92422,-6.924224853515625,6.924224853515625
2024-03-01,WESTERN_EUROPE,GERMANY,BOOTS,Spring,398,386.39322,11.606781005859375,11.606781005859375
2024-04-01,WESTERN_EUROPE,GERMANY,BOOTS,Summer,223,284.2001,-61.200103759765625,61.200103759765625
2024-05-01,WESTERN_EUROPE,GERMANY,BOOTS,Summer,235,209.25267,25.747329711914062,25.747329711914062
2024-06-01,WESTERN_EUROPE,GERMANY,BOOTS,Summer,198,220.59529,-22.595291137695312,22.595291137695312
2024-07-01,WESTERN_EUROPE,GERMANY,BOOTS,Autumn,328,313.91647,14.083526611328125,14.083526611328125
2024-08-01,WESTERN_EUROPE,GERMANY,BOOTS,Autumn,533,472.21472,60.7852783203125,60.7852783203125
2024-09-01,WESTERN_EUROPE,GERMANY,BOOTS,Autumn,742,719.3981,22.6019287109375,22.6019287109375
2024-10-01,WESTERN_EUROPE,GERMANY,BOOTS,Winter,1054,857.3701,196.6298828125,196.6298828125
2024-11-01,WESTERN_EUROPE,GERMANY,BOOTS,Winter,923,943.20135,-20.20135498046875,20.20135498046875
2024-12-01,WESTERN_EUROPE,GERMANY,BOOTS,Winter,894,786.4406,107.55938720703125,107.55938720703125
2024-01-01,WESTERN_EUROPE,GERMANY,CARDIGAN,Spring,125,132.06277,-7.062774658203125,7.062774658203125
2024-02-01,WESTERN_EUROPE,GERMANY,CARDIGAN,Spring,77,106.80017,-29.8001708984375,29.8001708984375
2024-03-01,WESTERN_EUROPE,GERMANY,CARDIGAN,Spring,57,67.845245,-10.845245361328125,10.845245361328125
2024-04-01,WESTERN_EUROPE,GERMANY,CARDIGAN,Summer,61,58.67331,2.326690673828125,2.326690673828125
2024-05-01,WESTERN_EUROPE,GERMANY,CARDIGAN,Summer,91,82.59928,8.400718688964844,8.400718688964844
2024-06-01,WESTERN_EUROPE,GERMANY,CARDIGAN,Summer,107,100.2098,6.790199279785156,6.790199279785156
2024-07-01,WESTERN_EUROPE,GERMANY,CARDIGAN,Autumn,162,151.43077,10.569229125976562,10.569229125976562
2024-08-01,WESTERN_EUROPE,GERMANY,CARDIGAN,Autumn,269,228.22408,40.77592468261719,40.77592468261719
2024-09-01,WESTERN_EUROPE,GERMANY,CARDIGAN,Autumn,395,316.08914,78.91085815429688,78.91085815429688
2024-10-01,WESTERN_EUROPE,GERMANY,CARDIGAN,Winter,530,451.3489,78.65109252929688,78.65109252929688
2024-11-01,WESTERN_EUROPE,GERMANY,CARDIGAN,Winter,603,539.7968,63.20318603515625,63.20318603515625
2024-12-01,WESTERN_EUROPE,GERMANY,CARDIGAN,Winter,509,550.9195,-41.91949462890625,41.91949462890625
2024-01-01,WESTERN_EUROPE,GERMANY,JACKET,Spring,5435,7275.1343,-1840.13427734375,1840.13427734375
2024-02-01,WESTERN_EUROPE,GERMANY,JACKET,Spring,4772,6237.9033,-1465.9033203125,1465.9033203125
2024-03-01,WESTERN_EUROPE,GERMANY,JACKET,Spring,4345,5880.799,-1535.798828125,1535.798828125
2024-04-01,WESTERN_EUROPE,GERMANY,JACKET,Summer,2053,3504.3394,-1451.33935546875,1451.33935546875
2024-05-01,WESTERN_EUROPE,GERMANY,JACKET,Summer,1453,2002.4889,-549.4888916015625,549.4888916015625
2024-06-01,WESTERN_EUROPE,GERMANY,JACKET,Summer,1404,1518.5529,-114.5528564453125,114.5528564453125
2024-07-01,WESTERN_EUROPE,GERMANY,JACKET,Autumn,3333,3934.8103,-601.810302734375,601.810302734375
2024-08-01,WESTERN_EUROPE,GERMANY,JACKET,Autumn,5366,5667.264,-301.26416015625,301.26416015625
2024-09-01,WESTERN_EUROPE,GERMANY,JACKET,Autumn,7533,7784.551,-251.55078125,251.55078125
2024-10-01,WESTERN_EUROPE,GERMANY,JACKET,Winter,7729,8994.706,-1265.7060546875,1265.7060546875
2024-11-01,WESTERN_EUROPE,GERMANY,JACKET,Winter,8711,8680.617,30.3828125,30.3828125
2024-12-01,WESTERN_EUROPE,GERMANY,JACKET,Winter,8008,8140.6284,-132.62841796875,132.62841796875
2024-01-01,WESTERN_EUROPE,GERMANY,JEANS,Spring,308,405.95505,-97.95504760742188,97.95504760742188
2024-02-01,WESTERN_EUROPE,GERMANY,JEANS,Spring,295,319.24762,-24.24761962890625,24.24761962890625
2024-03-01,WESTERN_EUROPE,GERMANY,JEANS,Spring,309,314.4524,-5.452392578125,5.452392578125
2024-04-01,WESTERN_EUROPE,GERMANY,JEANS,Summer,171,209.25578,-38.25578308105469,38.25578308105469
2024-05-01,WESTERN_EUROPE,GERMANY,JEANS,Summer,155,179.1197,-24.119705200195312,24.119705200195312
2024-06-01,WESTERN_EUROPE,GERMANY,JEANS,Summer,169,138.2472,30.7528076171875,30.7528076171875
2024-07-01,WESTERN_EUROPE,GERMANY,JEANS,Autumn,470,345.90204,124.09796142578125,124.09796142578125
2024-08-01,WESTERN_EUROPE,GERMANY,JEANS,Autumn,561,588.0415,-27.04150390625,27.04150390625
2024-09-01,WESTERN_EUROPE,GERMANY,JEANS,Autumn,759,744.9886,14.01141357421875,14.01141357421875
2024-10-01,WESTERN_EUROPE,GERMANY,JEANS,Winter,833,743.05,89.95001220703125,89.95001220703125
2024-11-01,WESTERN_EUROPE,GERMANY,JEANS,Winter,863,754.44495,108.5550537109375,108.5550537109375
2024-12-01,WESTERN_EUROPE,GERMANY,JEANS,Winter,763,610.93146,152.06854248046875,152.06854248046875
2024-01-01,WESTERN_EUROPE,GERMANY,SANDALS,Spring,32,33.57135,-1.57135009765625,1.57135009765625
2024-02-01,WESTERN_EUROPE,GERMANY,SANDALS,Spring,36,40.752617,-4.752616882324219,4.752616882324219
2024-03-01,WESTERN_EUROPE,GERMANY,SANDALS,Spring,85,90.008286,-5.0082855224609375,5.0082855224609375
2024-04-01,WESTERN_EUROPE,GERMANY,SANDALS,Summer,1253,1323.7571,-70.757080078125,70.757080078125
2024-05-01,WESTERN_EUROPE,GERMANY,SANDALS,Summer,1840,1805.7445,34.2554931640625,34.2554931640625
2024-06-01,WESTERN_EUROPE,GERMANY,SANDALS,Summer,2100,2159.3123,-59.312255859375,59.312255859375
2024-07-01,WESTERN_EUROPE,GERMANY,SANDALS,Autumn,345,404.73767,-59.7376708984375,59.7376708984375
2024-08-01,WESTERN_EUROPE,GERMANY,SANDALS,Autumn,185,261.3398,-76.33981323242188,76.33981323242188
2024-09-01,WESTERN_EUROPE,GERMANY,SANDALS,Autumn,69,94.92949,-25.929489135742188,25.929489135742188
2024-10-01,WESTERN_EUROPE,GERMANY,SANDALS,Winter,19,25.290007,-6.290006637573242,6.290006637573242
2024-11-01,WESTERN_EUROPE,GERMANY,SANDALS,Winter,22,15.997471,6.002529144287109,6.002529144287109
2024-12-01,WESTERN_EUROPE,GERMANY,SANDALS,Winter,21,19.757195,1.2428054809570312,1.2428054809570312
2024-01-01,WESTERN_EUROPE,GERMANY,SHIRT,Spring,2725,2908.3088,-183.308837890625,183.308837890625
2024-02-01,WESTERN_EUROPE,GERMANY,SHIRT,Spring,2665,2913.738,-248.738037109375,248.738037109375
2024-03-01,WESTERN_EUROPE,GERMANY,SHIRT,Spring,2968,2809.44,158.56005859375,158.56005859375
2024-04-01,WESTERN_EUROPE,GERMANY,SHIRT,Summer,3456,3205.9827,250.017333984375,250.017333984375
2024-05-01,WESTERN_EUROPE,GERMANY,SHIRT,Summer,3840,3508.0352,331.96484375,331.96484375
2024-06-01,WESTERN_EUROPE,GERMANY,SHIRT,Summer,4000,3745.7832,254.216796875,254.216796875
2024-07-01,WESTERN_EUROPE,GERMANY,SHIRT,Autumn,2912,3230.26,-318.260009765625,318.260009765625
2024-08-01,WESTERN_EUROPE,GERMANY,SHIRT,Autumn,2700,2961.651,-261.65087890625,261.65087890625
2024-09-01,WESTERN_EUROPE,GERMANY,SHIRT,Autumn,3718,3060.8845,657.115478515625,657.115478515625
2024-10-01,WESTERN_EUROPE,GERMANY,SHIRT,Winter,2757,2882.687,-125.68701171875,125.68701171875
2024-11-01,WESTERN_EUROPE,GERMANY,SHIRT,Winter,2593,2740.1672,-147.167236328125,147.167236328125
2024-12-01,WESTERN_EUROPE,GERMANY,SHIRT,Winter,2782,2793.9749,-11.974853515625,11.974853515625
2024-01-01,WESTERN_EUROPE,GERMANY,SNEAKERS,Spring,1935,1869.5736,65.4263916015625,65.4263916015625
2024-02-01,WESTERN_EUROPE,GERMANY,SNEAKERS,Spring,1885,1898.9213,-13.9212646484375,13.9212646484375
2024-03-01,WESTERN_EUROPE,GERMANY,SNEAKERS,Spring,2116,1898.6902,217.309814453125,217.309814453125
2024-04-01,WESTERN_EUROPE,GERMANY,SNEAKERS,Summer,1762,1842.4489,-80.4488525390625,80.4488525390625
2024-05-01,WESTERN_EUROPE,GERMANY,SNEAKERS,Summer,1460,1800.4788,-340.478759765625,340.478759765625
2024-06-01,WESTERN_EUROPE,GERMANY,SNEAKERS,Summer,1372,1580.947,-208.947021484375,208.947021484375
2024-07-01,WESTERN_EUROPE,GERMANY,SNEAKERS,Autumn,1770,2124.6245,-354.62451171875,354.62451171875
2024-08-01,WESTERN_EUROPE,GERMANY,SNEAKERS,Autumn,1991,2269.18,-278.179931640625,278.179931640625
2024-09-01,WESTERN_EUROPE,GERMANY,SNEAKERS,Autumn,2305,2565.7056,-260.70556640625,260.70556640625
2024-10-01,WESTERN_EUROPE,GERMANY,SNEAKERS,Winter,1739,2272.8538,-533.853759765625,533.853759765625
2024-11-01,WESTERN_EUROPE,GERMANY,SNEAKERS,Winter,1841,1934.6393,-93.6392822265625,93.6392822265625
2024-12-01,WESTERN_EUROPE,GERMANY,SNEAKERS,Winter,1741,1973.0658,-232.0657958984375,232.0657958984375
2024-01-01,WESTERN_EUROPE,GERMANY,SWEATER,Spring,541,724.7994,-183.79937744140625,183.79937744140625
2024-02-01,WESTERN_EUROPE,GERMANY,SWEATER,Spring,359,493.6655,-134.66549682617188,134.66549682617188
2024-03-01,WESTERN_EUROPE,GERMANY,SWEATER,Spring,325,391.35406,-66.35406494140625,66.35406494140625
2024-04-01,WESTERN_EUROPE,GERMANY,SWEATER,Summer,443,433.39557,9.60443115234375,9.60443115234375
2024-05-01,WESTERN_EUROPE,GERMANY,SWEATER,Summer,573,622.5272,-49.5272216796875,49.5272216796875
2024-06-01,WESTERN_EUROPE,GERMANY,SWEATER,Summer,685,733.3174,-48.3173828125,48.3173828125
2024-07-01,WESTERN_EUROPE,GERMANY,SWEATER,Autumn,2104,2196.2996,-92.299560546875,92.299560546875
2024-08-01,WESTERN_EUROPE,GERMANY,SWEATER,Autumn,2718,2793.0393,-75.039306640625,75.039306640625
2024-09-01,WESTERN_EUROPE,GERMANY,SWEATER,Autumn,3238,3845.4382,-607.438232421875,607.438232421875
2024-10-01,WESTERN_EUROPE,GERMANY,SWEATER,Winter,4439,3936.4998,502.500244140625,502.500244140625
2024-11-01,WESTERN_EUROPE,GERMANY,SWEATER,Winter,4781,4754.147,26.85302734375,26.85302734375
2024-12-01,WESTERN_EUROPE,GERMANY,SWEATER,Winter,3944,4552.028,-608.02783203125,608.02783203125
2024-01-01,WESTERN_EUROPE,GERMANY,TOP,Spring,496,499.7127,-3.71270751953125,3.71270751953125
2024-02-01,WESTERN_EUROPE,GERMANY,TOP,Spring,464,480.26465,-16.2646484375,16.2646484375
2024-03-01,WESTERN_EUROPE,GERMANY,TOP,Spring,456,449.61844,6.381561279296875,6.381561279296875
2024-04-01,WESTERN_EUROPE,GERMANY,TOP,Summer,469,430.1273,38.872711181640625,38.872711181640625
2024-05-01,WESTERN_EUROPE,GERMANY,TOP,Summer,434,420.9992,13.00079345703125,13.00079345703125
2024-06-01,WESTERN_EUROPE,GERMANY,TOP,Summer,422,382.87204,39.127960205078125,39.127960205078125
2024-07-01,WESTERN_EUROPE,GERMANY,TOP,Autumn,627,556.5707,70.4293212890625,70.4293212890625
2024-08-01,WESTERN_EUROPE,GERMANY,TOP,Autumn,834,789.25085,44.7491455078125,44.7491455078125
2024-09-01,WESTERN_EUROPE,GERMANY,TOP,Autumn,1124,1045.5364,78.463623046875,78.463623046875
2024-10-01,WESTERN_EUROPE,GERMANY,TOP,Winter,838,1037.5184,-199.5184326171875,199.5184326171875
2024-11-01,WESTERN_EUROPE,GERMANY,TOP,Winter,966,934.69763,31.3023681640625,31.3023681640625
2024-12-01,WESTERN_EUROPE,GERMANY,TOP,Winter,869,936.69507,-67.695068359375,67.695068359375
2024-01-01,WESTERN_EUROPE,GERMANY,VEST,Spring,77,90.19974,-13.199737548828125,13.199737548828125
2024-02-01,WESTERN_EUROPE,GERMANY,VEST,Spring,84,79.20978,4.79022216796875,4.79022216796875
2024-03-01,WESTERN_EUROPE,GERMANY,VEST,Spring,67,85.57193,-18.571929931640625,18.571929931640625
2024-04-01,WESTERN_EUROPE,GERMANY,VEST,Summer,46,49.485752,-3.4857521057128906,3.4857521057128906
2024-05-01,WESTERN_EUROPE,GERMANY,VEST,Summer,45,43.859642,1.1403579711914062,1.1403579711914062
2024-06-01,WESTERN_EUROPE,GERMANY,VEST,Summer,43,37.803333,5.196666717529297,5.196666717529297
2024-07-01,WESTERN_EUROPE,GERMANY,VEST,Autumn,96,63.221848,32.77815246582031,32.77815246582031
2024-08-01,WESTERN_EUROPE,GERMANY,VEST,Autumn,129,97.16806,31.831939697265625,31.831939697265625
2024-09-01,WESTERN_EUROPE,GERMANY,VEST,Autumn,218,134.04991,83.95008850097656,83.95008850097656
2024-10-01,WESTERN_EUROPE,GERMANY,VEST,Winter,269,173.12308,95.87692260742188,95.87692260742188
2024-11-01,WESTERN_EUROPE,GERMANY,VEST,Winter,247,185.8556,61.14439392089844,61.14439392089844
2024-12-01,WESTERN_EUROPE,GERMANY,VEST,Winter,238,181.16861,56.831390380859375,56.831390380859375
2024-01-01,SOUTH_ASIA,INDIA,BOOTS,Spring,214,269.79193,-55.79193115234375,55.79193115234375
2024-02-01,SOUTH_ASIA,INDIA,BOOTS,Spring,224,214.6466,9.3533935546875,9.3533935546875
2024-03-01,SOUTH_ASIA,INDIA,BOOTS,Spring,222,212.30109,9.69891357421875,9.69891357421875
2024-04-01,SOUTH_ASIA,INDIA,BOOTS,Summer,109,142.26013,-33.2601318359375,33.2601318359375
2024-05-01,SOUTH_ASIA,INDIA,BOOTS,Summer,110,104.92206,5.07794189453125,5.07794189453125
2024-06-01,SOUTH_ASIA,INDIA,BOOTS,Summer,109,101.83201,7.167991638183594,7.167991638183594
2024-07-01,SOUTH_ASIA,INDIA,BOOTS,Autumn,201,199.35997,1.6400299072265625,1.6400299072265625
2024-08-01,SOUTH_ASIA,INDIA,BOOTS,Autumn,363,256.45074,106.54925537109375,106.54925537109375
2024-09-01,SOUTH_ASIA,INDIA,BOOTS,Autumn,472,406.12527,65.87472534179688,65.87472534179688
2024-10-01,SOUTH_ASIA,INDIA,BOOTS,Winter,665,464.435,200.56500244140625,200.56500244140625
2024-11-01,SOUTH_ASIA,INDIA,BOOTS,Winter,550,560.2395,-10.239501953125,10.239501953125
2024-12-01,SOUTH_ASIA,INDIA,BOOTS,Winter,487,473.8666,13.133392333984375,13.133392333984375
2024-01-01,SOUTH_ASIA,INDIA,CARDIGAN,Spring,73,90.913185,-17.913185119628906,17.913185119628906
2024-02-01,SOUTH_ASIA,INDIA,CARDIGAN,Spring,47,61.279648,-14.279647827148438,14.279647827148438
2024-03-01,SOUTH_ASIA,INDIA,CARDIGAN,Spring,34,41.462376,-7.462375640869141,7.462375640869141
2024-04-01,SOUTH_ASIA,INDIA,CARDIGAN,Summer,37,35.925415,1.0745849609375,1.0745849609375
2024-05-01,SOUTH_ASIA,INDIA,CARDIGAN,Summer,51,47.4675,3.532501220703125,3.532501220703125
2024-06-01,SOUTH_ASIA,INDIA,CARDIGAN,Summer,59,49.689293,9.310707092285156,9.310707092285156
2024-07-01,SOUTH_ASIA,INDIA,CARDIGAN,Autumn,88,83.45503,4.5449676513671875,4.5449676513671875
2024-08-01,SOUTH_ASIA,INDIA,CARDIGAN,Autumn,144,124.32695,19.673049926757812,19.673049926757812
2024-09-01,SOUTH_ASIA,INDIA,CARDIGAN,Autumn,220,204.49219,15.5078125,15.5078125
2024-10-01,SOUTH_ASIA,INDIA,CARDIGAN,Winter,281,247.29877,33.70123291015625,33.70123291015625
2024-11-01,SOUTH_ASIA,INDIA,CARDIGAN,Winter,338,288.51752,49.48248291015625,49.48248291015625
2024-12-01,SOUTH_ASIA,INDIA,CARDIGAN,Winter,267,336.41974,-69.41973876953125,69.41973876953125
2024-01-01,SOUTH_ASIA,INDIA,JACKET,Spring,4214,3870.0684,343.931640625,343.931640625
2024-02-01,SOUTH_ASIA,INDIA,JACKET,Spring,3722,3658.9856,63.014404296875,63.014404296875
2024-03-01,SOUTH_ASIA,INDIA,JACKET,Spring,3301,3430.0518,-129.0517578125,129.0517578125
2024-04-01,SOUTH_ASIA,INDIA,JACKET,Summer,1373,2038.8823,-665.88232421875,665.88232421875
2024-05-01,SOUTH_ASIA,INDIA,JACKET,Summer,921,1095.089,-174.0889892578125,174.0889892578125
2024-06-01,SOUTH_ASIA,INDIA,JACKET,Summer,744,883.6778,-139.67779541015625,139.67779541015625
2024-07-01,SOUTH_ASIA,INDIA,JACKET,Autumn,1937,2061.458,-124.4580078125,124.4580078125
2024-08-01,SOUTH_ASIA,INDIA,JACKET,Autumn,3248,2976.1836,271.81640625,271.81640625
2024-09-01,SOUTH_ASIA,INDIA,JACKET,Autumn,4843,4731.6123,111.3876953125,111.3876953125
2024-10-01,SOUTH_ASIA,INDIA,JACKET,Winter,5174,5813.643,-639.64306640625,639.64306640625
2024-11-01,SOUTH_ASIA,INDIA,JACKET,Winter,5326,5715.2686,-389.2685546875,389.2685546875
2024-12-01,SOUTH_ASIA,INDIA,JACKET,Winter,4434,5141.2065,-707.20654296875,707.20654296875
2024-01-01,SOUTH_ASIA,INDIA,JEANS,Spring,169,185.30544,-16.305435180664062,16.305435180664062
2024-02-01,SOUTH_ASIA,INDIA,JEANS,Spring,153,170.81242,-17.812423706054688,17.812423706054688
2024-03-01,SOUTH_ASIA,INDIA,JEANS,Spring,165,135.2191,29.780899047851562,29.780899047851562
2024-04-01,SOUTH_ASIA,INDIA,JEANS,Summer,90,84.88233,5.117668151855469,5.117668151855469
2024-05-01,SOUTH_ASIA,INDIA,JEANS,Summer,93,80.72819,12.271812438964844,12.271812438964844
2024-06-01,SOUTH_ASIA,INDIA,JEANS,Summer,87,79.13409,7.865913391113281,7.865913391113281
2024-07-01,SOUTH_ASIA,INDIA,JEANS,Autumn,241,199.60269,41.397308349609375,41.397308349609375
2024-08-01,SOUTH_ASIA,INDIA,JEANS,Autumn,351,278.00464,72.995361328125,72.995361328125
2024-09-01,SOUTH_ASIA,INDIA,JEANS,Autumn,485,385.48453,99.51547241210938,99.51547241210938
2024-10-01,SOUTH_ASIA,INDIA,JEANS,Winter,492,421.84116,70.15884399414062,70.15884399414062
2024-11-01,SOUTH_ASIA,INDIA,JEANS,Winter,549,426.0371,122.962890625,122.962890625
2024-12-01,SOUTH_ASIA,INDIA,JEANS,Winter,470,371.06845,98.93154907226562,98.93154907226562
2024-01-01,SOUTH_ASIA,INDIA,SANDALS,Spring,19,16.821455,2.1785449981689453,2.1785449981689453
2024-02-01,SOUTH_ASIA,INDIA,SANDALS,Spring,19,25.241737,-6.241737365722656,6.241737365722656
2024-03-01,SOUTH_ASIA,INDIA,SANDALS,Spring,47,48.477364,-1.4773635864257812,1.4773635864257812
2024-04-01,SOUTH_ASIA,INDIA,SANDALS,Summer,705,809.4784,-104.4783935546875,104.4783935546875
2024-05-01,SOUTH_ASIA,INDIA,SANDALS,Summer,1095,1037.262,57.738037109375,57.738037109375
2024-06-01,SOUTH_ASIA,INDIA,SANDALS,Summer,1364,1187.7244,176.275634765625,176.275634765625
2024-07-01,SOUTH_ASIA,INDIA,SANDALS,Autumn,218,213.6609,4.3390960693359375,4.3390960693359375
2024-08-01,SOUTH_ASIA,INDIA,SANDALS,Autumn,100,126.705666,-26.705665588378906,26.705665588378906
2024-09-01,SOUTH_ASIA,INDIA,SANDALS,Autumn,42,42.804333,-0.8043327331542969,0.8043327331542969
2024-10-01,SOUTH_ASIA,INDIA,SANDALS,Winter,13,14.339085,-1.3390846252441406,1.3390846252441406
2024-11-01,SOUTH_ASIA,INDIA,SANDALS,Winter,15,10.820296,4.179703712463379,4.179703712463379
2024-12-01,SOUTH_ASIA,INDIA,SANDALS,Winter,12,12.365259,-0.36525917053222656,0.36525917053222656
2024-01-01,SOUTH_ASIA,INDIA,SHIRT,Spring,1593,1547.4553,45.544677734375,45.544677734375
2024-02-01,SOUTH_ASIA,INDIA,SHIRT,Spring,1606,1660.4608,-54.4608154296875,54.4608154296875
2024-03-01,SOUTH_ASIA,INDIA,SHIRT,Spring,1592,1701.3842,-109.3841552734375,109.3841552734375
2024-04-01,SOUTH_ASIA,INDIA,SHIRT,Summer,1842,1785.4813,56.5186767578125,56.5186767578125
2024-05-01,SOUTH_ASIA,INDIA,SHIRT,Summer,2180,2070.1594,109.840576171875,109.840576171875
2024-06-01,SOUTH_ASIA,INDIA,SHIRT,Summer,2216,2362.3044,-146.304443359375,146.304443359375
2024-07-01,SOUTH_ASIA,INDIA,SHIRT,Autumn,1808,1730.9514,77.048583984375,77.048583984375
2024-08-01,SOUTH_ASIA,INDIA,SHIRT,Autumn,1869,1737.5022,131.497802734375,131.497802734375
2024-09-01,SOUTH_ASIA,INDIA,SHIRT,Autumn,2111,1786.3505,324.6495361328125,324.6495361328125
2024-10-01,SOUTH_ASIA,INDIA,SHIRT,Winter,1589,1542.2402,46.759765625,46.759765625
2024-11-01,SOUTH_ASIA,INDIA,SHIRT,Winter,1398,1444.3273,-46.3272705078125,46.3272705078125
2024-12-01,SOUTH_ASIA,INDIA,SHIRT,Winter,1480,1451.377,28.623046875,28.623046875
2024-01-01,SOUTH_ASIA,INDIA,SNEAKERS,Spring,783,919.20056,-136.2005615234375,136.2005615234375
2024-02-01,SOUTH_ASIA,INDIA,SNEAKERS,Spring,910,834.22705,75.77294921875,75.77294921875
2024-03-01,SOUTH_ASIA,INDIA,SNEAKERS,Spring,942,949.7042,-7.7042236328125,7.7042236328125
2024-04-01,SOUTH_ASIA,INDIA,SNEAKERS,Summer,838,896.20123,-58.20123291015625,58.20123291015625
2024-05-01,SOUTH_ASIA,INDIA,SNEAKERS,Summer,966,854.2985,111.70147705078125,111.70147705078125
2024-06-01,SOUTH_ASIA,INDIA,SNEAKERS,Summer,811,888.2264,-77.22637939453125,77.22637939453125
2024-07-01,SOUTH_ASIA,INDIA,SNEAKERS,Autumn,1020,1067.4484,-47.4483642578125,47.4483642578125
2024-08-01,SOUTH_ASIA,INDIA,SNEAKERS,Autumn,1253,1152.1278,100.8721923828125,100.8721923828125
2024-09-01,SOUTH_ASIA,INDIA,SNEAKERS,Autumn,1487,1334.1129,152.8870849609375,152.8870849609375
2024-10-01,SOUTH_ASIA,INDIA,SNEAKERS,Winter,973,1089.661,-116.6610107421875,116.6610107421875
2024-11-01,SOUTH_ASIA,INDIA,SNEAKERS,Winter,1088,1030.0107,57.9892578125,57.9892578125
2024-12-01,SOUTH_ASIA,INDIA,SNEAKERS,Winter,1033,1004.8498,28.15020751953125,28.15020751953125
2024-01-01,SOUTH_ASIA,INDIA,SWEATER,Spring,307,382.61093,-75.61093139648438,75.61093139648438
2024-02-01,SOUTH_ASIA,INDIA,SWEATER,Spring,215,248.1066,-33.106597900390625,33.106597900390625
2024-03-01,SOUTH_ASIA,INDIA,SWEATER,Spring,207,202.08476,4.9152374267578125,4.9152374267578125
2024-04-01,SOUTH_ASIA,INDIA,SWEATER,Summer,246,250.8503,-4.8502960205078125,4.8502960205078125
2024-05-01,SOUTH_ASIA,INDIA,SWEATER,Summer,326,389.05606,-63.056060791015625,63.056060791015625
2024-06-01,SOUTH_ASIA,INDIA,SWEATER,Summer,427,407.1627,19.837310791015625,19.837310791015625
2024-07-01,SOUTH_ASIA,INDIA,SWEATER,Autumn,1212,1249.1671,-37.1671142578125,37.1671142578125
2024-08-01,SOUTH_ASIA,INDIA,SWEATER,Autumn,1705,1753.158,-48.157958984375,48.157958984375
2024-09-01,SOUTH_ASIA,INDIA,SWEATER,Autumn,2252,2370.1143,-118.1142578125,118.1142578125
2024-10-01,SOUTH_ASIA,INDIA,SWEATER,Winter,2952,2740.166,211.833984375,211.833984375
2024-11-01,SOUTH_ASIA,INDIA,SWEATER,Winter,3231,2973.0479,257.9521484375,257.9521484375
2024-12-01,SOUTH_ASIA,INDIA,SWEATER,Winter,2412,2870.9065,-458.906494140625,458.906494140625
2024-01-01,SOUTH_ASIA,INDIA,TOP,Spring,263,293.97092,-30.970916748046875,30.970916748046875
2024-02-01,SOUTH_ASIA,INDIA,TOP,Spring,269,246.6339,22.366104125976562,22.366104125976562
2024-03-01,SOUTH_ASIA,INDIA,TOP,Spring,272,262.0236,9.976409912109375,9.976409912109375
2024-04-01,SOUTH_ASIA,INDIA,TOP,Summer,260,248.80936,11.190643310546875,11.190643310546875
2024-05-01,SOUTH_ASIA,INDIA,TOP,Summer,247,248.12157,-1.1215667724609375,1.1215667724609375
2024-06-01,SOUTH_ASIA,INDIA,TOP,Summer,238,231.93399,6.066009521484375,6.066009521484375
2024-07-01,SOUTH_ASIA,INDIA,TOP,Autumn,320,348.49313,-28.493133544921875,28.493133544921875
2024-08-01,SOUTH_ASIA,INDIA,TOP,Autumn,430,428.93494,1.0650634765625,1.0650634765625
2024-09-01,SOUTH_ASIA,INDIA,TOP,Autumn,621,567.03534,53.96466064453125,53.96466064453125
2024-10-01,SOUTH_ASIA,INDIA,TOP,Winter,492,559.811,-67.81097412109375,67.81097412109375
2024-11-01,SOUTH_ASIA,INDIA,TOP,Winter,542,499.84262,42.157379150390625,42.157379150390625
2024-12-01,SOUTH_ASIA,INDIA,TOP,Winter,574,514.96796,59.03204345703125,59.03204345703125
2024-01-01,SOUTH_ASIA,INDIA,VEST,Spring,45,61.13691,-16.13690948486328,16.13690948486328
2024-02-01,SOUTH_ASIA,INDIA,VEST,Spring,41,40.09012,0.909881591796875,0.909881591796875
2024-03-01,SOUTH_ASIA,INDIA,VEST,Spring,40,37.111862,2.8881378173828125,2.8881378173828125
2024-04-01,SOUTH_ASIA,INDIA,VEST,Summer,28,29.960348,-1.960348129272461,1.960348129272461
2024-05-01,SOUTH_ASIA,INDIA,VEST,Summer,28,27.095901,0.9040985107421875,0.9040985107421875
2024-06-01,SOUTH_ASIA,INDIA,VEST,Summer,25,24.597393,0.4026069641113281,0.4026069641113281
2024-07-01,SOUTH_ASIA,INDIA,VEST,Autumn,50,34.64947,15.350528717041016,15.350528717041016
2024-08-01,SOUTH_ASIA,INDIA,VEST,Autumn,65,48.690983,16.309017181396484,16.309017181396484
2024-09-01,SOUTH_ASIA,INDIA,VEST,Autumn,108,71.9419,36.05809783935547,36.05809783935547
2024-10-01,SOUTH_ASIA,INDIA,VEST,Winter,134,100.80869,33.191307067871094,33.191307067871094
2024-11-01,SOUTH_ASIA,INDIA,VEST,Winter,143,122.67982,20.32018280029297,20.32018280029297
2024-12-01,SOUTH_ASIA,INDIA,VEST,Winter,129,119.21099,9.789009094238281,9.789009094238281
2024-01-01,SOUTHEAST_ASIA,INDONESIA,BOOTS,Spring,160,167.23004,-7.23004150390625,7.23004150390625
2024-02-01,SOUTHEAST_ASIA,INDONESIA,BOOTS,Spring,153,154.85512,-1.8551177978515625,1.8551177978515625
2024-03-01,SOUTHEAST_ASIA,INDONESIA,BOOTS,Spring,170,145.57788,24.422119140625,24.422119140625
2024-04-01,SOUTHEAST_ASIA,INDONESIA,BOOTS,Summer,81,105.13911,-24.13910675048828,24.13910675048828
2024-05-01,SOUTHEAST_ASIA,INDONESIA,BOOTS,Summer,84,74.71428,9.285720825195312,9.285720825195312
2024-06-01,SOUTHEAST_ASIA,INDONESIA,BOOTS,Summer,84,78.55208,5.4479217529296875,5.4479217529296875
2024-07-01,SOUTHEAST_ASIA,INDONESIA,BOOTS,Autumn,149,137.89201,11.107986450195312,11.107986450195312
2024-08-01,SOUTHEAST_ASIA,INDONESIA,BOOTS,Autumn,228,199.61235,28.387649536132812,28.387649536132812
2024-09-01,SOUTHEAST_ASIA,INDONESIA,BOOTS,Autumn,301,265.65982,35.340179443359375,35.340179443359375
2024-10-01,SOUTHEAST_ASIA,INDONESIA,BOOTS,Winter,413,315.363,97.63699340820312,97.63699340820312
2024-11-01,SOUTHEAST_ASIA,INDONESIA,BOOTS,Winter,362,388.24393,-26.243927001953125,26.243927001953125
2024-12-01,SOUTHEAST_ASIA,INDONESIA,BOOTS,Winter,358,341.77893,16.2210693359375,16.2210693359375
2024-01-01,SOUTHEAST_ASIA,INDONESIA,CARDIGAN,Spring,41,54.45628,-13.456279754638672,13.456279754638672
2024-02-01,SOUTHEAST_ASIA,INDONESIA,CARDIGAN,Spring,30,36.446316,-6.446315765380859,6.446315765380859
2024-03-01,SOUTHEAST_ASIA,INDONESIA,CARDIGAN,Spring,24,25.984184,-1.9841842651367188,1.9841842651367188
2024-04-01,SOUTHEAST_ASIA,INDONESIA,CARDIGAN,Summer,25,26.834076,-1.834075927734375,1.834075927734375
2024-05-01,SOUTHEAST_ASIA,INDONESIA,CARDIGAN,Summer,33,31.633236,1.3667640686035156,1.3667640686035156
2024-06-01,SOUTHEAST_ASIA,INDONESIA,CARDIGAN,Summer,38,37.569515,0.4304847717285156,0.4304847717285156
2024-07-01,SOUTHEAST_ASIA,INDONESIA,CARDIGAN,Autumn,61,58.817093,2.1829071044921875,2.1829071044921875
2024-08-01,SOUTHEAST_ASIA,INDONESIA,CARDIGAN,Autumn,109,96.29475,12.705253601074219,12.705253601074219
2024-09-01,SOUTHEAST_ASIA,INDONESIA,CARDIGAN,Autumn,143,138.82318,4.17681884765625,4.17681884765625
2024-10-01,SOUTHEAST_ASIA,INDONESIA,CARDIGAN,Winter,195,168.51884,26.481155395507812,26.481155395507812
2024-11-01,SOUTHEAST_ASIA,INDONESIA,CARDIGAN,Winter,252,195.79248,56.20751953125,56.20751953125
2024-12-01,SOUTHEAST_ASIA,INDONESIA,CARDIGAN,Winter,204,218.45624,-14.45623779296875,14.45623779296875
2024-01-01,SOUTHEAST_ASIA,INDONESIA,JACKET,Spring,2633,2799.1118,-166.11181640625,166.11181640625
2024-02-01,SOUTHEAST_ASIA,INDONESIA,JACKET,Spring,2329,2547.1938,-218.19384765625,218.19384765625
2024-03-01,SOUTHEAST_ASIA,INDONESIA,JACKET,Spring,2039,2238.6655,-199.66552734375,199.66552734375
2024-04-01,SOUTHEAST_ASIA,INDONESIA,JACKET,Summer,891,1395.8925,-504.8924560546875,504.8924560546875
2024-05-01,SOUTHEAST_ASIA,INDONESIA,JACKET,Summer,581,816.7774,-235.77740478515625,235.77740478515625
2024-06-01,SOUTHEAST_ASIA,INDONESIA,JACKET,Summer,603,594.30725,8.6927490234375,8.6927490234375
2024-07-01,SOUTHEAST_ASIA,INDONESIA,JACKET,Autumn,1469,1757.8768,-288.8768310546875,288.8768310546875
2024-08-01,SOUTHEAST_ASIA,INDONESIA,JACKET,Autumn,2051,2683.6577,-632.65771484375,632.65771484375
2024-09-01,SOUTHEAST_ASIA,INDONESIA,JACKET,Autumn,2952,2945.4788,6.521240234375,6.521240234375
2024-10-01,SOUTHEAST_ASIA,INDONESIA,JACKET,Winter,3569,3216.5454,352.45458984375,352.45458984375
2024-11-01,SOUTHEAST_ASIA,INDONESIA,JACKET,Winter,3464,3723.4922,-259.4921875,259.4921875
2024-12-01,SOUTHEAST_ASIA,INDONESIA,JACKET,Winter,2551,3280.8289,-729.828857421875,729.828857421875
2024-01-01,SOUTHEAST_ASIA,INDONESIA,JEANS,Spring,127,119.01002,7.989982604980469,7.989982604980469
2024-02-01,SOUTHEAST_ASIA,INDONESIA,JEANS,Spring,120,114.37713,5.622871398925781,5.622871398925781
2024-03-01,SOUTHEAST_ASIA,INDONESIA,JEANS,Spring,136,104.11275,31.887252807617188,31.887252807617188
2024-04-01,SOUTHEAST_ASIA,INDONESIA,JEANS,Summer,79,65.70416,13.29583740234375,13.29583740234375
2024-05-01,SOUTHEAST_ASIA,INDONESIA,JEANS,Summer,80,64.0294,15.970596313476562,15.970596313476562
2024-06-01,SOUTHEAST_ASIA,INDONESIA,JEANS,Summer,72,66.33086,5.6691436767578125,5.6691436767578125
2024-07-01,SOUTHEAST_ASIA,INDONESIA,JEANS,Autumn,190,136.18044,53.81956481933594,53.81956481933594
2024-08-01,SOUTHEAST_ASIA,INDONESIA,JEANS,Autumn,235,222.56343,12.436569213867188,12.436569213867188
2024-09-01,SOUTHEAST_ASIA,INDONESIA,JEANS,Autumn,351,282.3659,68.63409423828125,68.63409423828125
2024-10-01,SOUTHEAST_ASIA,INDONESIA,JEANS,Winter,384,311.40335,72.59664916992188,72.59664916992188
2024-11-01,SOUTHEAST_ASIA,INDONESIA,JEANS,Winter,386,309.79407,76.2059326171875,76.2059326171875
2024-12-01,SOUTHEAST_ASIA,INDONESIA,JEANS,Winter,295,225.74147,69.25852966308594,69.25852966308594
2024-01-01,SOUTHEAST_ASIA,INDONESIA,SANDALS,Spring,13,12.638591,0.36140918731689453,0.36140918731689453
2024-02-01,SOUTHEAST_ASIA,INDONESIA,SANDALS,Spring,14,19.806192,-5.806192398071289,5.806192398071289
2024-03-01,SOUTHEAST_ASIA,INDONESIA,SANDALS,Spring,38,34.262135,3.737865447998047,3.737865447998047
2024-04-01,SOUTHEAST_ASIA,INDONESIA,SANDALS,Summer,506,619.7789,-113.77886962890625,113.77886962890625
2024-05-01,SOUTHEAST_ASIA,INDONESIA,SANDALS,Summer,721,796.41254,-75.41253662109375,75.41253662109375
2024-06-01,SOUTHEAST_ASIA,INDONESIA,SANDALS,Summer,819,909.4128,-90.41278076171875,90.41278076171875
2024-07-01,SOUTHEAST_ASIA,INDONESIA,SANDALS,Autumn,143,181.6153,-38.61529541015625,38.61529541015625
2024-08-01,SOUTHEAST_ASIA,INDONESIA,SANDALS,Autumn,79,106.49291,-27.49291229248047,27.49291229248047
2024-09-01,SOUTHEAST_ASIA,INDONESIA,SANDALS,Autumn,31,42.466293,-11.466293334960938,11.466293334960938
2024-10-01,SOUTHEAST_ASIA,INDONESIA,SANDALS,Winter,9,11.685536,-2.6855363845825195,2.6855363845825195
2024-11-01,SOUTHEAST_ASIA,INDONESIA,SANDALS,Winter,9,7.755068,1.2449321746826172,1.2449321746826172
2024-12-01,SOUTHEAST_ASIA,INDONESIA,SANDALS,Winter,8,7.4882927,0.5117073059082031,0.5117073059082031
2024-01-01,SOUTHEAST_ASIA,INDONESIA,SHIRT,Spring,1236,1254.8114,-18.8114013671875,18.8114013671875
2024-02-01,SOUTHEAST_ASIA,INDONESIA,SHIRT,Spring,1252,1328.7417,-76.74169921875,76.74169921875
2024-03-01,SOUTHEAST_ASIA,INDONESIA,SHIRT,Spring,1199,1321.5165,-122.5164794921875,122.5164794921875
2024-04-01,SOUTHEAST_ASIA,INDONESIA,SHIRT,Summer,1362,1281.2897,80.7103271484375,80.7103271484375
2024-05-01,SOUTHEAST_ASIA,INDONESIA,SHIRT,Summer,1525,1524.0668,0.9332275390625,0.9332275390625
2024-06-01,SOUTHEAST_ASIA,INDONESIA,SHIRT,Summer,1526,1738.1763,-212.17626953125,212.17626953125
2024-07-01,SOUTHEAST_ASIA,INDONESIA,SHIRT,Autumn,1157,1471.2078,-314.207763671875,314.207763671875
2024-08-01,SOUTHEAST_ASIA,INDONESIA,SHIRT,Autumn,1097,1285.5659,-188.56591796875,188.56591796875
2024-09-01,SOUTHEAST_ASIA,INDONESIA,SHIRT,Autumn,1329,1378.8685,-49.8685302734375,49.8685302734375
2024-10-01,SOUTHEAST_ASIA,INDONESIA,SHIRT,Winter,975,1175.519,-200.51904296875,200.51904296875
2024-11-01,SOUTHEAST_ASIA,INDONESIA,SHIRT,Winter,976,1014.95416,-38.95416259765625,38.95416259765625
2024-12-01,SOUTHEAST_ASIA,INDONESIA,SHIRT,Winter,1062,1085.8535,-23.853515625,23.853515625
2024-01-01,SOUTHEAST_ASIA,INDONESIA,SNEAKERS,Spring,708,665.99866,42.0013427734375,42.0013427734375
2024-02-01,SOUTHEAST_ASIA,INDONESIA,SNEAKERS,Spring,750,642.49097,107.509033203125,107.509033203125
2024-03-01,SOUTHEAST_ASIA,INDONESIA,SNEAKERS,Spring,746,668.65204,77.34796142578125,77.34796142578125
2024-04-01,SOUTHEAST_ASIA,INDONESIA,SNEAKERS,Summer,737,603.45166,133.54833984375,133.54833984375
2024-05-01,SOUTHEAST_ASIA,INDONESIA,SNEAKERS,Summer,693,636.9851,56.014892578125,56.014892578125
2024-06-01,SOUTHEAST_ASIA,INDONESIA,SNEAKERS,Summer,536,542.7801,-6.78009033203125,6.78009033203125
2024-07-01,SOUTHEAST_ASIA,INDONESIA,SNEAKERS,Autumn,706,650.41406,55.5859375,55.5859375
2024-08-01,SOUTHEAST_ASIA,INDONESIA,SNEAKERS,Autumn,924,787.00964,136.9903564453125,136.9903564453125
2024-09-01,SOUTHEAST_ASIA,INDONESIA,SNEAKERS,Autumn,1130,946.12695,183.873046875,183.873046875
2024-10-01,SOUTHEAST_ASIA,INDONESIA,SNEAKERS,Winter,832,796.34375,35.65625,35.65625
2024-11-01,SOUTHEAST_ASIA,INDONESIA,SNEAKERS,Winter,860,730.9018,129.09820556640625,129.09820556640625
2024-12-01,SOUTHEAST_ASIA,INDONESIA,SNEAKERS,Winter,828,782.4889,45.5111083984375,45.5111083984375
2024-01-01,SOUTHEAST_ASIA,INDONESIA,SWEATER,Spring,211,231.32489,-20.32489013671875,20.32489013671875
2024-02-01,SOUTHEAST_ASIA,INDONESIA,SWEATER,Spring,145,166.53983,-21.539825439453125,21.539825439453125
2024-03-01,SOUTHEAST_ASIA,INDONESIA,SWEATER,Spring,142,138.97868,3.0213165283203125,3.0213165283203125
2024-04-01,SOUTHEAST_ASIA,INDONESIA,SWEATER,Summer,185,173.41135,11.588653564453125,11.588653564453125
2024-05-01,SOUTHEAST_ASIA,INDONESIA,SWEATER,Summer,233,232.08899,0.9110107421875,0.9110107421875
2024-06-01,SOUTHEAST_ASIA,INDONESIA,SWEATER,Summer,277,264.1899,12.810089111328125,12.810089111328125
2024-07-01,SOUTHEAST_ASIA,INDONESIA,SWEATER,Autumn,902,838.10077,63.89923095703125,63.89923095703125
2024-08-01,SOUTHEAST_ASIA,INDONESIA,SWEATER,Autumn,1281,1264.0731,16.9268798828125,16.9268798828125
2024-09-01,SOUTHEAST_ASIA,INDONESIA,SWEATER,Autumn,1576,1826.4858,-250.48583984375,250.48583984375
2024-10-01,SOUTHEAST_ASIA,INDONESIA,SWEATER,Winter,1887,1810.972,76.0279541015625,76.0279541015625
2024-11-01,SOUTHEAST_ASIA,INDONESIA,SWEATER,Winter,1977,1960.0801,16.919921875,16.919921875
2024-12-01,SOUTHEAST_ASIA,INDONESIA,SWEATER,Winter,1755,1831.5951,-76.5950927734375,76.5950927734375
2024-01-01,SOUTHEAST_ASIA,INDONESIA,TOP,Spring,197,165.39867,31.601333618164062,31.601333618164062
2024-02-01,SOUTHEAST_ASIA,INDONESIA,TOP,Spring,186,172.75009,13.249908447265625,13.249908447265625
2024-03-01,SOUTHEAST_ASIA,INDONESIA,TOP,Spring,181,174.8543,6.1457061767578125,6.1457061767578125
2024-04-01,SOUTHEAST_ASIA,INDONESIA,TOP,Summer,178,167.66942,10.330581665039062,10.330581665039062
2024-05-01,SOUTHEAST_ASIA,INDONESIA,TOP,Summer,174,167.48814,6.5118560791015625,6.5118560791015625
2024-06-01,SOUTHEAST_ASIA,INDONESIA,TOP,Summer,179,154.7728,24.227203369140625,24.227203369140625
2024-07-01,SOUTHEAST_ASIA,INDONESIA,TOP,Autumn,233,228.9271,4.072906494140625,4.072906494140625
2024-08-01,SOUTHEAST_ASIA,INDONESIA,TOP,Autumn,315,326.7042,-11.704193115234375,11.704193115234375
2024-09-01,SOUTHEAST_ASIA,INDONESIA,TOP,Autumn,497,408.7684,88.23159790039062,88.23159790039062
2024-10-01,SOUTHEAST_ASIA,INDONESIA,TOP,Winter,362,452.25162,-90.25161743164062,90.25161743164062
2024-11-01,SOUTHEAST_ASIA,INDONESIA,TOP,Winter,380,380.75476,-0.7547607421875,0.7547607421875
2024-12-01,SOUTHEAST_ASIA,INDONESIA,TOP,Winter,398,361.56152,36.4384765625,36.4384765625
2024-01-01,SOUTHEAST_ASIA,INDONESIA,VEST,Spring,32,45.78797,-13.787971496582031,13.787971496582031
2024-02-01,SOUTHEAST_ASIA,INDONESIA,VEST,Spring,28,30.321012,-2.321012496948242,2.321012496948242
2024-03-01,SOUTHEAST_ASIA,INDONESIA,VEST,Spring,26,26.48397,-0.48397064208984375,0.48397064208984375
2024-04-01,SOUTHEAST_ASIA,INDONESIA,VEST,Summer,19,19.140434,-0.14043426513671875,0.14043426513671875
2024-05-01,SOUTHEAST_ASIA,INDONESIA,VEST,Summer,17,18.90786,-1.9078598022460938,1.9078598022460938
2024-06-01,SOUTHEAST_ASIA,INDONESIA,VEST,Summer,17,16.412329,0.5876712799072266,0.5876712799072266
2024-07-01,SOUTHEAST_ASIA,INDONESIA,VEST,Autumn,34,28.707375,5.292625427246094,5.292625427246094
2024-08-01,SOUTHEAST_ASIA,INDONESIA,VEST,Autumn,51,36.26687,14.733131408691406,14.733131408691406
2024-09-01,SOUTHEAST_ASIA,INDONESIA,VEST,Autumn,71,49.89549,21.104511260986328,21.104511260986328
2024-10-01,SOUTHEAST_ASIA,INDONESIA,VEST,Winter,87,61.088753,25.91124725341797,25.91124725341797
2024-11-01,SOUTHEAST_ASIA,INDONESIA,VEST,Winter,101,75.119286,25.880714416503906,25.880714416503906
2024-12-01,SOUTHEAST_ASIA,INDONESIA,VEST,Winter,101,73.46768,27.532318115234375,27.532318115234375
2024-01-01,EAST_ASIA,JAPAN,BOOTS,Spring,153,172.16599,-19.165985107421875,19.165985107421875
2024-02-01,EAST_ASIA,JAPAN,BOOTS,Spring,157,147.2237,9.77630615234375,9.77630615234375
2024-03-01,EAST_ASIA,JAPAN,BOOTS,Spring,186,151.43484,34.565155029296875,34.565155029296875
2024-04-01,EAST_ASIA,JAPAN,BOOTS,Summer,103,108.603874,-5.603874206542969,5.603874206542969
2024-05-01,EAST_ASIA,JAPAN,BOOTS,Summer,102,92.42304,9.576957702636719,9.576957702636719
2024-06-01,EAST_ASIA,JAPAN,BOOTS,Summer,86,91.742615,-5.74261474609375,5.74261474609375
2024-07-01,EAST_ASIA,JAPAN,BOOTS,Autumn,168,137.4453,30.554702758789062,30.554702758789062
2024-08-01,EAST_ASIA,JAPAN,BOOTS,Autumn,234,214.7223,19.277694702148438,19.277694702148438
2024-09-01,EAST_ASIA,JAPAN,BOOTS,Autumn,300,302.22156,-2.2215576171875,2.2215576171875
2024-10-01,EAST_ASIA,JAPAN,BOOTS,Winter,422,334.1645,87.83551025390625,87.83551025390625
2024-11-01,EAST_ASIA,JAPAN,BOOTS,Winter,375,380.37488,-5.3748779296875,5.3748779296875
2024-12-01,EAST_ASIA,JAPAN,BOOTS,Winter,350,325.78464,24.215362548828125,24.215362548828125
2024-01-01,EAST_ASIA,JAPAN,CARDIGAN,Spring,45,55.658264,-10.65826416015625,10.65826416015625
2024-02-01,EAST_ASIA,JAPAN,CARDIGAN,Spring,31,37.14526,-6.145259857177734,6.145259857177734
2024-03-01,EAST_ASIA,JAPAN,CARDIGAN,Spring,24,28.1764,-4.176399230957031,4.176399230957031
2024-04-01,EAST_ASIA,JAPAN,CARDIGAN,Summer,25,25.222473,-0.22247314453125,0.22247314453125
2024-05-01,EAST_ASIA,JAPAN,CARDIGAN,Summer,32,33.277294,-1.2772941589355469,1.2772941589355469
2024-06-01,EAST_ASIA,JAPAN,CARDIGAN,Summer,40,37.525467,2.4745330810546875,2.4745330810546875
2024-07-01,EAST_ASIA,JAPAN,CARDIGAN,Autumn,71,54.198315,16.801685333251953,16.801685333251953
2024-08-01,EAST_ASIA,JAPAN,CARDIGAN,Autumn,114,93.68095,20.319053649902344,20.319053649902344
2024-09-01,EAST_ASIA,JAPAN,CARDIGAN,Autumn,154,153.66672,0.333282470703125,0.333282470703125
2024-10-01,EAST_ASIA,JAPAN,CARDIGAN,Winter,222,189.52484,32.47515869140625,32.47515869140625
2024-11-01,EAST_ASIA,JAPAN,CARDIGAN,Winter,242,231.00098,10.9990234375,10.9990234375
2024-12-01,EAST_ASIA,JAPAN,CARDIGAN,Winter,183,215.8051,-32.80509948730469,32.80509948730469
2024-01-01,EAST_ASIA,JAPAN,JACKET,Spring,2580,2652.0059,-72.005859375,72.005859375
2024-02-01,EAST_ASIA,JAPAN,JACKET,Spring,2333,2402.7786,-69.778564453125,69.778564453125
2024-03-01,EAST_ASIA,JAPAN,JACKET,Spring,2089,2268.535,-179.534912109375,179.534912109375
2024-04-01,EAST_ASIA,JAPAN,JACKET,Summer,896,1156.2292,-260.229248046875,260.229248046875
2024-05-01,EAST_ASIA,JAPAN,JACKET,Summer,565,805.3618,-240.36181640625,240.36181640625
2024-06-01,EAST_ASIA,JAPAN,JACKET,Summer,570,590.12,-20.1199951171875,20.1199951171875
2024-07-01,EAST_ASIA,JAPAN,JACKET,Autumn,1398,1679.6063,-281.6063232421875,281.6063232421875
2024-08-01,EAST_ASIA,JAPAN,JACKET,Autumn,2147,2319.7778,-172.77783203125,172.77783203125
2024-09-01,EAST_ASIA,JAPAN,JACKET,Autumn,3106,3029.4636,76.536376953125,76.536376953125
2024-10-01,EAST_ASIA,JAPAN,JACKET,Winter,3418,3395.3186,22.681396484375,22.681396484375
2024-11-01,EAST_ASIA,JAPAN,JACKET,Winter,3363,3869.8838,-506.8837890625,506.8837890625
2024-12-01,EAST_ASIA,JAPAN,JACKET,Winter,3017,3153.6655,-136.66552734375,136.66552734375
2024-01-01,EAST_ASIA,JAPAN,JEANS,Spring,125,132.53987,-7.5398712158203125,7.5398712158203125
2024-02-01,EAST_ASIA,JAPAN,JEANS,Spring,117,120.86027,-3.8602676391601562,3.8602676391601562
2024-03-01,EAST_ASIA,JAPAN,JEANS,Spring,131,106.82037,24.17962646484375,24.17962646484375
2024-04-01,EAST_ASIA,JAPAN,JEANS,Summer,68,66.075745,1.92425537109375,1.92425537109375
2024-05-01,EAST_ASIA,JAPAN,JEANS,Summer,73,55.815342,17.18465805053711,17.18465805053711
2024-06-01,EAST_ASIA,JAPAN,JEANS,Summer,75,58.41822,16.58177947998047,16.58177947998047
2024-07-01,EAST_ASIA,JAPAN,JEANS,Autumn,226,161.80934,64.19065856933594,64.19065856933594
2024-08-01,EAST_ASIA,JAPAN,JEANS,Autumn,250,242.02702,7.9729766845703125,7.9729766845703125
2024-09-01,EAST_ASIA,JAPAN,JEANS,Autumn,330,307.45398,22.5460205078125,22.5460205078125
2024-10-01,EAST_ASIA,JAPAN,JEANS,Winter,397,314.80896,82.1910400390625,82.1910400390625
2024-11-01,EAST_ASIA,JAPAN,JEANS,Winter,399,344.10007,54.899932861328125,54.899932861328125
2024-12-01,EAST_ASIA,JAPAN,JEANS,Winter,323,281.941,41.058990478515625,41.058990478515625
2024-01-01,EAST_ASIA,JAPAN,SANDALS,Spring,11,12.024824,-1.0248241424560547,1.0248241424560547
2024-02-01,EAST_ASIA,JAPAN,SANDALS,Spring,11,16.131487,-5.131486892700195,5.131486892700195
2024-03-01,EAST_ASIA,JAPAN,SANDALS,Spring,34,27.817205,6.182794570922852,6.182794570922852
2024-04-01,EAST_ASIA,JAPAN,SANDALS,Summer,504,582.67163,-78.671630859375,78.671630859375
2024-05-01,EAST_ASIA,JAPAN,SANDALS,Summer,670,767.5301,-97.53009033203125,97.53009033203125
2024-06-01,EAST_ASIA,JAPAN,SANDALS,Summer,794,873.6195,-79.6195068359375,79.6195068359375
2024-07-01,EAST_ASIA,JAPAN,SANDALS,Autumn,134,159.38866,-25.388656616210938,25.388656616210938
2024-08-01,EAST_ASIA,JAPAN,SANDALS,Autumn,78,100.37407,-22.374069213867188,22.374069213867188
2024-09-01,EAST_ASIA,JAPAN,SANDALS,Autumn,28,44.98001,-16.980010986328125,16.980010986328125
2024-10-01,EAST_ASIA,JAPAN,SANDALS,Winter,9,10.659263,-1.6592626571655273,1.6592626571655273
2024-11-01,EAST_ASIA,JAPAN,SANDALS,Winter,10,7.3971596,2.6028404235839844,2.6028404235839844
2024-12-01,EAST_ASIA,JAPAN,SANDALS,Winter,8,7.6292515,0.37074851989746094,0.37074851989746094
2024-01-01,EAST_ASIA,JAPAN,SHIRT,Spring,1155,1142.5366,12.46337890625,12.46337890625
2024-02-01,EAST_ASIA,JAPAN,SHIRT,Spring,1232,1168.6929,63.30712890625,63.30712890625
2024-03-01,EAST_ASIA,JAPAN,SHIRT,Spring,1314,1259.4999,54.5001220703125,54.5001220703125
2024-04-01,EAST_ASIA,JAPAN,SHIRT,Summer,1424,1336.3832,87.6168212890625,87.6168212890625
2024-05-01,EAST_ASIA,JAPAN,SHIRT,Summer,1477,1477.5669,-0.56689453125,0.56689453125
2024-06-01,EAST_ASIA,JAPAN,SHIRT,Summer,1455,1602.1014,-147.1014404296875,147.1014404296875
2024-07-01,EAST_ASIA,JAPAN,SHIRT,Autumn,1146,1358.0107,-212.0107421875,212.0107421875
2024-08-01,EAST_ASIA,JAPAN,SHIRT,Autumn,1223,1207.5598,15.440185546875,15.440185546875
2024-09-01,EAST_ASIA,JAPAN,SHIRT,Autumn,1411,1275.9945,135.0054931640625,135.0054931640625
2024-10-01,EAST_ASIA,JAPAN,SHIRT,Winter,996,1035.2455,-39.2454833984375,39.2454833984375
2024-11-01,EAST_ASIA,JAPAN,SHIRT,Winter,1004,1011.62134,-7.621337890625,7.621337890625
2024-12-01,EAST_ASIA,JAPAN,SHIRT,Winter,1012,1108.5234,-96.5234375,96.5234375
2024-01-01,EAST_ASIA,JAPAN,SNEAKERS,Spring,718,684.6883,33.31170654296875,33.31170654296875
2024-02-01,EAST_ASIA,JAPAN,SNEAKERS,Spring,688,715.75543,-27.75543212890625,27.75543212890625
2024-03-01,EAST_ASIA,JAPAN,SNEAKERS,Spring,786,695.85205,90.14794921875,90.14794921875
2024-04-01,EAST_ASIA,JAPAN,SNEAKERS,Summer,656,625.64435,30.35565185546875,30.35565185546875
2024-05-01,EAST_ASIA,JAPAN,SNEAKERS,Summer,592,655.9663,-63.96630859375,63.96630859375
2024-06-01,EAST_ASIA,JAPAN,SNEAKERS,Summer,521,581.2539,-60.25390625,60.25390625
2024-07-01,EAST_ASIA,JAPAN,SNEAKERS,Autumn,701,764.28827,-63.28826904296875,63.28826904296875
2024-08-01,EAST_ASIA,JAPAN,SNEAKERS,Autumn,802,818.3039,-16.30389404296875,16.30389404296875
2024-09-01,EAST_ASIA,JAPAN,SNEAKERS,Autumn,1107,865.5462,241.45379638671875,241.45379638671875
2024-10-01,EAST_ASIA,JAPAN,SNEAKERS,Winter,779,827.85016,-48.85015869140625,48.85015869140625
2024-11-01,EAST_ASIA,JAPAN,SNEAKERS,Winter,852,748.3277,103.67230224609375,103.67230224609375
2024-12-01,EAST_ASIA,JAPAN,SNEAKERS,Winter,689,757.89404,-68.89404296875,68.89404296875
2024-01-01,EAST_ASIA,JAPAN,SWEATER,Spring,201,280.49973,-79.49972534179688,79.49972534179688
2024-02-01,EAST_ASIA,JAPAN,SWEATER,Spring,133,165.97914,-32.97914123535156,32.97914123535156
2024-03-01,EAST_ASIA,JAPAN,SWEATER,Spring,127,129.6328,-2.6327972412109375,2.6327972412109375
2024-04-01,EAST_ASIA,JAPAN,SWEATER,Summer,187,143.09576,43.90423583984375,43.90423583984375
2024-05-01,EAST_ASIA,JAPAN,SWEATER,Summer,258,242.12762,15.87237548828125,15.87237548828125
2024-06-01,EAST_ASIA,JAPAN,SWEATER,Summer,294,275.65356,18.346435546875,18.346435546875
2024-07-01,EAST_ASIA,JAPAN,SWEATER,Autumn,903,795.10406,107.89593505859375,107.89593505859375
2024-08-01,EAST_ASIA,JAPAN,SWEATER,Autumn,1254,1189.1666,64.8333740234375,64.8333740234375
2024-09-01,EAST_ASIA,JAPAN,SWEATER,Autumn,1411,1756.7441,-345.744140625,345.744140625
2024-10-01,EAST_ASIA,JAPAN,SWEATER,Winter,2098,1732.7462,365.2537841796875,365.2537841796875
2024-11-01,EAST_ASIA,JAPAN,SWEATER,Winter,2049,2085.8623,-36.8623046875,36.8623046875
2024-12-01,EAST_ASIA,JAPAN,SWEATER,Winter,1957,1898.9701,58.0299072265625,58.0299072265625
2024-01-01,EAST_ASIA,JAPAN,TOP,Spring,184,178.95204,5.0479583740234375,5.0479583740234375
2024-02-01,EAST_ASIA,JAPAN,TOP,Spring,183,172.07196,10.92803955078125,10.92803955078125
2024-03-01,EAST_ASIA,JAPAN,TOP,Spring,199,186.69905,12.300949096679688,12.300949096679688
2024-04-01,EAST_ASIA,JAPAN,TOP,Summer,183,185.63994,-2.6399383544921875,2.6399383544921875
2024-05-01,EAST_ASIA,JAPAN,TOP,Summer,197,183.26709,13.73291015625,13.73291015625
2024-06-01,EAST_ASIA,JAPAN,TOP,Summer,175,162.30486,12.695144653320312,12.695144653320312
2024-07-01,EAST_ASIA,JAPAN,TOP,Autumn,239,221.0518,17.948196411132812,17.948196411132812
2024-08-01,EAST_ASIA,JAPAN,TOP,Autumn,323,284.2559,38.744110107421875,38.744110107421875
2024-09-01,EAST_ASIA,JAPAN,TOP,Autumn,481,393.31064,87.68936157226562,87.68936157226562
2024-10-01,EAST_ASIA,JAPAN,TOP,Winter,364,394.28558,-30.28558349609375,30.28558349609375
2024-11-01,EAST_ASIA,JAPAN,TOP,Winter,400,366.56052,33.439483642578125,33.439483642578125
2024-12-01,EAST_ASIA,JAPAN,TOP,Winter,366,374.51825,-8.51824951171875,8.51824951171875
2024-01-01,EAST_ASIA,JAPAN,VEST,Spring,30,39.280647,-9.280647277832031,9.280647277832031
2024-02-01,EAST_ASIA,JAPAN,VEST,Spring,29,27.553675,1.4463253021240234,1.4463253021240234
2024-03-01,EAST_ASIA,JAPAN,VEST,Spring,30,26.50296,3.497039794921875,3.497039794921875
2024-04-01,EAST_ASIA,JAPAN,VEST,Summer,20,22.227554,-2.2275543212890625,2.2275543212890625
2024-05-01,EAST_ASIA,JAPAN,VEST,Summer,19,18.715097,0.28490257263183594,0.28490257263183594
2024-06-01,EAST_ASIA,JAPAN,VEST,Summer,18,16.65789,1.3421096801757812,1.3421096801757812
2024-07-01,EAST_ASIA,JAPAN,VEST,Autumn,33,25.50154,7.49846076965332,7.49846076965332
2024-08-01,EAST_ASIA,JAPAN,VEST,Autumn,44,33.17958,10.820419311523438,10.820419311523438
2024-09-01,EAST_ASIA,JAPAN,VEST,Autumn,65,46.052723,18.947277069091797,18.947277069091797
2024-10-01,EAST_ASIA,JAPAN,VEST,Winter,87,55.473743,31.526256561279297,31.526256561279297
2024-11-01,EAST_ASIA,JAPAN,VEST,Winter,95,74.47072,20.529281616210938,20.529281616210938
2024-12-01,EAST_ASIA,JAPAN,VEST,Winter,91,77.88153,13.11846923828125,13.11846923828125
2024-01-01,LATIN_AMERICA,MEXICO,BOOTS,Spring,119,173.21484,-54.21484375,54.21484375
2024-02-01,LATIN_AMERICA,MEXICO,BOOTS,Spring,138,123.83537,14.164627075195312,14.164627075195312
2024-03-01,LATIN_AMERICA,MEXICO,BOOTS,Spring,151,127.36484,23.635162353515625,23.635162353515625
2024-04-01,LATIN_AMERICA,MEXICO,BOOTS,Summer,85,95.1284,-10.128402709960938,10.128402709960938
2024-05-01,LATIN_AMERICA,MEXICO,BOOTS,Summer,83,74.2409,8.759101867675781,8.759101867675781
2024-06-01,LATIN_AMERICA,MEXICO,BOOTS,Summer,75,77.19221,-2.1922073364257812,2.1922073364257812
2024-07-01,LATIN_AMERICA,MEXICO,BOOTS,Autumn,125,115.63167,9.368331909179688,9.368331909179688
2024-08-01,LATIN_AMERICA,MEXICO,BOOTS,Autumn,199,163.37312,35.62687683105469,35.62687683105469
2024-09-01,LATIN_AMERICA,MEXICO,BOOTS,Autumn,265,228.55846,36.44154357910156,36.44154357910156
2024-10-01,LATIN_AMERICA,MEXICO,BOOTS,Winter,349,263.383,85.61700439453125,85.61700439453125
2024-11-01,LATIN_AMERICA,MEXICO,BOOTS,Winter,323,307.5946,15.4053955078125,15.4053955078125
2024-12-01,LATIN_AMERICA,MEXICO,BOOTS,Winter,312,277.02612,34.973876953125,34.973876953125
2024-01-01,LATIN_AMERICA,MEXICO,CARDIGAN,Spring,45,49.087044,-4.087043762207031,4.087043762207031
2024-02-01,LATIN_AMERICA,MEXICO,CARDIGAN,Spring,30,37.20485,-7.2048492431640625,7.2048492431640625
2024-03-01,LATIN_AMERICA,MEXICO,CARDIGAN,Spring,23,24.140478,-1.1404781341552734,1.1404781341552734
2024-04-01,LATIN_AMERICA,MEXICO,CARDIGAN,Summer,23,24.00746,-1.0074596405029297,1.0074596405029297
2024-05-01,LATIN_AMERICA,MEXICO,CARDIGAN,Summer,29,30.851618,-1.8516178131103516,1.8516178131103516
2024-06-01,LATIN_AMERICA,MEXICO,CARDIGAN,Summer,32,33.19664,-1.1966400146484375,1.1966400146484375
2024-07-01,LATIN_AMERICA,MEXICO,CARDIGAN,Autumn,53,42.23289,10.767108917236328,10.767108917236328
2024-08-01,LATIN_AMERICA,MEXICO,CARDIGAN,Autumn,89,77.684006,11.315994262695312,11.315994262695312
2024-09-01,LATIN_AMERICA,MEXICO,CARDIGAN,Autumn,121,122.350525,-1.35052490234375,1.35052490234375
2024-10-01,LATIN_AMERICA,MEXICO,CARDIGAN,Winter,154,161.43326,-7.433258056640625,7.433258056640625
2024-11-01,LATIN_AMERICA,MEXICO,CARDIGAN,Winter,197,158.58261,38.417388916015625,38.417388916015625
2024-12-01,LATIN_AMERICA,MEXICO,CARDIGAN,Winter,161,180.37553,-19.375534057617188,19.375534057617188
2024-01-01,LATIN_AMERICA,MEXICO,JACKET,Spring,2204,2511.1748,-307.1748046875,307.1748046875
2024-02-01,LATIN_AMERICA,MEXICO,JACKET,Spring,1925,2138.7517,-213.751708984375,213.751708984375
2024-03-01,LATIN_AMERICA,MEXICO,JACKET,Spring,1804,1879.7885,-75.7884521484375,75.7884521484375
2024-04-01,LATIN_AMERICA,MEXICO,JACKET,Summer,827,954.5299,-127.5299072265625,127.5299072265625
2024-05-01,LATIN_AMERICA,MEXICO,JACKET,Summer,514,686.2667,-172.2667236328125,172.2667236328125
2024-06-01,LATIN_AMERICA,MEXICO,JACKET,Summer,483,529.4226,-46.422607421875,46.422607421875
2024-07-01,LATIN_AMERICA,MEXICO,JACKET,Autumn,1155,1471.8868,-316.8868408203125,316.8868408203125
2024-08-01,LATIN_AMERICA,MEXICO,JACKET,Autumn,1660,1992.4316,-332.431640625,332.431640625
2024-09-01,LATIN_AMERICA,MEXICO,JACKET,Autumn,2643,2773.2966,-130.296630859375,130.296630859375
2024-10-01,LATIN_AMERICA,MEXICO,JACKET,Winter,3345,3085.114,259.885986328125,259.885986328125
2024-11-01,LATIN_AMERICA,MEXICO,JACKET,Winter,3413,3645.9165,-232.91650390625,232.91650390625
2024-12-01,LATIN_AMERICA,MEXICO,JACKET,Winter,2686,3255.516,-569.51611328125,569.51611328125
2024-01-01,LATIN_AMERICA,MEXICO,JEANS,Spring,108,119.406555,-11.40655517578125,11.40655517578125
2024-02-01,LATIN_AMERICA,MEXICO,JEANS,Spring,97,108.98475,-11.984748840332031,11.984748840332031
2024-03-01,LATIN_AMERICA,MEXICO,JEANS,Spring,120,98.45215,21.5478515625,21.5478515625
2024-04-01,LATIN_AMERICA,MEXICO,JEANS,Summer,59,75.130714,-16.130714416503906,16.130714416503906
2024-05-01,LATIN_AMERICA,MEXICO,JEANS,Summer,63,56.263653,6.736347198486328,6.736347198486328
2024-06-01,LATIN_AMERICA,MEXICO,JEANS,Summer,55,56.206776,-1.2067756652832031,1.2067756652832031
2024-07-01,LATIN_AMERICA,MEXICO,JEANS,Autumn,177,133.20427,43.79573059082031,43.79573059082031
2024-08-01,LATIN_AMERICA,MEXICO,JEANS,Autumn,194,217.53386,-23.533859252929688,23.533859252929688
2024-09-01,LATIN_AMERICA,MEXICO,JEANS,Autumn,243,241.13185,1.8681488037109375,1.8681488037109375
2024-10-01,LATIN_AMERICA,MEXICO,JEANS,Winter,280,216.54355,63.456451416015625,63.456451416015625
2024-11-01,LATIN_AMERICA,MEXICO,JEANS,Winter,307,245.93373,61.06626892089844,61.06626892089844
2024-12-01,LATIN_AMERICA,MEXICO,JEANS,Winter,231,228.51096,2.489044189453125,2.489044189453125
2024-01-01,LATIN_AMERICA,MEXICO,SANDALS,Spring,10,11.519128,-1.5191278457641602,1.5191278457641602
2024-02-01,LATIN_AMERICA,MEXICO,SANDALS,Spring,10,15.6034355,-5.603435516357422,5.603435516357422
2024-03-01,LATIN_AMERICA,MEXICO,SANDALS,Spring,29,27.539179,1.4608211517333984,1.4608211517333984
2024-04-01,LATIN_AMERICA,MEXICO,SANDALS,Summer,411,501.38586,-90.3858642578125,90.3858642578125
2024-05-01,LATIN_AMERICA,MEXICO,SANDALS,Summer,634,629.2776,4.722412109375,4.722412109375
2024-06-01,LATIN_AMERICA,MEXICO,SANDALS,Summer,672,714.6868,-42.68682861328125,42.68682861328125
2024-07-01,LATIN_AMERICA,MEXICO,SANDALS,Autumn,126,129.8955,-3.8954925537109375,3.8954925537109375
2024-08-01,LATIN_AMERICA,MEXICO,SANDALS,Autumn,69,78.767876,-9.767875671386719,9.767875671386719
2024-09-01,LATIN_AMERICA,MEXICO,SANDALS,Autumn,26,31.288864,-5.2888641357421875,5.2888641357421875
2024-10-01,LATIN_AMERICA,MEXICO,SANDALS,Winter,8,9.094046,-1.094045639038086,1.094045639038086
2024-11-01,LATIN_AMERICA,MEXICO,SANDALS,Winter,8,6.50161,1.4983901977539062,1.4983901977539062
2024-12-01,LATIN_AMERICA,MEXICO,SANDALS,Winter,7,6.209203,0.790797233581543,0.790797233581543
2024-01-01,LATIN_AMERICA,MEXICO,SHIRT,Spring,913,994.3252,-81.3251953125,81.3251953125
2024-02-01,LATIN_AMERICA,MEXICO,SHIRT,Spring,1060,1017.14667,42.85333251953125,42.85333251953125
2024-03-01,LATIN_AMERICA,MEXICO,SHIRT,Spring,1053,1041.367,11.633056640625,11.633056640625
2024-04-01,LATIN_AMERICA,MEXICO,SHIRT,Summer,1291,1114.4116,176.58837890625,176.58837890625
2024-05-01,LATIN_AMERICA,MEXICO,SHIRT,Summer,1333,1413.4528,-80.4527587890625,80.4527587890625
2024-06-01,LATIN_AMERICA,MEXICO,SHIRT,Summer,1365,1362.7301,2.2698974609375,2.2698974609375
2024-07-01,LATIN_AMERICA,MEXICO,SHIRT,Autumn,1048,1035.2964,12.70361328125,12.70361328125
2024-08-01,LATIN_AMERICA,MEXICO,SHIRT,Autumn,1030,1132.9685,-102.968505859375,102.968505859375
2024-09-01,LATIN_AMERICA,MEXICO,SHIRT,Autumn,1320,1152.7163,167.28369140625,167.28369140625
2024-10-01,LATIN_AMERICA,MEXICO,SHIRT,Winter,943,980.3324,-37.3323974609375,37.3323974609375
2024-11-01,LATIN_AMERICA,MEXICO,SHIRT,Winter,861,868.2548,-7.25482177734375,7.25482177734375
2024-12-01,LATIN_AMERICA,MEXICO,SHIRT,Winter,903,921.77985,-18.77984619140625,18.77984619140625
2024-01-01,LATIN_AMERICA,MEXICO,SNEAKERS,Spring,535,581.1418,-46.14178466796875,46.14178466796875
2024-02-01,LATIN_AMERICA,MEXICO,SNEAKERS,Spring,526,552.5546,-26.55462646484375,26.55462646484375
2024-03-01,LATIN_AMERICA,MEXICO,SNEAKERS,Spring,717,565.7613,151.23870849609375,151.23870849609375
2024-04-01,LATIN_AMERICA,MEXICO,SNEAKERS,Summer,638,539.4524,98.547607421875,98.547607421875
2024-05-01,LATIN_AMERICA,MEXICO,SNEAKERS,Summer,620,577.2536,42.74639892578125,42.74639892578125
2024-06-01,LATIN_AMERICA,MEXICO,SNEAKERS,Summer,516,498.73785,17.26214599609375,17.26214599609375
2024-07-01,LATIN_AMERICA,MEXICO,SNEAKERS,Autumn,660,627.0,33.0,33.0
2024-08-01,LATIN_AMERICA,MEXICO,SNEAKERS,Autumn,853,697.3733,155.626708984375,155.626708984375
2024-09-01,LATIN_AMERICA,MEXICO,SNEAKERS,Autumn,944,871.5554,72.444580078125,72.444580078125
2024-10-01,LATIN_AMERICA,MEXICO,SNEAKERS,Winter,654,713.4893,-59.48931884765625,59.48931884765625
2024-11-01,LATIN_AMERICA,MEXICO,SNEAKERS,Winter,673,646.90955,26.0904541015625,26.0904541015625
2024-12-01,LATIN_AMERICA,MEXICO,SNEAKERS,Winter,638,625.5547,12.4453125,12.4453125
2024-01-01,LATIN_AMERICA,MEXICO,SWEATER,Spring,181,214.25171,-33.251708984375,33.251708984375
2024-02-01,LATIN_AMERICA,MEXICO,SWEATER,Spring,114,142.54514,-28.545135498046875,28.545135498046875
2024-03-01,LATIN_AMERICA,MEXICO,SWEATER,Spring,129,110.73434,18.265663146972656,18.265663146972656
2024-04-01,LATIN_AMERICA,MEXICO,SWEATER,Summer,180,152.79276,27.207244873046875,27.207244873046875
2024-05-01,LATIN_AMERICA,MEXICO,SWEATER,Summer,213,220.66397,-7.663970947265625,7.663970947265625
2024-06-01,LATIN_AMERICA,MEXICO,SWEATER,Summer,264,229.39407,34.605926513671875,34.605926513671875
2024-07-01,LATIN_AMERICA,MEXICO,SWEATER,Autumn,745,746.6242,-1.62420654296875,1.62420654296875
2024-08-01,LATIN_AMERICA,MEXICO,SWEATER,Autumn,963,1033.6088,-70.6087646484375,70.6087646484375
2024-09-01,LATIN_AMERICA,MEXICO,SWEATER,Autumn,1200,1364.698,-164.697998046875,164.697998046875
2024-10-01,LATIN_AMERICA,MEXICO,SWEATER,Winter,1374,1440.1906,-66.1905517578125,66.1905517578125
2024-11-01,LATIN_AMERICA,MEXICO,SWEATER,Winter,1697,1426.3748,270.625244140625,270.625244140625
2024-12-01,LATIN_AMERICA,MEXICO,SWEATER,Winter,1530,1519.1298,10.8702392578125,10.8702392578125
2024-01-01,LATIN_AMERICA,MEXICO,TOP,Spring,193,154.34035,38.65965270996094,38.65965270996094
2024-02-01,LATIN_AMERICA,MEXICO,TOP,Spring,170,157.23537,12.764633178710938,12.764633178710938
2024-03-01,LATIN_AMERICA,MEXICO,TOP,Spring,168,163.943,4.0570068359375,4.0570068359375
2024-04-01,LATIN_AMERICA,MEXICO,TOP,Summer,167,164.53258,2.4674224853515625,2.4674224853515625
2024-05-01,LATIN_AMERICA,MEXICO,TOP,Summer,172,157.07774,14.922256469726562,14.922256469726562
2024-06-01,LATIN_AMERICA,MEXICO,TOP,Summer,152,146.67209,5.327911376953125,5.327911376953125
2024-07-01,LATIN_AMERICA,MEXICO,TOP,Autumn,199,192.36458,6.6354217529296875,6.6354217529296875
2024-08-01,LATIN_AMERICA,MEXICO,TOP,Autumn,274,250.28542,23.714584350585938,23.714584350585938
2024-09-01,LATIN_AMERICA,MEXICO,TOP,Autumn,393,348.56247,44.437530517578125,44.437530517578125
2024-10-01,LATIN_AMERICA,MEXICO,TOP,Winter,302,349.70062,-47.70062255859375,47.70062255859375
2024-11-01,LATIN_AMERICA,MEXICO,TOP,Winter,313,311.14664,1.853363037109375,1.853363037109375
2024-12-01,LATIN_AMERICA,MEXICO,TOP,Winter,327,316.09048,10.909515380859375,10.909515380859375
2024-01-01,LATIN_AMERICA,MEXICO,VEST,Spring,30,32.125874,-2.125873565673828,2.125873565673828
2024-02-01,LATIN_AMERICA,MEXICO,VEST,Spring,29,26.741352,2.258647918701172,2.258647918701172
2024-03-01,LATIN_AMERICA,MEXICO,VEST,Spring,26,24.859053,1.1409473419189453,1.1409473419189453
2024-04-01,LATIN_AMERICA,MEXICO,VEST,Summer,17,17.13834,-0.13833999633789062,0.13833999633789062
2024-05-01,LATIN_AMERICA,MEXICO,VEST,Summer,15,16.554209,-1.554208755493164,1.554208755493164
2024-06-01,LATIN_AMERICA,MEXICO,VEST,Summer,14,13.414726,0.5852737426757812,0.5852737426757812
2024-07-01,LATIN_AMERICA,MEXICO,VEST,Autumn,31,21.586771,9.413228988647461,9.413228988647461
2024-08-01,LATIN_AMERICA,MEXICO,VEST,Autumn,41,30.04736,10.952640533447266,10.952640533447266
2024-09-01,LATIN_AMERICA,MEXICO,VEST,Autumn,58,41.463963,16.53603744506836,16.53603744506836
2024-10-01,LATIN_AMERICA,MEXICO,VEST,Winter,71,51.398792,19.601207733154297,19.601207733154297
2024-11-01,LATIN_AMERICA,MEXICO,VEST,Winter,82,59.17524,22.82476043701172,22.82476043701172
2024-12-01,LATIN_AMERICA,MEXICO,VEST,Winter,73,70.14611,2.8538894653320312,2.8538894653320312
2024-01-01,OCEANIA,NEW_ZEALAND,BOOTS,Spring,27,29.434162,-2.434162139892578,2.434162139892578
2024-02-01,OCEANIA,NEW_ZEALAND,BOOTS,Spring,35,29.955698,5.044301986694336,5.044301986694336
2024-03-01,OCEANIA,NEW_ZEALAND,BOOTS,Spring,48,36.36035,11.6396484375,11.6396484375
2024-04-01,OCEANIA,NEW_ZEALAND,BOOTS,Summer,39,41.15501,-2.155010223388672,2.155010223388672
2024-05-01,OCEANIA,NEW_ZEALAND,BOOTS,Summer,40,36.70831,3.2916908264160156,3.2916908264160156
2024-06-01,OCEANIA,NEW_ZEALAND,BOOTS,Summer,34,35.297302,-1.29730224609375,1.29730224609375
2024-07-01,OCEANIA,NEW_ZEALAND,BOOTS,Autumn,33,32.934647,0.0653533935546875,0.0653533935546875
2024-08-01,OCEANIA,NEW_ZEALAND,BOOTS,Autumn,37,36.21955,0.7804489135742188,0.7804489135742188
2024-09-01,OCEANIA,NEW_ZEALAND,BOOTS,Autumn,43,38.83354,4.1664581298828125,4.1664581298828125
2024-10-01,OCEANIA,NEW_ZEALAND,BOOTS,Winter,39,37.456043,1.5439567565917969,1.5439567565917969
2024-11-01,OCEANIA,NEW_ZEALAND,BOOTS,Winter,33,34.969467,-1.9694671630859375,1.9694671630859375
2024-12-01,OCEANIA,NEW_ZEALAND,BOOTS,Winter,33,29.014832,3.98516845703125,3.98516845703125
2024-01-01,OCEANIA,NEW_ZEALAND,CARDIGAN,Spring,9,12.748992,-3.7489919662475586,3.7489919662475586
2024-02-01,OCEANIA,NEW_ZEALAND,CARDIGAN,Spring,9,10.054776,-1.0547761917114258,1.0547761917114258
2024-03-01,OCEANIA,NEW_ZEALAND,CARDIGAN,Spring,12,10.970294,1.0297060012817383,1.0297060012817383
2024-04-01,OCEANIA,NEW_ZEALAND,CARDIGAN,Summer,14,15.424185,-1.424184799194336,1.424184799194336
2024-05-01,OCEANIA,NEW_ZEALAND,CARDIGAN,Summer,18,18.286419,-0.2864189147949219,0.2864189147949219
2024-06-01,OCEANIA,NEW_ZEALAND,CARDIGAN,Summer,19,19.257761,-0.25776100158691406,0.25776100158691406
2024-07-01,OCEANIA,NEW_ZEALAND,CARDIGAN,Autumn,12,12.280975,-0.280975341796875,0.280975341796875
2024-08-01,OCEANIA,NEW_ZEALAND,CARDIGAN,Autumn,12,10.760346,1.2396535873413086,1.2396535873413086
2024-09-01,OCEANIA,NEW_ZEALAND,CARDIGAN,Autumn,12,10.294388,1.7056121826171875,1.7056121826171875
2024-10-01,OCEANIA,NEW_ZEALAND,CARDIGAN,Winter,16,11.919792,4.080207824707031,4.080207824707031
2024-11-01,OCEANIA,NEW_ZEALAND,CARDIGAN,Winter,20,17.383368,2.6166324615478516,2.6166324615478516
2024-12-01,OCEANIA,NEW_ZEALAND,CARDIGAN,Winter,19,19.709972,-0.7099723815917969,0.7099723815917969
2024-01-01,OCEANIA,NEW_ZEALAND,JACKET,Spring,408,322.775,85.22500610351562,85.22500610351562
2024-02-01,OCEANIA,NEW_ZEALAND,JACKET,Spring,496,424.92047,71.07952880859375,71.07952880859375
2024-03-01,OCEANIA,NEW_ZEALAND,JACKET,Spring,531,539.73364,-8.733642578125,8.733642578125
2024-04-01,OCEANIA,NEW_ZEALAND,JACKET,Summer,372,515.7036,-143.70361328125,143.70361328125
2024-05-01,OCEANIA,NEW_ZEALAND,JACKET,Summer,345,383.65057,-38.65057373046875,38.65057373046875
2024-06-01,OCEANIA,NEW_ZEALAND,JACKET,Summer,300,326.41415,-26.414154052734375,26.414154052734375
2024-07-01,OCEANIA,NEW_ZEALAND,JACKET,Autumn,367,377.72,-10.720001220703125,10.720001220703125
2024-08-01,OCEANIA,NEW_ZEALAND,JACKET,Autumn,459,474.5031,-15.50311279296875,15.50311279296875
2024-09-01,OCEANIA,NEW_ZEALAND,JACKET,Autumn,528,533.4729,-5.472900390625,5.472900390625
2024-10-01,OCEANIA,NEW_ZEALAND,JACKET,Winter,336,436.35812,-100.35812377929688,100.35812377929688
2024-11-01,OCEANIA,NEW_ZEALAND,JACKET,Winter,283,342.6676,-59.6676025390625,59.6676025390625
2024-12-01,OCEANIA,NEW_ZEALAND,JACKET,Winter,192,266.67273,-74.6727294921875,74.6727294921875
2024-01-01,OCEANIA,NEW_ZEALAND,JEANS,Spring,31,27.583494,3.416505813598633,3.416505813598633
2024-02-01,OCEANIA,NEW_ZEALAND,JEANS,Spring,34,32.575356,1.4246444702148438,1.4246444702148438
2024-03-01,OCEANIA,NEW_ZEALAND,JEANS,Spring,46,35.15603,10.843971252441406,10.843971252441406
2024-04-01,OCEANIA,NEW_ZEALAND,JEANS,Summer,33,34.01874,-1.0187416076660156,1.0187416076660156
2024-05-01,OCEANIA,NEW_ZEALAND,JEANS,Summer,31,29.502554,1.497446060180664,1.497446060180664
2024-06-01,OCEANIA,NEW_ZEALAND,JEANS,Summer,33,25.77382,7.226179122924805,7.226179122924805
2024-07-01,OCEANIA,NEW_ZEALAND,JEANS,Autumn,35,28.777315,6.222684860229492,6.222684860229492
2024-08-01,OCEANIA,NEW_ZEALAND,JEANS,Autumn,41,33.203194,7.796806335449219,7.796806335449219
2024-09-01,OCEANIA,NEW_ZEALAND,JEANS,Autumn,46,40.38144,5.618560791015625,5.618560791015625
2024-10-01,OCEANIA,NEW_ZEALAND,JEANS,Winter,37,35.62674,1.373260498046875,1.373260498046875
2024-11-01,OCEANIA,NEW_ZEALAND,JEANS,Winter,36,32.575626,3.4243736267089844,3.4243736267089844
2024-12-01,OCEANIA,NEW_ZEALAND,JEANS,Winter,34,27.255836,6.744163513183594,6.744163513183594
2024-01-01,OCEANIA,NEW_ZEALAND,SANDALS,Spring,9,13.550535,-4.550535202026367,4.550535202026367
2024-02-01,OCEANIA,NEW_ZEALAND,SANDALS,Spring,5,8.816866,-3.816865921020508,3.816865921020508
2024-03-01,OCEANIA,NEW_ZEALAND,SANDALS,Spring,7,7.6042356,-0.6042356491088867,0.6042356491088867
2024-04-01,OCEANIA,NEW_ZEALAND,SANDALS,Summer,12,12.101163,-0.10116291046142578,0.10116291046142578
2024-05-01,OCEANIA,NEW_ZEALAND,SANDALS,Summer,15,14.681952,0.31804752349853516,0.31804752349853516
2024-06-01,OCEANIA,NEW_ZEALAND,SANDALS,Summer,16,15.06608,0.9339199066162109,0.9339199066162109
2024-07-01,OCEANIA,NEW_ZEALAND,SANDALS,Autumn,8,8.345376,-0.34537601470947266,0.34537601470947266
2024-08-01,OCEANIA,NEW_ZEALAND,SANDALS,Autumn,6,6.5244446,-0.524444580078125,0.524444580078125
2024-09-01,OCEANIA,NEW_ZEALAND,SANDALS,Autumn,5,5.6124754,-0.6124753952026367,0.6124753952026367
2024-10-01,OCEANIA,NEW_ZEALAND,SANDALS,Winter,14,13.989876,0.01012420654296875,0.01012420654296875
2024-11-01,OCEANIA,NEW_ZEALAND,SANDALS,Winter,21,16.351988,4.648012161254883,4.648012161254883
2024-12-01,OCEANIA,NEW_ZEALAND,SANDALS,Winter,22,19.747665,2.2523345947265625,2.2523345947265625
2024-01-01,OCEANIA,NEW_ZEALAND,SHIRT,Spring,232,236.96545,-4.9654541015625,4.9654541015625
2024-02-01,OCEANIA,NEW_ZEALAND,SHIRT,Spring,236,227.33662,8.663375854492188,8.663375854492188
2024-03-01,OCEANIA,NEW_ZEALAND,SHIRT,Spring,246,254.77196,-8.771957397460938,8.771957397460938
2024-04-01,OCEANIA,NEW_ZEALAND,SHIRT,Summer,220,233.4156,-13.415603637695312,13.415603637695312
2024-05-01,OCEANIA,NEW_ZEALAND,SHIRT,Summer,265,230.54443,34.45556640625,34.45556640625
2024-06-01,OCEANIA,NEW_ZEALAND,SHIRT,Summer,283,260.80884,22.191162109375,22.191162109375
2024-07-01,OCEANIA,NEW_ZEALAND,SHIRT,Autumn,280,246.74327,33.25672912597656,33.25672912597656
2024-08-01,OCEANIA,NEW_ZEALAND,SHIRT,Autumn,263,258.38623,4.61376953125,4.61376953125
2024-09-01,OCEANIA,NEW_ZEALAND,SHIRT,Autumn,256,265.15155,-9.15155029296875,9.15155029296875
2024-10-01,OCEANIA,NEW_ZEALAND,SHIRT,Winter,255,233.83694,21.163055419921875,21.163055419921875
2024-11-01,OCEANIA,NEW_ZEALAND,SHIRT,Winter,262,246.66354,15.336456298828125,15.336456298828125
2024-12-01,OCEANIA,NEW_ZEALAND,SHIRT,Winter,254,256.363,-2.363006591796875,2.363006591796875
2024-01-01,OCEANIA,NEW_ZEALAND,SNEAKERS,Spring,144,110.65748,33.34252166748047,33.34252166748047
2024-02-01,OCEANIA,NEW_ZEALAND,SNEAKERS,Spring,157,139.98422,17.015777587890625,17.015777587890625
2024-03-01,OCEANIA,NEW_ZEALAND,SNEAKERS,Spring,198,162.50378,35.4962158203125,35.4962158203125
2024-04-01,OCEANIA,NEW_ZEALAND,SNEAKERS,Summer,166,143.8142,22.185806274414062,22.185806274414062
2024-05-01,OCEANIA,NEW_ZEALAND,SNEAKERS,Summer,166,155.42303,10.57696533203125,10.57696533203125
2024-06-01,OCEANIA,NEW_ZEALAND,SNEAKERS,Summer,111,146.70729,-35.70729064941406,35.70729064941406
2024-07-01,OCEANIA,NEW_ZEALAND,SNEAKERS,Autumn,123,132.35292,-9.352920532226562,9.352920532226562
2024-08-01,OCEANIA,NEW_ZEALAND,SNEAKERS,Autumn,162,137.97708,24.022918701171875,24.022918701171875
2024-09-01,OCEANIA,NEW_ZEALAND,SNEAKERS,Autumn,200,172.10077,27.89923095703125,27.89923095703125
2024-10-01,OCEANIA,NEW_ZEALAND,SNEAKERS,Winter,165,167.5034,-2.5034027099609375,2.5034027099609375
2024-11-01,OCEANIA,NEW_ZEALAND,SNEAKERS,Winter,141,154.97801,-13.978012084960938,13.978012084960938
2024-12-01,OCEANIA,NEW_ZEALAND,SNEAKERS,Winter,127,128.91904,-1.919036865234375,1.919036865234375
2024-01-01,OCEANIA,NEW_ZEALAND,SWEATER,Spring,104,103.01073,0.9892730712890625,0.9892730712890625
2024-02-01,OCEANIA,NEW_ZEALAND,SWEATER,Spring,92,99.27107,-7.2710723876953125,7.2710723876953125
2024-03-01,OCEANIA,NEW_ZEALAND,SWEATER,Spring,96,101.03177,-5.031768798828125,5.031768798828125
2024-04-01,OCEANIA,NEW_ZEALAND,SWEATER,Summer,134,109.260956,24.739044189453125,24.739044189453125
2024-05-01,OCEANIA,NEW_ZEALAND,SWEATER,Summer,147,144.6736,2.3264007568359375,2.3264007568359375
2024-06-01,OCEANIA,NEW_ZEALAND,SWEATER,Summer,152,150.80725,1.1927490234375,1.1927490234375
2024-07-01,OCEANIA,NEW_ZEALAND,SWEATER,Autumn,77,105.49647,-28.49646759033203,28.49646759033203
2024-08-01,OCEANIA,NEW_ZEALAND,SWEATER,Autumn,77,83.512474,-6.512474060058594,6.512474060058594
2024-09-01,OCEANIA,NEW_ZEALAND,SWEATER,Autumn,82,91.916885,-9.916885375976562,9.916885375976562
2024-10-01,OCEANIA,NEW_ZEALAND,SWEATER,Winter,110,101.90633,8.093673706054688,8.093673706054688
2024-11-01,OCEANIA,NEW_ZEALAND,SWEATER,Winter,143,114.044106,28.955894470214844,28.955894470214844
2024-12-01,OCEANIA,NEW_ZEALAND,SWEATER,Winter,140,136.48146,3.5185394287109375,3.5185394287109375
2024-01-01,OCEANIA,NEW_ZEALAND,TOP,Spring,49,38.093025,10.906974792480469,10.906974792480469
2024-02-01,OCEANIA,NEW_ZEALAND,TOP,Spring,62,45.859116,16.140884399414062,16.140884399414062
2024-03-01,OCEANIA,NEW_ZEALAND,TOP,Spring,63,57.891567,5.108432769775391,5.108432769775391
2024-04-01,OCEANIA,NEW_ZEALAND,TOP,Summer,52,53.958687,-1.9586868286132812,1.9586868286132812
2024-05-01,OCEANIA,NEW_ZEALAND,TOP,Summer,60,45.93668,14.06332015991211,14.06332015991211
2024-06-01,OCEANIA,NEW_ZEALAND,TOP,Summer,55,54.510303,0.4896965026855469,0.4896965026855469
2024-07-01,OCEANIA,NEW_ZEALAND,TOP,Autumn,42,48.75431,-6.754310607910156,6.754310607910156
2024-08-01,OCEANIA,NEW_ZEALAND,TOP,Autumn,50,44.926853,5.073146820068359,5.073146820068359
2024-09-01,OCEANIA,NEW_ZEALAND,TOP,Autumn,67,48.102196,18.897804260253906,18.897804260253906
2024-10-01,OCEANIA,NEW_ZEALAND,TOP,Winter,59,58.016014,0.9839859008789062,0.9839859008789062
2024-11-01,OCEANIA,NEW_ZEALAND,TOP,Winter,53,55.692207,-2.6922073364257812,2.6922073364257812
2024-12-01,OCEANIA,NEW_ZEALAND,TOP,Winter,53,46.675247,6.3247528076171875,6.3247528076171875
2024-01-01,OCEANIA,NEW_ZEALAND,VEST,Spring,6,7.4021616,-1.4021615982055664,1.4021615982055664
2024-02-01,OCEANIA,NEW_ZEALAND,VEST,Spring,7,8.184068,-1.184067726135254,1.184067726135254
2024-03-01,OCEANIA,NEW_ZEALAND,VEST,Spring,9,8.781483,0.21851730346679688,0.21851730346679688
2024-04-01,OCEANIA,NEW_ZEALAND,VEST,Summer,7,7.7144003,-0.7144002914428711,0.7144002914428711
2024-05-01,OCEANIA,NEW_ZEALAND,VEST,Summer,8,7.3996964,0.6003036499023438,0.6003036499023438
2024-06-01,OCEANIA,NEW_ZEALAND,VEST,Summer,8,7.453726,0.5462741851806641,0.5462741851806641
2024-07-01,OCEANIA,NEW_ZEALAND,VEST,Autumn,8,6.3678756,1.632124423980713,1.632124423980713
2024-08-01,OCEANIA,NEW_ZEALAND,VEST,Autumn,9,6.016425,2.983574867248535,2.983574867248535
2024-09-01,OCEANIA,NEW_ZEALAND,VEST,Autumn,11,6.795047,4.204953193664551,4.204953193664551
2024-10-01,OCEANIA,NEW_ZEALAND,VEST,Winter,10,7.453289,2.546710968017578,2.546710968017578
2024-11-01,OCEANIA,NEW_ZEALAND,VEST,Winter,10,7.0726023,2.9273977279663086,2.9273977279663086
2024-12-01,OCEANIA,NEW_ZEALAND,VEST,Winter,10,7.2227716,2.777228355407715,2.777228355407715
2024-01-01,SOUTH_ASIA,PAKISTAN,BOOTS,Spring,67,90.24528,-23.245277404785156,23.245277404785156
2024-02-01,SOUTH_ASIA,PAKISTAN,BOOTS,Spring,77,65.72777,11.272232055664062,11.272232055664062
2024-03-01,SOUTH_ASIA,PAKISTAN,BOOTS,Spring,77,75.081184,1.9188156127929688,1.9188156127929688
2024-04-01,SOUTH_ASIA,PAKISTAN,BOOTS,Summer,38,52.710346,-14.710346221923828,14.710346221923828
2024-05-01,SOUTH_ASIA,PAKISTAN,BOOTS,Summer,40,36.05193,3.948070526123047,3.948070526123047
2024-06-01,SOUTH_ASIA,PAKISTAN,BOOTS,Summer,34,35.59386,-1.5938606262207031,1.5938606262207031
2024-07-01,SOUTH_ASIA,PAKISTAN,BOOTS,Autumn,62,57.000908,4.999092102050781,4.999092102050781
2024-08-01,SOUTH_ASIA,PAKISTAN,BOOTS,Autumn,91,88.36982,2.6301803588867188,2.6301803588867188
2024-09-01,SOUTH_ASIA,PAKISTAN,BOOTS,Autumn,127,116.05566,10.944343566894531,10.944343566894531
2024-10-01,SOUTH_ASIA,PAKISTAN,BOOTS,Winter,190,134.50195,55.498046875,55.498046875
2024-11-01,SOUTH_ASIA,PAKISTAN,BOOTS,Winter,154,182.5993,-28.59930419921875,28.59930419921875
2024-12-01,SOUTH_ASIA,PAKISTAN,BOOTS,Winter,147,133.78981,13.210189819335938,13.210189819335938
2024-01-01,SOUTH_ASIA,PAKISTAN,CARDIGAN,Spring,24,25.176556,-1.1765556335449219,1.1765556335449219
2024-02-01,SOUTH_ASIA,PAKISTAN,CARDIGAN,Spring,14,18.256668,-4.2566680908203125,4.2566680908203125
2024-03-01,SOUTH_ASIA,PAKISTAN,CARDIGAN,Spring,11,12.0518875,-1.0518875122070312,1.0518875122070312
2024-04-01,SOUTH_ASIA,PAKISTAN,CARDIGAN,Summer,14,11.158811,2.841189384460449,2.841189384460449
2024-05-01,SOUTH_ASIA,PAKISTAN,CARDIGAN,Summer,16,17.403944,-1.4039440155029297,1.4039440155029297
2024-06-01,SOUTH_ASIA,PAKISTAN,CARDIGAN,Summer,20,17.880545,2.119455337524414,2.119455337524414
2024-07-01,SOUTH_ASIA,PAKISTAN,CARDIGAN,Autumn,30,27.739454,2.2605457305908203,2.2605457305908203
2024-08-01,SOUTH_ASIA,PAKISTAN,CARDIGAN,Autumn,53,40.02187,12.978130340576172,12.978130340576172
2024-09-01,SOUTH_ASIA,PAKISTAN,CARDIGAN,Autumn,73,73.97101,-0.97100830078125,0.97100830078125
2024-10-01,SOUTH_ASIA,PAKISTAN,CARDIGAN,Winter,96,90.975746,5.024253845214844,5.024253845214844
2024-11-01,SOUTH_ASIA,PAKISTAN,CARDIGAN,Winter,122,106.9425,15.057502746582031,15.057502746582031
2024-12-01,SOUTH_ASIA,PAKISTAN,CARDIGAN,Winter,98,109.9979,-11.997901916503906,11.997901916503906
2024-01-01,SOUTH_ASIA,PAKISTAN,JACKET,Spring,1400,1295.8007,104.1993408203125,104.1993408203125
2024-02-01,SOUTH_ASIA,PAKISTAN,JACKET,Spring,1190,1074.2998,115.7001953125,115.7001953125
2024-03-01,SOUTH_ASIA,PAKISTAN,JACKET,Spring,873,942.2262,-69.2261962890625,69.2261962890625
2024-04-01,SOUTH_ASIA,PAKISTAN,JACKET,Summer,407,507.2889,-100.28890991210938,100.28890991210938
2024-05-01,SOUTH_ASIA,PAKISTAN,JACKET,Summer,278,360.62433,-82.62432861328125,82.62432861328125
2024-06-01,SOUTH_ASIA,PAKISTAN,JACKET,Summer,245,242.95844,2.04156494140625,2.04156494140625
2024-07-01,SOUTH_ASIA,PAKISTAN,JACKET,Autumn,635,653.2125,-18.2125244140625,18.2125244140625
2024-08-01,SOUTH_ASIA,PAKISTAN,JACKET,Autumn,1025,1032.0588,-7.058837890625,7.058837890625
2024-09-01,SOUTH_ASIA,PAKISTAN,JACKET,Autumn,1464,1505.8558,-41.8558349609375,41.8558349609375
2024-10-01,SOUTH_ASIA,PAKISTAN,JACKET,Winter,1726,1740.0074,-14.0074462890625,14.0074462890625
2024-11-01,SOUTH_ASIA,PAKISTAN,JACKET,Winter,1725,1817.435,-92.43505859375,92.43505859375
2024-12-01,SOUTH_ASIA,PAKISTAN,JACKET,Winter,1291,1566.989,-275.989013671875,275.989013671875
2024-01-01,SOUTH_ASIA,PAKISTAN,JEANS,Spring,59,70.4414,-11.441398620605469,11.441398620605469
2024-02-01,SOUTH_ASIA,PAKISTAN,JEANS,Spring,55,59.32328,-4.323280334472656,4.323280334472656
2024-03-01,SOUTH_ASIA,PAKISTAN,JEANS,Spring,66,45.030872,20.969127655029297,20.969127655029297
2024-04-01,SOUTH_ASIA,PAKISTAN,JEANS,Summer,32,33.159344,-1.1593437194824219,1.1593437194824219
2024-05-01,SOUTH_ASIA,PAKISTAN,JEANS,Summer,33,29.085962,3.9140377044677734,3.9140377044677734
2024-06-01,SOUTH_ASIA,PAKISTAN,JEANS,Summer,36,27.090765,8.909235000610352,8.909235000610352
2024-07-01,SOUTH_ASIA,PAKISTAN,JEANS,Autumn,89,58.616116,30.38388442993164,30.38388442993164
2024-08-01,SOUTH_ASIA,PAKISTAN,JEANS,Autumn,106,98.98337,7.016632080078125,7.016632080078125
2024-09-01,SOUTH_ASIA,PAKISTAN,JEANS,Autumn,153,117.508575,35.491424560546875,35.491424560546875
2024-10-01,SOUTH_ASIA,PAKISTAN,JEANS,Winter,159,138.68198,20.318023681640625,20.318023681640625
2024-11-01,SOUTH_ASIA,PAKISTAN,JEANS,Winter,183,143.05846,39.94154357910156,39.94154357910156
2024-12-01,SOUTH_ASIA,PAKISTAN,JEANS,Winter,149,114.30728,34.692718505859375,34.692718505859375
2024-01-01,SOUTH_ASIA,PAKISTAN,SANDALS,Spring,5,5.4263754,-0.4263753890991211,0.4263753890991211
2024-02-01,SOUTH_ASIA,PAKISTAN,SANDALS,Spring,6,7.3974056,-1.3974056243896484,1.3974056243896484
2024-03-01,SOUTH_ASIA,PAKISTAN,SANDALS,Spring,17,15.47764,1.522359848022461,1.522359848022461
2024-04-01,SOUTH_ASIA,PAKISTAN,SANDALS,Summer,271,291.3464,-20.346405029296875,20.346405029296875
2024-05-01,SOUTH_ASIA,PAKISTAN,SANDALS,Summer,395,396.82263,-1.8226318359375,1.8226318359375
2024-06-01,SOUTH_ASIA,PAKISTAN,SANDALS,Summer,429,447.04266,-18.04266357421875,18.04266357421875
2024-07-01,SOUTH_ASIA,PAKISTAN,SANDALS,Autumn,72,88.883484,-16.88348388671875,16.88348388671875
2024-08-01,SOUTH_ASIA,PAKISTAN,SANDALS,Autumn,35,44.107174,-9.107173919677734,9.107173919677734
2024-09-01,SOUTH_ASIA,PAKISTAN,SANDALS,Autumn,14,19.945827,-5.945827484130859,5.945827484130859
2024-10-01,SOUTH_ASIA,PAKISTAN,SANDALS,Winter,4,4.619622,-0.6196222305297852,0.6196222305297852
2024-11-01,SOUTH_ASIA,PAKISTAN,SANDALS,Winter,4,3.4474254,0.552574634552002,0.552574634552002
2024-12-01,SOUTH_ASIA,PAKISTAN,SANDALS,Winter,4,3.8884974,0.11150264739990234,0.11150264739990234
2024-01-01,SOUTH_ASIA,PAKISTAN,SHIRT,Spring,569,508.53647,60.463531494140625,60.463531494140625
2024-02-01,SOUTH_ASIA,PAKISTAN,SHIRT,Spring,629,602.9221,26.077880859375,26.077880859375
2024-03-01,SOUTH_ASIA,PAKISTAN,SHIRT,Spring,612,617.2552,-5.25518798828125,5.25518798828125
2024-04-01,SOUTH_ASIA,PAKISTAN,SHIRT,Summer,712,645.3321,66.66790771484375,66.66790771484375
2024-05-01,SOUTH_ASIA,PAKISTAN,SHIRT,Summer,688,773.75464,-85.754638671875,85.754638671875
2024-06-01,SOUTH_ASIA,PAKISTAN,SHIRT,Summer,782,770.8328,11.16717529296875,11.16717529296875
2024-07-01,SOUTH_ASIA,PAKISTAN,SHIRT,Autumn,601,659.5548,-58.5548095703125,58.5548095703125
2024-08-01,SOUTH_ASIA,PAKISTAN,SHIRT,Autumn,590,610.3242,-20.32421875,20.32421875
2024-09-01,SOUTH_ASIA,PAKISTAN,SHIRT,Autumn,686,630.71277,55.2872314453125,55.2872314453125
2024-10-01,SOUTH_ASIA,PAKISTAN,SHIRT,Winter,532,523.8298,8.17022705078125,8.17022705078125
2024-11-01,SOUTH_ASIA,PAKISTAN,SHIRT,Winter,534,519.19604,14.803955078125,14.803955078125
2024-12-01,SOUTH_ASIA,PAKISTAN,SHIRT,Winter,608,510.78278,97.21722412109375,97.21722412109375
2024-01-01,SOUTH_ASIA,PAKISTAN,SNEAKERS,Spring,300,279.89233,20.107666015625,20.107666015625
2024-02-01,SOUTH_ASIA,PAKISTAN,SNEAKERS,Spring,287,273.24094,13.759063720703125,13.759063720703125
2024-03-01,SOUTH_ASIA,PAKISTAN,SNEAKERS,Spring,325,298.28748,26.7125244140625,26.7125244140625
2024-04-01,SOUTH_ASIA,PAKISTAN,SNEAKERS,Summer,311,290.67233,20.327667236328125,20.327667236328125
2024-05-01,SOUTH_ASIA,PAKISTAN,SNEAKERS,Summer,295,294.95868,0.04132080078125,0.04132080078125
2024-06-01,SOUTH_ASIA,PAKISTAN,SNEAKERS,Summer,238,260.00323,-22.00323486328125,22.00323486328125
2024-07-01,SOUTH_ASIA,PAKISTAN,SNEAKERS,Autumn,293,309.67255,-16.67254638671875,16.67254638671875
2024-08-01,SOUTH_ASIA,PAKISTAN,SNEAKERS,Autumn,359,335.3087,23.691314697265625,23.691314697265625
2024-09-01,SOUTH_ASIA,PAKISTAN,SNEAKERS,Autumn,471,424.33698,46.66302490234375,46.66302490234375
2024-10-01,SOUTH_ASIA,PAKISTAN,SNEAKERS,Winter,359,399.28738,-40.287384033203125,40.287384033203125
2024-11-01,SOUTH_ASIA,PAKISTAN,SNEAKERS,Winter,401,344.69363,56.306365966796875,56.306365966796875
2024-12-01,SOUTH_ASIA,PAKISTAN,SNEAKERS,Winter,408,355.43268,52.56732177734375,52.56732177734375
2024-01-01,SOUTH_ASIA,PAKISTAN,SWEATER,Spring,87,132.70451,-45.70451354980469,45.70451354980469
2024-02-01,SOUTH_ASIA,PAKISTAN,SWEATER,Spring,62,79.08829,-17.088287353515625,17.088287353515625
2024-03-01,SOUTH_ASIA,PAKISTAN,SWEATER,Spring,56,58.46371,-2.4637107849121094,2.4637107849121094
2024-04-01,SOUTH_ASIA,PAKISTAN,SWEATER,Summer,76,66.55255,9.44744873046875,9.44744873046875
2024-05-01,SOUTH_ASIA,PAKISTAN,SWEATER,Summer,99,95.40202,3.5979766845703125,3.5979766845703125
2024-06-01,SOUTH_ASIA,PAKISTAN,SWEATER,Summer,117,110.05375,6.946250915527344,6.946250915527344
2024-07-01,SOUTH_ASIA,PAKISTAN,SWEATER,Autumn,381,379.88147,1.1185302734375,1.1185302734375
2024-08-01,SOUTH_ASIA,PAKISTAN,SWEATER,Autumn,509,546.69543,-37.6954345703125,37.6954345703125
2024-09-01,SOUTH_ASIA,PAKISTAN,SWEATER,Autumn,666,808.25885,-142.25885009765625,142.25885009765625
2024-10-01,SOUTH_ASIA,PAKISTAN,SWEATER,Winter,837,875.49994,-38.49993896484375,38.49993896484375
2024-11-01,SOUTH_ASIA,PAKISTAN,SWEATER,Winter,881,918.73865,-37.7386474609375,37.7386474609375
2024-12-01,SOUTH_ASIA,PAKISTAN,SWEATER,Winter,822,769.5424,52.45758056640625,52.45758056640625
2024-01-01,SOUTH_ASIA,PAKISTAN,TOP,Spring,80,80.0778,-0.07779693603515625,0.07779693603515625
2024-02-01,SOUTH_ASIA,PAKISTAN,TOP,Spring,84,80.55709,3.4429092407226562,3.4429092407226562
2024-03-01,SOUTH_ASIA,PAKISTAN,TOP,Spring,86,85.998085,0.00191497802734375,0.00191497802734375
2024-04-01,SOUTH_ASIA,PAKISTAN,TOP,Summer,89,83.94883,5.051170349121094,5.051170349121094
2024-05-01,SOUTH_ASIA,PAKISTAN,TOP,Summer,89,80.2549,8.745101928710938,8.745101928710938
2024-06-01,SOUTH_ASIA,PAKISTAN,TOP,Summer,77,79.44419,-2.4441909790039062,2.4441909790039062
2024-07-01,SOUTH_ASIA,PAKISTAN,TOP,Autumn,108,108.18219,-0.18218994140625,0.18218994140625
2024-08-01,SOUTH_ASIA,PAKISTAN,TOP,Autumn,136,144.73003,-8.730026245117188,8.730026245117188
2024-09-01,SOUTH_ASIA,PAKISTAN,TOP,Autumn,230,161.64244,68.35755920410156,68.35755920410156
2024-10-01,SOUTH_ASIA,PAKISTAN,TOP,Winter,151,178.50734,-27.507339477539062,27.507339477539062
2024-11-01,SOUTH_ASIA,PAKISTAN,TOP,Winter,189,154.65985,34.34014892578125,34.34014892578125
2024-12-01,SOUTH_ASIA,PAKISTAN,TOP,Winter,202,167.96983,34.03016662597656,34.03016662597656
2024-01-01,SOUTH_ASIA,PAKISTAN,VEST,Spring,14,17.963102,-3.963102340698242,3.963102340698242
2024-02-01,SOUTH_ASIA,PAKISTAN,VEST,Spring,14,13.905635,0.09436511993408203,0.09436511993408203
2024-03-01,SOUTH_ASIA,PAKISTAN,VEST,Spring,13,14.387519,-1.3875188827514648,1.3875188827514648
2024-04-01,SOUTH_ASIA,PAKISTAN,VEST,Summer,9,10.141028,-1.1410284042358398,1.1410284042358398
2024-05-01,SOUTH_ASIA,PAKISTAN,VEST,Summer,9,8.767105,0.2328948974609375,0.2328948974609375
2024-06-01,SOUTH_ASIA,PAKISTAN,VEST,Summer,9,7.769863,1.2301368713378906,1.2301368713378906
2024-07-01,SOUTH_ASIA,PAKISTAN,VEST,Autumn,17,12.009983,4.990016937255859,4.990016937255859
2024-08-01,SOUTH_ASIA,PAKISTAN,VEST,Autumn,23,16.705582,6.2944183349609375,6.2944183349609375
2024-09-01,SOUTH_ASIA,PAKISTAN,VEST,Autumn,30,22.516129,7.4838714599609375,7.4838714599609375
2024-10-01,SOUTH_ASIA,PAKISTAN,VEST,Winter,41,25.5029,15.497100830078125,15.497100830078125
2024-11-01,SOUTH_ASIA,PAKISTAN,VEST,Winter,47,32.983654,14.016345977783203,14.016345977783203
2024-12-01,SOUTH_ASIA,PAKISTAN,VEST,Winter,43,33.679966,9.32003402709961,9.32003402709961
2024-01-01,EASTERN_EUROPE,POLAND,BOOTS,Spring,112,135.7475,-23.74749755859375,23.74749755859375
2024-02-01,EASTERN_EUROPE,POLAND,BOOTS,Spring,121,110.36169,10.638313293457031,10.638313293457031
2024-03-01,EASTERN_EUROPE,POLAND,BOOTS,Spring,135,112.4584,22.541603088378906,22.541603088378906
2024-04-01,EASTERN_EUROPE,POLAND,BOOTS,Summer,69,85.043465,-16.04346466064453,16.04346466064453
2024-05-01,EASTERN_EUROPE,POLAND,BOOTS,Summer,72,57.989708,14.010292053222656,14.010292053222656
2024-06-01,EASTERN_EUROPE,POLAND,BOOTS,Summer,62,61.61903,0.3809700012207031,0.3809700012207031
2024-07-01,EASTERN_EUROPE,POLAND,BOOTS,Autumn,107,109.35032,-2.3503189086914062,2.3503189086914062
2024-08-01,EASTERN_EUROPE,POLAND,BOOTS,Autumn,153,150.57709,2.42291259765625,2.42291259765625
2024-09-01,EASTERN_EUROPE,POLAND,BOOTS,Autumn,200,197.72797,2.27203369140625,2.27203369140625
2024-10-01,EASTERN_EUROPE,POLAND,BOOTS,Winter,300,207.17218,92.82781982421875,92.82781982421875
2024-11-01,EASTERN_EUROPE,POLAND,BOOTS,Winter,278,276.9405,1.05950927734375,1.05950927734375
2024-12-01,EASTERN_EUROPE,POLAND,BOOTS,Winter,283,233.2662,49.733795166015625,49.733795166015625
2024-01-01,EASTERN_EUROPE,POLAND,CARDIGAN,Spring,34,40.60587,-6.605869293212891,6.605869293212891
2024-02-01,EASTERN_EUROPE,POLAND,CARDIGAN,Spring,23,28.277287,-5.277286529541016,5.277286529541016
2024-03-01,EASTERN_EUROPE,POLAND,CARDIGAN,Spring,20,20.08041,-0.08041000366210938,0.08041000366210938
2024-04-01,EASTERN_EUROPE,POLAND,CARDIGAN,Summer,23,21.17588,1.8241195678710938,1.8241195678710938
2024-05-01,EASTERN_EUROPE,POLAND,CARDIGAN,Summer,29,28.208597,0.7914028167724609,0.7914028167724609
2024-06-01,EASTERN_EUROPE,POLAND,CARDIGAN,Summer,32,30.906782,1.0932178497314453,1.0932178497314453
2024-07-01,EASTERN_EUROPE,POLAND,CARDIGAN,Autumn,56,42.50343,13.496570587158203,13.496570587158203
2024-08-01,EASTERN_EUROPE,POLAND,CARDIGAN,Autumn,90,77.858475,12.141525268554688,12.141525268554688
2024-09-01,EASTERN_EUROPE,POLAND,CARDIGAN,Autumn,123,119.41092,3.589080810546875,3.589080810546875
2024-10-01,EASTERN_EUROPE,POLAND,CARDIGAN,Winter,159,149.30983,9.690170288085938,9.690170288085938
2024-11-01,EASTERN_EUROPE,POLAND,CARDIGAN,Winter,195,166.53654,28.463455200195312,28.463455200195312
2024-12-01,EASTERN_EUROPE,POLAND,CARDIGAN,Winter,177,175.78325,1.2167510986328125,1.2167510986328125
2024-01-01,EASTERN_EUROPE,POLAND,JACKET,Spring,1970,2080.2317,-110.231689453125,110.231689453125
2024-02-01,EASTERN_EUROPE,POLAND,JACKET,Spring,1575,1889.5316,-314.5316162109375,314.5316162109375
2024-03-01,EASTERN_EUROPE,POLAND,JACKET,Spring,1269,1574.7443,-305.7442626953125,305.7442626953125
2024-04-01,EASTERN_EUROPE,POLAND,JACKET,Summer,675,921.5255,-246.5255126953125,246.5255126953125
2024-05-01,EASTERN_EUROPE,POLAND,JACKET,Summer,505,657.32666,-152.32666015625,152.32666015625
2024-06-01,EASTERN_EUROPE,POLAND,JACKET,Summer,378,530.5333,-152.5333251953125,152.5333251953125
2024-07-01,EASTERN_EUROPE,POLAND,JACKET,Autumn,949,1221.251,-272.2509765625,272.2509765625
2024-08-01,EASTERN_EUROPE,POLAND,JACKET,Autumn,1506,1958.606,-452.60595703125,452.60595703125
2024-09-01,EASTERN_EUROPE,POLAND,JACKET,Autumn,2178,2578.6577,-400.65771484375,400.65771484375
2024-10-01,EASTERN_EUROPE,POLAND,JACKET,Winter,2312,2658.435,-346.43505859375,346.43505859375
2024-11-01,EASTERN_EUROPE,POLAND,JACKET,Winter,2633,2607.4038,25.59619140625,25.59619140625
2024-12-01,EASTERN_EUROPE,POLAND,JACKET,Winter,2089,2458.9531,-369.953125,369.953125
2024-01-01,EASTERN_EUROPE,POLAND,JEANS,Spring,95,99.83373,-4.833732604980469,4.833732604980469
2024-02-01,EASTERN_EUROPE,POLAND,JEANS,Spring,85,97.20729,-12.207290649414062,12.207290649414062
2024-03-01,EASTERN_EUROPE,POLAND,JEANS,Spring,100,83.00468,16.995323181152344,16.995323181152344
2024-04-01,EASTERN_EUROPE,POLAND,JEANS,Summer,54,50.38468,3.6153182983398438,3.6153182983398438
2024-05-01,EASTERN_EUROPE,POLAND,JEANS,Summer,56,47.705467,8.294532775878906,8.294532775878906
2024-06-01,EASTERN_EUROPE,POLAND,JEANS,Summer,58,45.23939,12.760608673095703,12.760608673095703
2024-07-01,EASTERN_EUROPE,POLAND,JEANS,Autumn,166,116.65386,49.34613800048828,49.34613800048828
2024-08-01,EASTERN_EUROPE,POLAND,JEANS,Autumn,194,181.02673,12.9732666015625,12.9732666015625
2024-09-01,EASTERN_EUROPE,POLAND,JEANS,Autumn,258,209.74168,48.25831604003906,48.25831604003906
2024-10-01,EASTERN_EUROPE,POLAND,JEANS,Winter,284,214.33865,69.66134643554688,69.66134643554688
2024-11-01,EASTERN_EUROPE,POLAND,JEANS,Winter,291,235.26497,55.73503112792969,55.73503112792969
2024-12-01,EASTERN_EUROPE,POLAND,JEANS,Winter,212,210.1695,1.83050537109375,1.83050537109375
2024-01-01,EASTERN_EUROPE,POLAND,SANDALS,Spring,8,9.228407,-1.2284069061279297,1.2284069061279297
2024-02-01,EASTERN_EUROPE,POLAND,SANDALS,Spring,9,11.576537,-2.5765371322631836,2.5765371322631836
2024-03-01,EASTERN_EUROPE,POLAND,SANDALS,Spring,24,24.867414,-0.8674144744873047,0.8674144744873047
2024-04-01,EASTERN_EUROPE,POLAND,SANDALS,Summer,360,443.5602,-83.56021118164062,83.56021118164062
2024-05-01,EASTERN_EUROPE,POLAND,SANDALS,Summer,468,593.72815,-125.7281494140625,125.7281494140625
2024-06-01,EASTERN_EUROPE,POLAND,SANDALS,Summer,633,595.43243,37.56756591796875,37.56756591796875
2024-07-01,EASTERN_EUROPE,POLAND,SANDALS,Autumn,115,114.75057,0.24942779541015625,0.24942779541015625
2024-08-01,EASTERN_EUROPE,POLAND,SANDALS,Autumn,55,65.147835,-10.147834777832031,10.147834777832031
2024-09-01,EASTERN_EUROPE,POLAND,SANDALS,Autumn,20,24.767458,-4.767457962036133,4.767457962036133
2024-10-01,EASTERN_EUROPE,POLAND,SANDALS,Winter,6,6.3478284,-0.34782838821411133,0.34782838821411133
2024-11-01,EASTERN_EUROPE,POLAND,SANDALS,Winter,7,4.86362,2.136380195617676,2.136380195617676
2024-12-01,EASTERN_EUROPE,POLAND,SANDALS,Winter,5,5.851789,-0.8517889976501465,0.8517889976501465
2024-01-01,EASTERN_EUROPE,POLAND,SHIRT,Spring,957,823.0196,133.98040771484375,133.98040771484375
2024-02-01,EASTERN_EUROPE,POLAND,SHIRT,Spring,937,902.33777,34.6622314453125,34.6622314453125
2024-03-01,EASTERN_EUROPE,POLAND,SHIRT,Spring,995,962.4748,32.52520751953125,32.52520751953125
2024-04-01,EASTERN_EUROPE,POLAND,SHIRT,Summer,1193,1075.0056,117.994384765625,117.994384765625
2024-05-01,EASTERN_EUROPE,POLAND,SHIRT,Summer,1218,1187.5112,30.48876953125,30.48876953125
2024-06-01,EASTERN_EUROPE,POLAND,SHIRT,Summer,1246,1249.4657,-3.4656982421875,3.4656982421875
2024-07-01,EASTERN_EUROPE,POLAND,SHIRT,Autumn,816,1009.7332,-193.73321533203125,193.73321533203125
2024-08-01,EASTERN_EUROPE,POLAND,SHIRT,Autumn,907,912.1309,-5.13092041015625,5.13092041015625
2024-09-01,EASTERN_EUROPE,POLAND,SHIRT,Autumn,1019,1054.1812,-35.18115234375,35.18115234375
2024-10-01,EASTERN_EUROPE,POLAND,SHIRT,Winter,815,868.0741,-53.0740966796875,53.0740966796875
2024-11-01,EASTERN_EUROPE,POLAND,SHIRT,Winter,782,810.53143,-28.53143310546875,28.53143310546875
2024-12-01,EASTERN_EUROPE,POLAND,SHIRT,Winter,825,860.4166,-35.4166259765625,35.4166259765625
2024-01-01,EASTERN_EUROPE,POLAND,SNEAKERS,Spring,507,516.02203,-9.02203369140625,9.02203369140625
2024-02-01,EASTERN_EUROPE,POLAND,SNEAKERS,Spring,563,482.98206,80.0179443359375,80.0179443359375
2024-03-01,EASTERN_EUROPE,POLAND,SNEAKERS,Spring,620,568.5373,51.46270751953125,51.46270751953125
2024-04-01,EASTERN_EUROPE,POLAND,SNEAKERS,Summer,487,519.59753,-32.5975341796875,32.5975341796875
2024-05-01,EASTERN_EUROPE,POLAND,SNEAKERS,Summer,453,490.68314,-37.683135986328125,37.683135986328125
2024-06-01,EASTERN_EUROPE,POLAND,SNEAKERS,Summer,359,431.72388,-72.723876953125,72.723876953125
2024-07-01,EASTERN_EUROPE,POLAND,SNEAKERS,Autumn,504,531.8077,-27.80767822265625,27.80767822265625
2024-08-01,EASTERN_EUROPE,POLAND,SNEAKERS,Autumn,649,625.14105,23.85894775390625,23.85894775390625
2024-09-01,EASTERN_EUROPE,POLAND,SNEAKERS,Autumn,877,800.08606,76.9139404296875,76.9139404296875
2024-10-01,EASTERN_EUROPE,POLAND,SNEAKERS,Winter,654,698.7173,-44.71728515625,44.71728515625
2024-11-01,EASTERN_EUROPE,POLAND,SNEAKERS,Winter,696,602.0209,93.9791259765625,93.9791259765625
2024-12-01,EASTERN_EUROPE,POLAND,SNEAKERS,Winter,593,618.1184,-25.118408203125,25.118408203125
2024-01-01,EASTERN_EUROPE,POLAND,SWEATER,Spring,175,206.00229,-31.002288818359375,31.002288818359375
2024-02-01,EASTERN_EUROPE,POLAND,SWEATER,Spring,125,126.59817,-1.5981674194335938,1.5981674194335938
2024-03-01,EASTERN_EUROPE,POLAND,SWEATER,Spring,112,114.20143,-2.2014312744140625,2.2014312744140625
2024-04-01,EASTERN_EUROPE,POLAND,SWEATER,Summer,148,125.5604,22.439598083496094,22.439598083496094
2024-05-01,EASTERN_EUROPE,POLAND,SWEATER,Summer,173,170.42567,2.5743255615234375,2.5743255615234375
2024-06-01,EASTERN_EUROPE,POLAND,SWEATER,Summer,222,201.89476,20.105239868164062,20.105239868164062
2024-07-01,EASTERN_EUROPE,POLAND,SWEATER,Autumn,627,594.1137,32.88629150390625,32.88629150390625
2024-08-01,EASTERN_EUROPE,POLAND,SWEATER,Autumn,885,861.9752,23.0247802734375,23.0247802734375
2024-09-01,EASTERN_EUROPE,POLAND,SWEATER,Autumn,1117,1206.8385,-89.8385009765625,89.8385009765625
2024-10-01,EASTERN_EUROPE,POLAND,SWEATER,Winter,1441,1254.9089,186.091064453125,186.091064453125
2024-11-01,EASTERN_EUROPE,POLAND,SWEATER,Winter,1519,1463.7574,55.2425537109375,55.2425537109375
2024-12-01,EASTERN_EUROPE,POLAND,SWEATER,Winter,1253,1470.0465,-217.0465087890625,217.0465087890625
2024-01-01,EASTERN_EUROPE,POLAND,TOP,Spring,173,150.39362,22.60638427734375,22.60638427734375
2024-02-01,EASTERN_EUROPE,POLAND,TOP,Spring,146,156.35721,-10.357208251953125,10.357208251953125
2024-03-01,EASTERN_EUROPE,POLAND,TOP,Spring,148,147.48302,0.5169830322265625,0.5169830322265625
2024-04-01,EASTERN_EUROPE,POLAND,TOP,Summer,152,142.14848,9.851516723632812,9.851516723632812
2024-05-01,EASTERN_EUROPE,POLAND,TOP,Summer,170,139.61302,30.386978149414062,30.386978149414062
2024-06-01,EASTERN_EUROPE,POLAND,TOP,Summer,141,152.25374,-11.253738403320312,11.253738403320312
2024-07-01,EASTERN_EUROPE,POLAND,TOP,Autumn,178,186.49573,-8.4957275390625,8.4957275390625
2024-08-01,EASTERN_EUROPE,POLAND,TOP,Autumn,271,222.52399,48.47601318359375,48.47601318359375
2024-09-01,EASTERN_EUROPE,POLAND,TOP,Autumn,329,322.02417,6.975830078125,6.975830078125
2024-10-01,EASTERN_EUROPE,POLAND,TOP,Winter,250,318.7488,-68.74880981445312,68.74880981445312
2024-11-01,EASTERN_EUROPE,POLAND,TOP,Winter,276,260.96906,15.03094482421875,15.03094482421875
2024-12-01,EASTERN_EUROPE,POLAND,TOP,Winter,292,274.42865,17.57135009765625,17.57135009765625
2024-01-01,EASTERN_EUROPE,POLAND,VEST,Spring,22,31.128952,-9.128952026367188,9.128952026367188
2024-02-01,EASTERN_EUROPE,POLAND,VEST,Spring,20,22.304241,-2.304241180419922,2.304241180419922
2024-03-01,EASTERN_EUROPE,POLAND,VEST,Spring,19,20.656946,-1.6569461822509766,1.6569461822509766
2024-04-01,EASTERN_EUROPE,POLAND,VEST,Summer,14,13.622601,0.3773994445800781,0.3773994445800781
2024-05-01,EASTERN_EUROPE,POLAND,VEST,Summer,14,13.356598,0.643402099609375,0.643402099609375
2024-06-01,EASTERN_EUROPE,POLAND,VEST,Summer,13,12.5974865,0.4025135040283203,0.4025135040283203
2024-07-01,EASTERN_EUROPE,POLAND,VEST,Autumn,27,19.33599,7.664009094238281,7.664009094238281
2024-08-01,EASTERN_EUROPE,POLAND,VEST,Autumn,37,24.403358,12.596641540527344,12.596641540527344
2024-09-01,EASTERN_EUROPE,POLAND,VEST,Autumn,53,35.31719,17.682811737060547,17.682811737060547
2024-10-01,EASTERN_EUROPE,POLAND,VEST,Winter,70,45.080143,24.919857025146484,24.919857025146484
2024-11-01,EASTERN_EUROPE,POLAND,VEST,Winter,80,55.415848,24.584152221679688,24.584152221679688
2024-12-01,EASTERN_EUROPE,POLAND,VEST,Winter,76,55.960957,20.039043426513672,20.039043426513672
2024-01-01,EASTERN_EUROPE,RUSSIA,BOOTS,Spring,71,81.318695,-10.318695068359375,10.318695068359375
2024-02-01,EASTERN_EUROPE,RUSSIA,BOOTS,Spring,78,69.09231,8.907691955566406,8.907691955566406
2024-03-01,EASTERN_EUROPE,RUSSIA,BOOTS,Spring,86,75.08412,10.915878295898438,10.915878295898438
2024-04-01,EASTERN_EUROPE,RUSSIA,BOOTS,Summer,46,46.309605,-0.3096046447753906,0.3096046447753906
2024-05-01,EASTERN_EUROPE,RUSSIA,BOOTS,Summer,42,43.39462,-1.3946189880371094,1.3946189880371094
2024-06-01,EASTERN_EUROPE,RUSSIA,BOOTS,Summer,39,38.90117,0.0988311767578125,0.0988311767578125
2024-07-01,EASTERN_EUROPE,RUSSIA,BOOTS,Autumn,77,61.35486,15.6451416015625,15.6451416015625
2024-08-01,EASTERN_EUROPE,RUSSIA,BOOTS,Autumn,129,97.87673,31.123268127441406,31.123268127441406
2024-09-01,EASTERN_EUROPE,RUSSIA,BOOTS,Autumn,166,144.95193,21.048065185546875,21.048065185546875
2024-10-01,EASTERN_EUROPE,RUSSIA,BOOTS,Winter,231,160.00781,70.9921875,70.9921875
2024-11-01,EASTERN_EUROPE,RUSSIA,BOOTS,Winter,202,191.823,10.177001953125,10.177001953125
2024-12-01,EASTERN_EUROPE,RUSSIA,BOOTS,Winter,195,169.31653,25.6834716796875,25.6834716796875
2024-01-01,EASTERN_EUROPE,RUSSIA,CARDIGAN,Spring,22,28.084978,-6.084978103637695,6.084978103637695
2024-02-01,EASTERN_EUROPE,RUSSIA,CARDIGAN,Spring,14,19.94499,-5.944990158081055,5.944990158081055
2024-03-01,EASTERN_EUROPE,RUSSIA,CARDIGAN,Spring,11,12.069625,-1.069624900817871,1.069624900817871
2024-04-01,EASTERN_EUROPE,RUSSIA,CARDIGAN,Summer,12,12.472528,-0.47252845764160156,0.47252845764160156
2024-05-01,EASTERN_EUROPE,RUSSIA,CARDIGAN,Summer,17,17.370188,-0.37018775939941406,0.37018775939941406
2024-06-01,EASTERN_EUROPE,RUSSIA,CARDIGAN,Summer,19,20.069897,-1.0698966979980469,1.0698966979980469
2024-07-01,EASTERN_EUROPE,RUSSIA,CARDIGAN,Autumn,31,26.355295,4.644704818725586,4.644704818725586
2024-08-01,EASTERN_EUROPE,RUSSIA,CARDIGAN,Autumn,52,42.647373,9.35262680053711,9.35262680053711
2024-09-01,EASTERN_EUROPE,RUSSIA,CARDIGAN,Autumn,76,65.15856,10.841438293457031,10.841438293457031
2024-10-01,EASTERN_EUROPE,RUSSIA,CARDIGAN,Winter,107,86.15961,20.84039306640625,20.84039306640625
2024-11-01,EASTERN_EUROPE,RUSSIA,CARDIGAN,Winter,134,112.82672,21.17327880859375,21.17327880859375
2024-12-01,EASTERN_EUROPE,RUSSIA,CARDIGAN,Winter,99,126.366806,-27.366806030273438,27.366806030273438
2024-01-01,EASTERN_EUROPE,RUSSIA,JACKET,Spring,1243,1344.2174,-101.2174072265625,101.2174072265625
2024-02-01,EASTERN_EUROPE,RUSSIA,JACKET,Spring,1079,1159.7203,-80.7203369140625,80.7203369140625
2024-03-01,EASTERN_EUROPE,RUSSIA,JACKET,Spring,951,1001.4268,-50.42681884765625,50.42681884765625
2024-04-01,EASTERN_EUROPE,RUSSIA,JACKET,Summer,418,570.99084,-152.9908447265625,152.9908447265625
2024-05-01,EASTERN_EUROPE,RUSSIA,JACKET,Summer,270,361.841,-91.84100341796875,91.84100341796875
2024-06-01,EASTERN_EUROPE,RUSSIA,JACKET,Summer,265,255.57928,9.42071533203125,9.42071533203125
2024-07-01,EASTERN_EUROPE,RUSSIA,JACKET,Autumn,633,696.7711,-63.7711181640625,63.7711181640625
2024-08-01,EASTERN_EUROPE,RUSSIA,JACKET,Autumn,923,1124.993,-201.9930419921875,201.9930419921875
2024-09-01,EASTERN_EUROPE,RUSSIA,JACKET,Autumn,1485,1395.6674,89.3326416015625,89.3326416015625
2024-10-01,EASTERN_EUROPE,RUSSIA,JACKET,Winter,1620,1715.999,-95.9990234375,95.9990234375
2024-11-01,EASTERN_EUROPE,RUSSIA,JACKET,Winter,1765,1659.2063,105.793701171875,105.793701171875
2024-12-01,EASTERN_EUROPE,RUSSIA,JACKET,Winter,1511,1655.9385,-144.9384765625,144.9384765625
2024-01-01,EASTERN_EUROPE,RUSSIA,JEANS,Spring,63,70.86582,-7.865821838378906,7.865821838378906
2024-02-01,EASTERN_EUROPE,RUSSIA,JEANS,Spring,61,56.96256,4.037441253662109,4.037441253662109
2024-03-01,EASTERN_EUROPE,RUSSIA,JEANS,Spring,67,53.64055,13.359451293945312,13.359451293945312
2024-04-01,EASTERN_EUROPE,RUSSIA,JEANS,Summer,34,35.79304,-1.7930412292480469,1.7930412292480469
2024-05-01,EASTERN_EUROPE,RUSSIA,JEANS,Summer,35,30.504066,4.495933532714844,4.495933532714844
2024-06-01,EASTERN_EUROPE,RUSSIA,JEANS,Summer,36,28.898779,7.101221084594727,7.101221084594727
2024-07-01,EASTERN_EUROPE,RUSSIA,JEANS,Autumn,108,66.89661,41.1033935546875,41.1033935546875
2024-08-01,EASTERN_EUROPE,RUSSIA,JEANS,Autumn,153,109.32138,43.678619384765625,43.678619384765625
2024-09-01,EASTERN_EUROPE,RUSSIA,JEANS,Autumn,197,152.64835,44.351654052734375,44.351654052734375
2024-10-01,EASTERN_EUROPE,RUSSIA,JEANS,Winter,195,166.2555,28.7445068359375,28.7445068359375
2024-11-01,EASTERN_EUROPE,RUSSIA,JEANS,Winter,228,172.08186,55.91813659667969,55.91813659667969
2024-12-01,EASTERN_EUROPE,RUSSIA,JEANS,Winter,158,148.95847,9.041534423828125,9.041534423828125
2024-01-01,EASTERN_EUROPE,RUSSIA,SANDALS,Spring,6,7.104948,-1.1049480438232422,1.1049480438232422
2024-02-01,EASTERN_EUROPE,RUSSIA,SANDALS,Spring,6,8.0995655,-2.0995655059814453,2.0995655059814453
2024-03-01,EASTERN_EUROPE,RUSSIA,SANDALS,Spring,16,17.19829,-1.1982898712158203,1.1982898712158203
2024-04-01,EASTERN_EUROPE,RUSSIA,SANDALS,Summer,240,281.7453,-41.74530029296875,41.74530029296875
2024-05-01,EASTERN_EUROPE,RUSSIA,SANDALS,Summer,340,432.44025,-92.44024658203125,92.44024658203125
2024-06-01,EASTERN_EUROPE,RUSSIA,SANDALS,Summer,389,432.0106,-43.010589599609375,43.010589599609375
2024-07-01,EASTERN_EUROPE,RUSSIA,SANDALS,Autumn,67,81.97612,-14.976119995117188,14.976119995117188
2024-08-01,EASTERN_EUROPE,RUSSIA,SANDALS,Autumn,36,46.644295,-10.644294738769531,10.644294738769531
2024-09-01,EASTERN_EUROPE,RUSSIA,SANDALS,Autumn,12,19.387936,-7.387935638427734,7.387935638427734
2024-10-01,EASTERN_EUROPE,RUSSIA,SANDALS,Winter,4,4.463988,-0.4639878273010254,0.4639878273010254
2024-11-01,EASTERN_EUROPE,RUSSIA,SANDALS,Winter,4,3.252695,0.7473049163818359,0.7473049163818359
2024-12-01,EASTERN_EUROPE,RUSSIA,SANDALS,Winter,4,3.5654984,0.43450164794921875,0.43450164794921875
2024-01-01,EASTERN_EUROPE,RUSSIA,SHIRT,Spring,630,570.8545,59.1455078125,59.1455078125
2024-02-01,EASTERN_EUROPE,RUSSIA,SHIRT,Spring,634,646.09875,-12.0987548828125,12.0987548828125
2024-03-01,EASTERN_EUROPE,RUSSIA,SHIRT,Spring,675,620.00507,54.99493408203125,54.99493408203125
2024-04-01,EASTERN_EUROPE,RUSSIA,SHIRT,Summer,678,723.2343,-45.23431396484375,45.23431396484375
2024-05-01,EASTERN_EUROPE,RUSSIA,SHIRT,Summer,785,770.8608,14.13922119140625,14.13922119140625
2024-06-01,EASTERN_EUROPE,RUSSIA,SHIRT,Summer,801,820.07166,-19.0716552734375,19.0716552734375
2024-07-01,EASTERN_EUROPE,RUSSIA,SHIRT,Autumn,545,670.57513,-125.57513427734375,125.57513427734375
2024-08-01,EASTERN_EUROPE,RUSSIA,SHIRT,Autumn,567,647.5676,-80.567626953125,80.567626953125
2024-09-01,EASTERN_EUROPE,RUSSIA,SHIRT,Autumn,607,654.83453,-47.83453369140625,47.83453369140625
2024-10-01,EASTERN_EUROPE,RUSSIA,SHIRT,Winter,493,554.47986,-61.4798583984375,61.4798583984375
2024-11-01,EASTERN_EUROPE,RUSSIA,SHIRT,Winter,467,517.2616,-50.2615966796875,50.2615966796875
2024-12-01,EASTERN_EUROPE,RUSSIA,SHIRT,Winter,569,500.11063,68.88937377929688,68.88937377929688
2024-01-01,EASTERN_EUROPE,RUSSIA,SNEAKERS,Spring,350,353.1954,-3.195404052734375,3.195404052734375
2024-02-01,EASTERN_EUROPE,RUSSIA,SNEAKERS,Spring,308,343.28598,-35.285980224609375,35.285980224609375
2024-03-01,EASTERN_EUROPE,RUSSIA,SNEAKERS,Spring,340,335.0743,4.925689697265625,4.925689697265625
2024-04-01,EASTERN_EUROPE,RUSSIA,SNEAKERS,Summer,318,328.92688,-10.9268798828125,10.9268798828125
2024-05-01,EASTERN_EUROPE,RUSSIA,SNEAKERS,Summer,316,326.75266,-10.752655029296875,10.752655029296875
2024-06-01,EASTERN_EUROPE,RUSSIA,SNEAKERS,Summer,247,291.00772,-44.007720947265625,44.007720947265625
2024-07-01,EASTERN_EUROPE,RUSSIA,SNEAKERS,Autumn,318,357.4006,-39.400604248046875,39.400604248046875
2024-08-01,EASTERN_EUROPE,RUSSIA,SNEAKERS,Autumn,405,379.30707,25.69293212890625,25.69293212890625
2024-09-01,EASTERN_EUROPE,RUSSIA,SNEAKERS,Autumn,522,483.30295,38.697052001953125,38.697052001953125
2024-10-01,EASTERN_EUROPE,RUSSIA,SNEAKERS,Winter,383,433.37918,-50.379180908203125,50.379180908203125
2024-11-01,EASTERN_EUROPE,RUSSIA,SNEAKERS,Winter,419,364.45706,54.542938232421875,54.542938232421875
2024-12-01,EASTERN_EUROPE,RUSSIA,SNEAKERS,Winter,435,363.83878,71.16122436523438,71.16122436523438
2024-01-01,EASTERN_EUROPE,RUSSIA,SWEATER,Spring,114,135.75519,-21.75518798828125,21.75518798828125
2024-02-01,EASTERN_EUROPE,RUSSIA,SWEATER,Spring,78,86.58398,-8.583976745605469,8.583976745605469
2024-03-01,EASTERN_EUROPE,RUSSIA,SWEATER,Spring,75,71.63979,3.3602066040039062,3.3602066040039062
2024-04-01,EASTERN_EUROPE,RUSSIA,SWEATER,Summer,108,78.945816,29.054183959960938,29.054183959960938
2024-05-01,EASTERN_EUROPE,RUSSIA,SWEATER,Summer,122,111.71302,10.286979675292969,10.286979675292969
2024-06-01,EASTERN_EUROPE,RUSSIA,SWEATER,Summer,145,113.3456,31.654403686523438,31.654403686523438
2024-07-01,EASTERN_EUROPE,RUSSIA,SWEATER,Autumn,455,363.24152,91.75848388671875,91.75848388671875
2024-08-01,EASTERN_EUROPE,RUSSIA,SWEATER,Autumn,556,546.4218,9.57818603515625,9.57818603515625
2024-09-01,EASTERN_EUROPE,RUSSIA,SWEATER,Autumn,703,708.0944,-5.09442138671875,5.09442138671875
2024-10-01,EASTERN_EUROPE,RUSSIA,SWEATER,Winter,883,775.42,107.58001708984375,107.58001708984375
2024-11-01,EASTERN_EUROPE,RUSSIA,SWEATER,Winter,917,954.48846,-37.48846435546875,37.48846435546875
2024-12-01,EASTERN_EUROPE,RUSSIA,SWEATER,Winter,767,866.59265,-99.5926513671875,99.5926513671875
2024-01-01,EASTERN_EUROPE,RUSSIA,TOP,Spring,93,94.61821,-1.6182098388671875,1.6182098388671875
2024-02-01,EASTERN_EUROPE,RUSSIA,TOP,Spring,97,94.21297,2.7870330810546875,2.7870330810546875
2024-03-01,EASTERN_EUROPE,RUSSIA,TOP,Spring,98,98.771576,-0.771575927734375,0.771575927734375
2024-04-01,EASTERN_EUROPE,RUSSIA,TOP,Summer,98,96.169655,1.8303451538085938,1.8303451538085938
2024-05-01,EASTERN_EUROPE,RUSSIA,TOP,Summer,95,96.267235,-1.2672348022460938,1.2672348022460938
2024-06-01,EASTERN_EUROPE,RUSSIA,TOP,Summer,96,86.46007,9.539932250976562,9.539932250976562
2024-07-01,EASTERN_EUROPE,RUSSIA,TOP,Autumn,123,115.97771,7.0222930908203125,7.0222930908203125
2024-08-01,EASTERN_EUROPE,RUSSIA,TOP,Autumn,183,136.7463,46.253692626953125,46.253692626953125
2024-09-01,EASTERN_EUROPE,RUSSIA,TOP,Autumn,240,203.9223,36.07769775390625,36.07769775390625
2024-10-01,EASTERN_EUROPE,RUSSIA,TOP,Winter,162,199.01193,-37.011932373046875,37.011932373046875
2024-11-01,EASTERN_EUROPE,RUSSIA,TOP,Winter,202,164.21423,37.7857666015625,37.7857666015625
2024-12-01,EASTERN_EUROPE,RUSSIA,TOP,Winter,212,190.05696,21.943038940429688,21.943038940429688
2024-01-01,EASTERN_EUROPE,RUSSIA,VEST,Spring,16,19.718882,-3.718881607055664,3.718881607055664
2024-02-01,EASTERN_EUROPE,RUSSIA,VEST,Spring,18,14.702598,3.2974023818969727,3.2974023818969727
2024-03-01,EASTERN_EUROPE,RUSSIA,VEST,Spring,16,15.952063,0.04793739318847656,0.04793739318847656
2024-04-01,EASTERN_EUROPE,RUSSIA,VEST,Summer,11,11.775441,-0.7754411697387695,0.7754411697387695
2024-05-01,EASTERN_EUROPE,RUSSIA,VEST,Summer,10,9.437299,0.5627012252807617,0.5627012252807617
2024-06-01,EASTERN_EUROPE,RUSSIA,VEST,Summer,9,8.209536,0.7904644012451172,0.7904644012451172
2024-07-01,EASTERN_EUROPE,RUSSIA,VEST,Autumn,18,12.02715,5.9728498458862305,5.9728498458862305
2024-08-01,EASTERN_EUROPE,RUSSIA,VEST,Autumn,26,18.066183,7.933816909790039,7.933816909790039
2024-09-01,EASTERN_EUROPE,RUSSIA,VEST,Autumn,38,22.828695,15.171304702758789,15.171304702758789
2024-10-01,EASTERN_EUROPE,RUSSIA,VEST,Winter,42,32.978897,9.021102905273438,9.021102905273438
2024-11-01,EASTERN_EUROPE,RUSSIA,VEST,Winter,44,35.09221,8.907791137695312,8.907791137695312
2024-12-01,EASTERN_EUROPE,RUSSIA,VEST,Winter,45,35.92015,9.079849243164062,9.079849243164062
2024-01-01,MIDDLE_EAST,SAUDI_ARABIA,BOOTS,Spring,151,159.69832,-8.698318481445312,8.698318481445312
2024-02-01,MIDDLE_EAST,SAUDI_ARABIA,BOOTS,Spring,149,144.12173,4.878265380859375,4.878265380859375
2024-03-01,MIDDLE_EAST,SAUDI_ARABIA,BOOTS,Spring,173,144.32275,28.67724609375,28.67724609375
2024-04-01,MIDDLE_EAST,SAUDI_ARABIA,BOOTS,Summer,99,102.801346,-3.8013458251953125,3.8013458251953125
2024-05-01,MIDDLE_EAST,SAUDI_ARABIA,BOOTS,Summer,94,92.241196,1.7588043212890625,1.7588043212890625
2024-06-01,MIDDLE_EAST,SAUDI_ARABIA,BOOTS,Summer,86,85.8143,0.185699462890625,0.185699462890625
2024-07-01,MIDDLE_EAST,SAUDI_ARABIA,BOOTS,Autumn,129,147.02373,-18.023727416992188,18.023727416992188
2024-08-01,MIDDLE_EAST,SAUDI_ARABIA,BOOTS,Autumn,206,182.36063,23.639373779296875,23.639373779296875
2024-09-01,MIDDLE_EAST,SAUDI_ARABIA,BOOTS,Autumn,288,246.17653,41.82347106933594,41.82347106933594
2024-10-01,MIDDLE_EAST,SAUDI_ARABIA,BOOTS,Winter,438,306.62964,131.370361328125,131.370361328125
2024-11-01,MIDDLE_EAST,SAUDI_ARABIA,BOOTS,Winter,399,402.40167,-3.40167236328125,3.40167236328125
2024-12-01,MIDDLE_EAST,SAUDI_ARABIA,BOOTS,Winter,381,347.66803,33.33197021484375,33.33197021484375
2024-01-01,MIDDLE_EAST,SAUDI_ARABIA,CARDIGAN,Spring,47,51.06041,-4.0604095458984375,4.0604095458984375
2024-02-01,MIDDLE_EAST,SAUDI_ARABIA,CARDIGAN,Spring,31,35.276325,-4.276325225830078,4.276325225830078
2024-03-01,MIDDLE_EAST,SAUDI_ARABIA,CARDIGAN,Spring,26,27.222004,-1.2220039367675781,1.2220039367675781
2024-04-01,MIDDLE_EAST,SAUDI_ARABIA,CARDIGAN,Summer,29,24.058435,4.941564559936523,4.941564559936523
2024-05-01,MIDDLE_EAST,SAUDI_ARABIA,CARDIGAN,Summer,36,31.402233,4.597766876220703,4.597766876220703
2024-06-01,MIDDLE_EAST,SAUDI_ARABIA,CARDIGAN,Summer,46,35.67941,10.32059097290039,10.32059097290039
2024-07-01,MIDDLE_EAST,SAUDI_ARABIA,CARDIGAN,Autumn,69,61.56626,7.433738708496094,7.433738708496094
2024-08-01,MIDDLE_EAST,SAUDI_ARABIA,CARDIGAN,Autumn,122,91.299805,30.7001953125,30.7001953125
2024-09-01,MIDDLE_EAST,SAUDI_ARABIA,CARDIGAN,Autumn,158,141.53839,16.46160888671875,16.46160888671875
2024-10-01,MIDDLE_EAST,SAUDI_ARABIA,CARDIGAN,Winter,229,177.80008,51.199920654296875,51.199920654296875
2024-11-01,MIDDLE_EAST,SAUDI_ARABIA,CARDIGAN,Winter,260,228.17894,31.821060180664062,31.821060180664062
2024-12-01,MIDDLE_EAST,SAUDI_ARABIA,CARDIGAN,Winter,189,230.65012,-41.650115966796875,41.650115966796875
2024-01-01,MIDDLE_EAST,SAUDI_ARABIA,JACKET,Spring,2406,3036.4888,-630.48876953125,630.48876953125
2024-02-01,MIDDLE_EAST,SAUDI_ARABIA,JACKET,Spring,2273,2462.2244,-189.224365234375,189.224365234375
2024-03-01,MIDDLE_EAST,SAUDI_ARABIA,JACKET,Spring,1891,2476.9773,-585.977294921875,585.977294921875
2024-04-01,MIDDLE_EAST,SAUDI_ARABIA,JACKET,Summer,872,1148.9584,-276.9583740234375,276.9583740234375
2024-05-01,MIDDLE_EAST,SAUDI_ARABIA,JACKET,Summer,562,782.5647,-220.564697265625,220.564697265625
2024-06-01,MIDDLE_EAST,SAUDI_ARABIA,JACKET,Summer,490,620.1739,-130.17388916015625,130.17388916015625
2024-07-01,MIDDLE_EAST,SAUDI_ARABIA,JACKET,Autumn,1337,1589.7268,-252.726806640625,252.726806640625
2024-08-01,MIDDLE_EAST,SAUDI_ARABIA,JACKET,Autumn,2197,2607.2769,-410.27685546875,410.27685546875
2024-09-01,MIDDLE_EAST,SAUDI_ARABIA,JACKET,Autumn,2899,3100.98,-201.97998046875,201.97998046875
2024-10-01,MIDDLE_EAST,SAUDI_ARABIA,JACKET,Winter,3127,3386.9143,-259.914306640625,259.914306640625
2024-11-01,MIDDLE_EAST,SAUDI_ARABIA,JACKET,Winter,3374,3431.3643,-57.3642578125,57.3642578125
2024-12-01,MIDDLE_EAST,SAUDI_ARABIA,JACKET,Winter,2855,3130.9343,-275.934326171875,275.934326171875
2024-01-01,MIDDLE_EAST,SAUDI_ARABIA,JEANS,Spring,133,146.06978,-13.069778442382812,13.069778442382812
2024-02-01,MIDDLE_EAST,SAUDI_ARABIA,JEANS,Spring,113,128.90665,-15.906646728515625,15.906646728515625
2024-03-01,MIDDLE_EAST,SAUDI_ARABIA,JEANS,Spring,141,97.96777,43.0322265625,43.0322265625
2024-04-01,MIDDLE_EAST,SAUDI_ARABIA,JEANS,Summer,71,68.17058,2.8294219970703125,2.8294219970703125
2024-05-01,MIDDLE_EAST,SAUDI_ARABIA,JEANS,Summer,74,58.84662,15.15338134765625,15.15338134765625
2024-06-01,MIDDLE_EAST,SAUDI_ARABIA,JEANS,Summer,71,60.572975,10.427024841308594,10.427024841308594
2024-07-01,MIDDLE_EAST,SAUDI_ARABIA,JEANS,Autumn,197,145.04765,51.95234680175781,51.95234680175781
2024-08-01,MIDDLE_EAST,SAUDI_ARABIA,JEANS,Autumn,268,225.64397,42.35603332519531,42.35603332519531
2024-09-01,MIDDLE_EAST,SAUDI_ARABIA,JEANS,Autumn,343,286.14804,56.851959228515625,56.851959228515625
2024-10-01,MIDDLE_EAST,SAUDI_ARABIA,JEANS,Winter,369,297.2607,71.73928833007812,71.73928833007812
2024-11-01,MIDDLE_EAST,SAUDI_ARABIA,JEANS,Winter,375,317.5329,57.46710205078125,57.46710205078125
2024-12-01,MIDDLE_EAST,SAUDI_ARABIA,JEANS,Winter,316,278.90372,37.096282958984375,37.096282958984375
2024-01-01,MIDDLE_EAST,SAUDI_ARABIA,SANDALS,Spring,12,13.867651,-1.8676509857177734,1.8676509857177734
2024-02-01,MIDDLE_EAST,SAUDI_ARABIA,SANDALS,Spring,12,17.301743,-5.3017425537109375,5.3017425537109375
2024-03-01,MIDDLE_EAST,SAUDI_ARABIA,SANDALS,Spring,34,30.712187,3.287813186645508,3.287813186645508
2024-04-01,MIDDLE_EAST,SAUDI_ARABIA,SANDALS,Summer,511,551.6226,-40.62261962890625,40.62261962890625
2024-05-01,MIDDLE_EAST,SAUDI_ARABIA,SANDALS,Summer,746,774.9107,-28.91070556640625,28.91070556640625
2024-06-01,MIDDLE_EAST,SAUDI_ARABIA,SANDALS,Summer,854,809.075,44.92498779296875,44.92498779296875
2024-07-01,MIDDLE_EAST,SAUDI_ARABIA,SANDALS,Autumn,146,153.09863,-7.0986328125,7.0986328125
2024-08-01,MIDDLE_EAST,SAUDI_ARABIA,SANDALS,Autumn,72,86.55212,-14.552116394042969,14.552116394042969
2024-09-01,MIDDLE_EAST,SAUDI_ARABIA,SANDALS,Autumn,30,38.788902,-8.788902282714844,8.788902282714844
2024-10-01,MIDDLE_EAST,SAUDI_ARABIA,SANDALS,Winter,11,10.369425,0.6305751800537109,0.6305751800537109
2024-11-01,MIDDLE_EAST,SAUDI_ARABIA,SANDALS,Winter,12,8.798941,3.201059341430664,3.201059341430664
2024-12-01,MIDDLE_EAST,SAUDI_ARABIA,SANDALS,Winter,11,7.830311,3.169689178466797,3.169689178466797
2024-01-01,MIDDLE_EAST,SAUDI_ARABIA,SHIRT,Spring,1157,1123.9255,33.074462890625,33.074462890625
2024-02-01,MIDDLE_EAST,SAUDI_ARABIA,SHIRT,Spring,1183,1210.5382,-27.5382080078125,27.5382080078125
2024-03-01,MIDDLE_EAST,SAUDI_ARABIA,SHIRT,Spring,1269,1293.311,-24.31103515625,24.31103515625
2024-04-01,MIDDLE_EAST,SAUDI_ARABIA,SHIRT,Summer,1435,1342.108,92.8919677734375,92.8919677734375
2024-05-01,MIDDLE_EAST,SAUDI_ARABIA,SHIRT,Summer,1628,1587.4802,40.519775390625,40.519775390625
2024-06-01,MIDDLE_EAST,SAUDI_ARABIA,SHIRT,Summer,1711,1798.2931,-87.2930908203125,87.2930908203125
2024-07-01,MIDDLE_EAST,SAUDI_ARABIA,SHIRT,Autumn,1358,1344.9167,13.083251953125,13.083251953125
2024-08-01,MIDDLE_EAST,SAUDI_ARABIA,SHIRT,Autumn,1354,1248.785,105.2149658203125,105.2149658203125
2024-09-01,MIDDLE_EAST,SAUDI_ARABIA,SHIRT,Autumn,1498,1360.4528,137.5472412109375,137.5472412109375
2024-10-01,MIDDLE_EAST,SAUDI_ARABIA,SHIRT,Winter,1050,1070.3145,-20.314453125,20.314453125
2024-11-01,MIDDLE_EAST,SAUDI_ARABIA,SHIRT,Winter,1089,966.6199,122.380126953125,122.380126953125
2024-12-01,MIDDLE_EAST,SAUDI_ARABIA,SHIRT,Winter,1106,1050.123,55.876953125,55.876953125
2024-01-01,MIDDLE_EAST,SAUDI_ARABIA,SNEAKERS,Spring,696,701.2449,-5.244873046875,5.244873046875
2024-02-01,MIDDLE_EAST,SAUDI_ARABIA,SNEAKERS,Spring,707,654.9847,52.01531982421875,52.01531982421875
2024-03-01,MIDDLE_EAST,SAUDI_ARABIA,SNEAKERS,Spring,842,738.4851,103.514892578125,103.514892578125
2024-04-01,MIDDLE_EAST,SAUDI_ARABIA,SNEAKERS,Summer,680,626.0787,53.92132568359375,53.92132568359375
2024-05-01,MIDDLE_EAST,SAUDI_ARABIA,SNEAKERS,Summer,727,664.89343,62.1065673828125,62.1065673828125
2024-06-01,MIDDLE_EAST,SAUDI_ARABIA,SNEAKERS,Summer,601,551.2912,49.70880126953125,49.70880126953125
2024-07-01,MIDDLE_EAST,SAUDI_ARABIA,SNEAKERS,Autumn,781,724.6606,56.33941650390625,56.33941650390625
2024-08-01,MIDDLE_EAST,SAUDI_ARABIA,SNEAKERS,Autumn,998,829.6547,168.34527587890625,168.34527587890625
2024-09-01,MIDDLE_EAST,SAUDI_ARABIA,SNEAKERS,Autumn,1170,987.9508,182.0491943359375,182.0491943359375
2024-10-01,MIDDLE_EAST,SAUDI_ARABIA,SNEAKERS,Winter,811,838.09595,-27.095947265625,27.095947265625
2024-11-01,MIDDLE_EAST,SAUDI_ARABIA,SNEAKERS,Winter,839,732.8298,106.17022705078125,106.17022705078125
2024-12-01,MIDDLE_EAST,SAUDI_ARABIA,SNEAKERS,Winter,729,775.2294,-46.2293701171875,46.2293701171875
2024-01-01,MIDDLE_EAST,SAUDI_ARABIA,SWEATER,Spring,233,278.45508,-45.455078125,45.455078125
2024-02-01,MIDDLE_EAST,SAUDI_ARABIA,SWEATER,Spring,139,173.74857,-34.748565673828125,34.748565673828125
2024-03-01,MIDDLE_EAST,SAUDI_ARABIA,SWEATER,Spring,140,136.04718,3.95281982421875,3.95281982421875
2024-04-01,MIDDLE_EAST,SAUDI_ARABIA,SWEATER,Summer,184,166.86505,17.13494873046875,17.13494873046875
2024-05-01,MIDDLE_EAST,SAUDI_ARABIA,SWEATER,Summer,241,235.24413,5.7558746337890625,5.7558746337890625
2024-06-01,MIDDLE_EAST,SAUDI_ARABIA,SWEATER,Summer,310,286.50922,23.49078369140625,23.49078369140625
2024-07-01,MIDDLE_EAST,SAUDI_ARABIA,SWEATER,Autumn,885,954.1286,-69.12860107421875,69.12860107421875
2024-08-01,MIDDLE_EAST,SAUDI_ARABIA,SWEATER,Autumn,1308,1328.2605,-20.260498046875,20.260498046875
2024-09-01,MIDDLE_EAST,SAUDI_ARABIA,SWEATER,Autumn,1590,1828.4327,-238.4327392578125,238.4327392578125
2024-10-01,MIDDLE_EAST,SAUDI_ARABIA,SWEATER,Winter,2162,1901.788,260.2120361328125,260.2120361328125
2024-11-01,MIDDLE_EAST,SAUDI_ARABIA,SWEATER,Winter,2106,2256.1462,-150.146240234375,150.146240234375
2024-12-01,MIDDLE_EAST,SAUDI_ARABIA,SWEATER,Winter,1697,1941.4546,-244.45458984375,244.45458984375
2024-01-01,MIDDLE_EAST,SAUDI_ARABIA,TOP,Spring,209,186.88773,22.112274169921875,22.112274169921875
2024-02-01,MIDDLE_EAST,SAUDI_ARABIA,TOP,Spring,203,189.31627,13.683731079101562,13.683731079101562
2024-03-01,MIDDLE_EAST,SAUDI_ARABIA,TOP,Spring,190,207.41513,-17.415130615234375,17.415130615234375
2024-04-01,MIDDLE_EAST,SAUDI_ARABIA,TOP,Summer,193,179.21266,13.787338256835938,13.787338256835938
2024-05-01,MIDDLE_EAST,SAUDI_ARABIA,TOP,Summer,197,181.67513,15.324874877929688,15.324874877929688
2024-06-01,MIDDLE_EAST,SAUDI_ARABIA,TOP,Summer,165,166.56363,-1.563629150390625,1.563629150390625
2024-07-01,MIDDLE_EAST,SAUDI_ARABIA,TOP,Autumn,257,249.02386,7.97613525390625,7.97613525390625
2024-08-01,MIDDLE_EAST,SAUDI_ARABIA,TOP,Autumn,335,345.98557,-10.985565185546875,10.985565185546875
2024-09-01,MIDDLE_EAST,SAUDI_ARABIA,TOP,Autumn,476,444.89856,31.1014404296875,31.1014404296875
2024-10-01,MIDDLE_EAST,SAUDI_ARABIA,TOP,Winter,341,428.4772,-87.47720336914062,87.47720336914062
2024-11-01,MIDDLE_EAST,SAUDI_ARABIA,TOP,Winter,387,373.6533,13.346710205078125,13.346710205078125
2024-12-01,MIDDLE_EAST,SAUDI_ARABIA,TOP,Winter,367,380.57352,-13.573516845703125,13.573516845703125
2024-01-01,MIDDLE_EAST,SAUDI_ARABIA,VEST,Spring,28,43.857964,-15.857963562011719,15.857963562011719
2024-02-01,MIDDLE_EAST,SAUDI_ARABIA,VEST,Spring,30,26.622,3.378000259399414,3.378000259399414
2024-03-01,MIDDLE_EAST,SAUDI_ARABIA,VEST,Spring,29,27.547903,1.452096939086914,1.452096939086914
2024-04-01,MIDDLE_EAST,SAUDI_ARABIA,VEST,Summer,20,21.417028,-1.4170284271240234,1.4170284271240234
2024-05-01,MIDDLE_EAST,SAUDI_ARABIA,VEST,Summer,18,20.235136,-2.235136032104492,2.235136032104492
2024-06-01,MIDDLE_EAST,SAUDI_ARABIA,VEST,Summer,18,16.216543,1.783456802368164,1.783456802368164
2024-07-01,MIDDLE_EAST,SAUDI_ARABIA,VEST,Autumn,37,27.063454,9.936546325683594,9.936546325683594
2024-08-01,MIDDLE_EAST,SAUDI_ARABIA,VEST,Autumn,51,37.497105,13.50289535522461,13.50289535522461
2024-09-01,MIDDLE_EAST,SAUDI_ARABIA,VEST,Autumn,77,49.387234,27.61276626586914,27.61276626586914
2024-10-01,MIDDLE_EAST,SAUDI_ARABIA,VEST,Winter,95,63.399437,31.600563049316406,31.600563049316406
2024-11-01,MIDDLE_EAST,SAUDI_ARABIA,VEST,Winter,94,78.48076,15.519241333007812,15.519241333007812
2024-12-01,MIDDLE_EAST,SAUDI_ARABIA,VEST,Winter,90,71.40689,18.593109130859375,18.593109130859375
2024-01-01,MIDDLE_EAST,UAE,BOOTS,Spring,154,161.3504,-7.35040283203125,7.35040283203125
2024-02-01,MIDDLE_EAST,UAE,BOOTS,Spring,171,144.82518,26.174819946289062,26.174819946289062
2024-03-01,MIDDLE_EAST,UAE,BOOTS,Spring,171,168.0742,2.9257965087890625,2.9257965087890625
2024-04-01,MIDDLE_EAST,UAE,BOOTS,Summer,82,104.752235,-22.752235412597656,22.752235412597656
2024-05-01,MIDDLE_EAST,UAE,BOOTS,Summer,81,80.201256,0.7987442016601562,0.7987442016601562
2024-06-01,MIDDLE_EAST,UAE,BOOTS,Summer,69,72.374054,-3.374053955078125,3.374053955078125
2024-07-01,MIDDLE_EAST,UAE,BOOTS,Autumn,129,117.89601,11.103988647460938,11.103988647460938
2024-08-01,MIDDLE_EAST,UAE,BOOTS,Autumn,179,177.74681,1.2531890869140625,1.2531890869140625
2024-09-01,MIDDLE_EAST,UAE,BOOTS,Autumn,237,224.43378,12.56622314453125,12.56622314453125
2024-10-01,MIDDLE_EAST,UAE,BOOTS,Winter,349,263.68042,85.319580078125,85.319580078125
2024-11-01,MIDDLE_EAST,UAE,BOOTS,Winter,327,335.45224,-8.452239990234375,8.452239990234375
2024-12-01,MIDDLE_EAST,UAE,BOOTS,Winter,286,312.09308,-26.09307861328125,26.09307861328125
2024-01-01,MIDDLE_EAST,UAE,CARDIGAN,Spring,35,43.89965,-8.899650573730469,8.899650573730469
2024-02-01,MIDDLE_EAST,UAE,CARDIGAN,Spring,25,29.261358,-4.261358261108398,4.261358261108398
2024-03-01,MIDDLE_EAST,UAE,CARDIGAN,Spring,21,21.090937,-0.09093666076660156,0.09093666076660156
2024-04-01,MIDDLE_EAST,UAE,CARDIGAN,Summer,21,22.332724,-1.332723617553711,1.332723617553711
2024-05-01,MIDDLE_EAST,UAE,CARDIGAN,Summer,27,28.98081,-1.9808101654052734,1.9808101654052734
2024-06-01,MIDDLE_EAST,UAE,CARDIGAN,Summer,31,30.364056,0.6359443664550781,0.6359443664550781
2024-07-01,MIDDLE_EAST,UAE,CARDIGAN,Autumn,52,44.118412,7.881587982177734,7.881587982177734
2024-08-01,MIDDLE_EAST,UAE,CARDIGAN,Autumn,79,73.660675,5.339324951171875,5.339324951171875
2024-09-01,MIDDLE_EAST,UAE,CARDIGAN,Autumn,121,106.72335,14.276649475097656,14.276649475097656
2024-10-01,MIDDLE_EAST,UAE,CARDIGAN,Winter,169,142.13858,26.861419677734375,26.861419677734375
2024-11-01,MIDDLE_EAST,UAE,CARDIGAN,Winter,204,181.37164,22.62835693359375,22.62835693359375
2024-12-01,MIDDLE_EAST,UAE,CARDIGAN,Winter,167,182.91904,-15.919036865234375,15.919036865234375
2024-01-01,MIDDLE_EAST,UAE,JACKET,Spring,2172,2315.107,-143.10693359375,143.10693359375
2024-02-01,MIDDLE_EAST,UAE,JACKET,Spring,1896,2290.0203,-394.020263671875,394.020263671875
2024-03-01,MIDDLE_EAST,UAE,JACKET,Spring,1657,1881.3218,-224.32177734375,224.32177734375
2024-04-01,MIDDLE_EAST,UAE,JACKET,Summer,797,1090.1818,-293.1817626953125,293.1817626953125
2024-05-01,MIDDLE_EAST,UAE,JACKET,Summer,471,702.24615,-231.24615478515625,231.24615478515625
2024-06-01,MIDDLE_EAST,UAE,JACKET,Summer,395,490.30817,-95.30816650390625,95.30816650390625
2024-07-01,MIDDLE_EAST,UAE,JACKET,Autumn,1128,1382.7079,-254.7078857421875,254.7078857421875
2024-08-01,MIDDLE_EAST,UAE,JACKET,Autumn,1632,2148.7764,-516.7763671875,516.7763671875
2024-09-01,MIDDLE_EAST,UAE,JACKET,Autumn,2319,2633.9043,-314.904296875,314.904296875
2024-10-01,MIDDLE_EAST,UAE,JACKET,Winter,2552,2914.5347,-362.53466796875,362.53466796875
2024-11-01,MIDDLE_EAST,UAE,JACKET,Winter,2955,2873.8428,81.1572265625,81.1572265625
2024-12-01,MIDDLE_EAST,UAE,JACKET,Winter,2392,2908.2437,-516.24365234375,516.24365234375
2024-01-01,MIDDLE_EAST,UAE,JEANS,Spring,123,113.45906,9.540939331054688,9.540939331054688
2024-02-01,MIDDLE_EAST,UAE,JEANS,Spring,117,106.92742,10.072578430175781,10.072578430175781
2024-03-01,MIDDLE_EAST,UAE,JEANS,Spring,126,98.12008,27.879920959472656,27.879920959472656
2024-04-01,MIDDLE_EAST,UAE,JEANS,Summer,66,61.444954,4.555046081542969,4.555046081542969
2024-05-01,MIDDLE_EAST,UAE,JEANS,Summer,66,53.333412,12.666587829589844,12.666587829589844
2024-06-01,MIDDLE_EAST,UAE,JEANS,Summer,59,53.68658,5.313419342041016,5.313419342041016
2024-07-01,MIDDLE_EAST,UAE,JEANS,Autumn,155,119.773186,35.22681427001953,35.22681427001953
2024-08-01,MIDDLE_EAST,UAE,JEANS,Autumn,190,170.01337,19.98663330078125,19.98663330078125
2024-09-01,MIDDLE_EAST,UAE,JEANS,Autumn,265,227.98668,37.01332092285156,37.01332092285156
2024-10-01,MIDDLE_EAST,UAE,JEANS,Winter,299,240.49744,58.5025634765625,58.5025634765625
2024-11-01,MIDDLE_EAST,UAE,JEANS,Winter,335,268.79294,66.20706176757812,66.20706176757812
2024-12-01,MIDDLE_EAST,UAE,JEANS,Winter,253,249.04462,3.95538330078125,3.95538330078125
2024-01-01,MIDDLE_EAST,UAE,SANDALS,Spring,9,10.608666,-1.6086664199829102,1.6086664199829102
2024-02-01,MIDDLE_EAST,UAE,SANDALS,Spring,11,15.3359375,-4.3359375,4.3359375
2024-03-01,MIDDLE_EAST,UAE,SANDALS,Spring,27,28.236507,-1.2365074157714844,1.2365074157714844
2024-04-01,MIDDLE_EAST,UAE,SANDALS,Summer,367,516.5496,-149.54962158203125,149.54962158203125
2024-05-01,MIDDLE_EAST,UAE,SANDALS,Summer,543,644.6003,-101.60028076171875,101.60028076171875
2024-06-01,MIDDLE_EAST,UAE,SANDALS,Summer,673,692.8527,-19.85272216796875,19.85272216796875
2024-07-01,MIDDLE_EAST,UAE,SANDALS,Autumn,103,133.67673,-30.676727294921875,30.676727294921875
2024-08-01,MIDDLE_EAST,UAE,SANDALS,Autumn,50,74.629265,-24.62926483154297,24.62926483154297
2024-09-01,MIDDLE_EAST,UAE,SANDALS,Autumn,21,30.44402,-9.444019317626953,9.444019317626953
2024-10-01,MIDDLE_EAST,UAE,SANDALS,Winter,7,7.360195,-0.3601951599121094,0.3601951599121094
2024-11-01,MIDDLE_EAST,UAE,SANDALS,Winter,9,5.4371963,3.5628037452697754,3.5628037452697754
2024-12-01,MIDDLE_EAST,UAE,SANDALS,Winter,6,6.942872,-0.9428720474243164,0.9428720474243164
2024-01-01,MIDDLE_EAST,UAE,SHIRT,Spring,1031,1048.9899,-17.9898681640625,17.9898681640625
2024-02-01,MIDDLE_EAST,UAE,SHIRT,Spring,1078,1110.0381,-32.0380859375,32.0380859375
2024-03-01,MIDDLE_EAST,UAE,SHIRT,Spring,1144,1057.2391,86.7608642578125,86.7608642578125
2024-04-01,MIDDLE_EAST,UAE,SHIRT,Summer,1094,1210.4181,-116.4180908203125,116.4180908203125
2024-05-01,MIDDLE_EAST,UAE,SHIRT,Summer,1168,1245.907,-77.906982421875,77.906982421875
2024-06-01,MIDDLE_EAST,UAE,SHIRT,Summer,1270,1309.41,-39.4100341796875,39.4100341796875
2024-07-01,MIDDLE_EAST,UAE,SHIRT,Autumn,950,1197.2812,-247.28125,247.28125
2024-08-01,MIDDLE_EAST,UAE,SHIRT,Autumn,1033,1082.5093,-49.50927734375,49.50927734375
2024-09-01,MIDDLE_EAST,UAE,SHIRT,Autumn,1098,1159.7607,-61.7607421875,61.7607421875
2024-10-01,MIDDLE_EAST,UAE,SHIRT,Winter,865,1051.139,-186.1390380859375,186.1390380859375
2024-11-01,MIDDLE_EAST,UAE,SHIRT,Winter,826,919.4424,-93.4423828125,93.4423828125
2024-12-01,MIDDLE_EAST,UAE,SHIRT,Winter,793,901.36786,-108.36785888671875,108.36785888671875
2024-01-01,MIDDLE_EAST,UAE,SNEAKERS,Spring,625,566.30176,58.6982421875,58.6982421875
2024-02-01,MIDDLE_EAST,UAE,SNEAKERS,Spring,614,574.93524,39.06475830078125,39.06475830078125
2024-03-01,MIDDLE_EAST,UAE,SNEAKERS,Spring,622,621.19214,0.807861328125,0.807861328125
2024-04-01,MIDDLE_EAST,UAE,SNEAKERS,Summer,555,513.01324,41.98675537109375,41.98675537109375
2024-05-01,MIDDLE_EAST,UAE,SNEAKERS,Summer,598,568.8492,29.15081787109375,29.15081787109375
2024-06-01,MIDDLE_EAST,UAE,SNEAKERS,Summer,487,501.0092,-14.009185791015625,14.009185791015625
2024-07-01,MIDDLE_EAST,UAE,SNEAKERS,Autumn,645,604.10394,40.89605712890625,40.89605712890625
2024-08-01,MIDDLE_EAST,UAE,SNEAKERS,Autumn,730,639.02136,90.9786376953125,90.9786376953125
2024-09-01,MIDDLE_EAST,UAE,SNEAKERS,Autumn,832,790.3727,41.6273193359375,41.6273193359375
2024-10-01,MIDDLE_EAST,UAE,SNEAKERS,Winter,624,659.1115,-35.11151123046875,35.11151123046875
2024-11-01,MIDDLE_EAST,UAE,SNEAKERS,Winter,613,619.4457,-6.4456787109375,6.4456787109375
2024-12-01,MIDDLE_EAST,UAE,SNEAKERS,Winter,620,585.75037,34.2496337890625,34.2496337890625
2024-01-01,MIDDLE_EAST,UAE,SWEATER,Spring,175,231.86569,-56.865692138671875,56.865692138671875
2024-02-01,MIDDLE_EAST,UAE,SWEATER,Spring,112,152.75697,-40.75697326660156,40.75697326660156
2024-03-01,MIDDLE_EAST,UAE,SWEATER,Spring,110,108.51851,1.4814910888671875,1.4814910888671875
2024-04-01,MIDDLE_EAST,UAE,SWEATER,Summer,156,125.180115,30.81988525390625,30.81988525390625
2024-05-01,MIDDLE_EAST,UAE,SWEATER,Summer,196,186.67221,9.327789306640625,9.327789306640625
2024-06-01,MIDDLE_EAST,UAE,SWEATER,Summer,245,215.00073,29.999267578125,29.999267578125
2024-07-01,MIDDLE_EAST,UAE,SWEATER,Autumn,722,738.2799,-16.2799072265625,16.2799072265625
2024-08-01,MIDDLE_EAST,UAE,SWEATER,Autumn,978,1064.4513,-86.4512939453125,86.4512939453125
2024-09-01,MIDDLE_EAST,UAE,SWEATER,Autumn,1084,1436.0183,-352.018310546875,352.018310546875
2024-10-01,MIDDLE_EAST,UAE,SWEATER,Winter,1456,1388.7827,67.21728515625,67.21728515625
2024-11-01,MIDDLE_EAST,UAE,SWEATER,Winter,1667,1517.111,149.8890380859375,149.8890380859375
2024-12-01,MIDDLE_EAST,UAE,SWEATER,Winter,1341,1533.476,-192.4759521484375,192.4759521484375
2024-01-01,MIDDLE_EAST,UAE,TOP,Spring,164,156.54205,7.45794677734375,7.45794677734375
2024-02-01,MIDDLE_EAST,UAE,TOP,Spring,157,155.03328,1.9667205810546875,1.9667205810546875
2024-03-01,MIDDLE_EAST,UAE,TOP,Spring,145,158.57874,-13.5787353515625,13.5787353515625
2024-04-01,MIDDLE_EAST,UAE,TOP,Summer,172,145.10826,26.891738891601562,26.891738891601562
2024-05-01,MIDDLE_EAST,UAE,TOP,Summer,172,162.88297,9.117034912109375,9.117034912109375
2024-06-01,MIDDLE_EAST,UAE,TOP,Summer,149,157.07767,-8.077667236328125,8.077667236328125
2024-07-01,MIDDLE_EAST,UAE,TOP,Autumn,201,192.3844,8.6156005859375,8.6156005859375
2024-08-01,MIDDLE_EAST,UAE,TOP,Autumn,260,253.58777,6.4122314453125,6.4122314453125
2024-09-01,MIDDLE_EAST,UAE,TOP,Autumn,359,343.4372,15.56280517578125,15.56280517578125
2024-10-01,MIDDLE_EAST,UAE,TOP,Winter,252,350.57614,-98.57614135742188,98.57614135742188
2024-11-01,MIDDLE_EAST,UAE,TOP,Winter,289,264.67456,24.325439453125,24.325439453125
2024-12-01,MIDDLE_EAST,UAE,TOP,Winter,363,272.76743,90.23257446289062,90.23257446289062
2024-01-01,MIDDLE_EAST,UAE,VEST,Spring,30,31.228619,-1.2286186218261719,1.2286186218261719
2024-02-01,MIDDLE_EAST,UAE,VEST,Spring,26,27.24751,-1.2475109100341797,1.2475109100341797
2024-03-01,MIDDLE_EAST,UAE,VEST,Spring,26,24.523058,1.4769420623779297,1.4769420623779297
2024-04-01,MIDDLE_EAST,UAE,VEST,Summer,15,16.971888,-1.9718875885009766,1.9718875885009766
2024-05-01,MIDDLE_EAST,UAE,VEST,Summer,15,15.31921,-0.3192100524902344,0.3192100524902344
2024-06-01,MIDDLE_EAST,UAE,VEST,Summer,14,13.318801,0.6811990737915039,0.6811990737915039
2024-07-01,MIDDLE_EAST,UAE,VEST,Autumn,30,20.663086,9.3369140625,9.3369140625
2024-08-01,MIDDLE_EAST,UAE,VEST,Autumn,42,27.432837,14.567163467407227,14.567163467407227
2024-09-01,MIDDLE_EAST,UAE,VEST,Autumn,66,41.868465,24.131534576416016,24.131534576416016
2024-10-01,MIDDLE_EAST,UAE,VEST,Winter,81,52.796825,28.203174591064453,28.203174591064453
2024-11-01,MIDDLE_EAST,UAE,VEST,Winter,85,67.70616,17.293838500976562,17.293838500976562
2024-12-01,MIDDLE_EAST,UAE,VEST,Winter,77,66.14851,10.851486206054688,10.851486206054688
2024-01-01,NORTH_AMERICA,UNITED_STATES,BOOTS,Spring,424,541.95746,-117.95745849609375,117.95745849609375
2024-02-01,NORTH_AMERICA,UNITED_STATES,BOOTS,Spring,471,425.73932,45.26068115234375,45.26068115234375
2024-03-01,NORTH_AMERICA,UNITED_STATES,BOOTS,Spring,524,444.4495,79.55050659179688,79.55050659179688
2024-04-01,NORTH_AMERICA,UNITED_STATES,BOOTS,Summer,280,335.2564,-55.25640869140625,55.25640869140625
2024-05-01,NORTH_AMERICA,UNITED_STATES,BOOTS,Summer,261,246.90422,14.095779418945312,14.095779418945312
2024-06-01,NORTH_AMERICA,UNITED_STATES,BOOTS,Summer,250,229.91595,20.08404541015625,20.08404541015625
2024-07-01,NORTH_AMERICA,UNITED_STATES,BOOTS,Autumn,471,432.20328,38.796722412109375,38.796722412109375
2024-08-01,NORTH_AMERICA,UNITED_STATES,BOOTS,Autumn,643,642.7718,0.22821044921875,0.22821044921875
2024-09-01,NORTH_AMERICA,UNITED_STATES,BOOTS,Autumn,869,871.24554,-2.24554443359375,2.24554443359375
2024-10-01,NORTH_AMERICA,UNITED_STATES,BOOTS,Winter,1245,937.7424,307.25762939453125,307.25762939453125
2024-11-01,NORTH_AMERICA,UNITED_STATES,BOOTS,Winter,1071,1128.1119,-57.1119384765625,57.1119384765625
2024-12-01,NORTH_AMERICA,UNITED_STATES,BOOTS,Winter,1034,984.94586,49.05413818359375,49.05413818359375
2024-01-01,NORTH_AMERICA,UNITED_STATES,CARDIGAN,Spring,125,167.96532,-42.96531677246094,42.96531677246094
2024-02-01,NORTH_AMERICA,UNITED_STATES,CARDIGAN,Spring,89,113.742455,-24.742454528808594,24.742454528808594
2024-03-01,NORTH_AMERICA,UNITED_STATES,CARDIGAN,Spring,70,83.6465,-13.646499633789062,13.646499633789062
2024-04-01,NORTH_AMERICA,UNITED_STATES,CARDIGAN,Summer,81,70.292755,10.707244873046875,10.707244873046875
2024-05-01,NORTH_AMERICA,UNITED_STATES,CARDIGAN,Summer,120,95.57502,24.42498016357422,24.42498016357422
2024-06-01,NORTH_AMERICA,UNITED_STATES,CARDIGAN,Summer,126,112.59796,13.40203857421875,13.40203857421875
2024-07-01,NORTH_AMERICA,UNITED_STATES,CARDIGAN,Autumn,194,163.42941,30.570587158203125,30.570587158203125
2024-08-01,NORTH_AMERICA,UNITED_STATES,CARDIGAN,Autumn,335,246.98604,88.01396179199219,88.01396179199219
2024-09-01,NORTH_AMERICA,UNITED_STATES,CARDIGAN,Autumn,455,412.67502,42.324981689453125,42.324981689453125
2024-10-01,NORTH_AMERICA,UNITED_STATES,CARDIGAN,Winter,692,525.47754,166.5224609375,166.5224609375
2024-11-01,NORTH_AMERICA,UNITED_STATES,CARDIGAN,Winter,773,699.43567,73.5643310546875,73.5643310546875
2024-12-01,NORTH_AMERICA,UNITED_STATES,CARDIGAN,Winter,701,640.5094,60.4906005859375,60.4906005859375
2024-01-01,NORTH_AMERICA,UNITED_STATES,JACKET,Spring,8202,7875.258,326.7421875,326.7421875
2024-02-01,NORTH_AMERICA,UNITED_STATES,JACKET,Spring,6877,7332.2227,-455.22265625,455.22265625
2024-03-01,NORTH_AMERICA,UNITED_STATES,JACKET,Spring,6536,6864.3667,-328.36669921875,328.36669921875
2024-04-01,NORTH_AMERICA,UNITED_STATES,JACKET,Summer,2878,4107.8364,-1229.83642578125,1229.83642578125
2024-05-01,NORTH_AMERICA,UNITED_STATES,JACKET,Summer,1799,2485.3713,-686.371337890625,686.371337890625
2024-06-01,NORTH_AMERICA,UNITED_STATES,JACKET,Summer,1537,1923.0519,-386.0518798828125,386.0518798828125
2024-07-01,NORTH_AMERICA,UNITED_STATES,JACKET,Autumn,3835,4870.4507,-1035.45068359375,1035.45068359375
2024-08-01,NORTH_AMERICA,UNITED_STATES,JACKET,Autumn,6070,6857.561,-787.56103515625,787.56103515625
2024-09-01,NORTH_AMERICA,UNITED_STATES,JACKET,Autumn,9326,8450.482,875.517578125,875.517578125
2024-10-01,NORTH_AMERICA,UNITED_STATES,JACKET,Winter,10301,10251.522,49.4775390625,49.4775390625
2024-11-01,NORTH_AMERICA,UNITED_STATES,JACKET,Winter,10820,10195.825,624.1748046875,624.1748046875
2024-12-01,NORTH_AMERICA,UNITED_STATES,JACKET,Winter,9421,9075.374,345.6259765625,345.6259765625
2024-01-01,NORTH_AMERICA,UNITED_STATES,JEANS,Spring,385,457.85623,-72.85623168945312,72.85623168945312
2024-02-01,NORTH_AMERICA,UNITED_STATES,JEANS,Spring,396,380.47272,15.52728271484375,15.52728271484375
2024-03-01,NORTH_AMERICA,UNITED_STATES,JEANS,Spring,459,364.00687,94.99313354492188,94.99313354492188
2024-04-01,NORTH_AMERICA,UNITED_STATES,JEANS,Summer,237,201.67043,35.32957458496094,35.32957458496094
2024-05-01,NORTH_AMERICA,UNITED_STATES,JEANS,Summer,250,208.35548,41.64451599121094,41.64451599121094
2024-06-01,NORTH_AMERICA,UNITED_STATES,JEANS,Summer,241,193.84277,47.1572265625,47.1572265625
2024-07-01,NORTH_AMERICA,UNITED_STATES,JEANS,Autumn,598,504.05197,93.94802856445312,93.94802856445312
2024-08-01,NORTH_AMERICA,UNITED_STATES,JEANS,Autumn,748,745.80615,2.19384765625,2.19384765625
2024-09-01,NORTH_AMERICA,UNITED_STATES,JEANS,Autumn,1030,924.2128,105.78717041015625,105.78717041015625
2024-10-01,NORTH_AMERICA,UNITED_STATES,JEANS,Winter,1008,965.1413,42.85870361328125,42.85870361328125
2024-11-01,NORTH_AMERICA,UNITED_STATES,JEANS,Winter,1116,967.85443,148.14556884765625,148.14556884765625
2024-12-01,NORTH_AMERICA,UNITED_STATES,JEANS,Winter,918,837.9191,80.08087158203125,80.08087158203125
2024-01-01,NORTH_AMERICA,UNITED_STATES,SANDALS,Spring,38,38.35733,-0.357330322265625,0.357330322265625
2024-02-01,NORTH_AMERICA,UNITED_STATES,SANDALS,Spring,45,48.155293,-3.155292510986328,3.155292510986328
2024-03-01,NORTH_AMERICA,UNITED_STATES,SANDALS,Spring,108,109.2107,-1.2107009887695312,1.2107009887695312
2024-04-01,NORTH_AMERICA,UNITED_STATES,SANDALS,Summer,1746,1437.3243,308.6756591796875,308.6756591796875
2024-05-01,NORTH_AMERICA,UNITED_STATES,SANDALS,Summer,2458,2478.7588,-20.7587890625,20.7587890625
2024-06-01,NORTH_AMERICA,UNITED_STATES,SANDALS,Summer,2805,2802.3208,2.67919921875,2.67919921875
2024-07-01,NORTH_AMERICA,UNITED_STATES,SANDALS,Autumn,438,559.3667,-121.36669921875,121.36669921875
2024-08-01,NORTH_AMERICA,UNITED_STATES,SANDALS,Autumn,209,350.3462,-141.34619140625,141.34619140625
2024-09-01,NORTH_AMERICA,UNITED_STATES,SANDALS,Autumn,86,121.90754,-35.90753936767578,35.90753936767578
2024-10-01,NORTH_AMERICA,UNITED_STATES,SANDALS,Winter,27,28.399584,-1.3995838165283203,1.3995838165283203
2024-11-01,NORTH_AMERICA,UNITED_STATES,SANDALS,Winter,27,22.667551,4.332448959350586,4.332448959350586
2024-12-01,NORTH_AMERICA,UNITED_STATES,SANDALS,Winter,21,21.80841,-0.80841064453125,0.80841064453125
2024-01-01,NORTH_AMERICA,UNITED_STATES,SHIRT,Spring,3709,3617.8015,91.198486328125,91.198486328125
2024-02-01,NORTH_AMERICA,UNITED_STATES,SHIRT,Spring,4097,3869.6216,227.37841796875,227.37841796875
2024-03-01,NORTH_AMERICA,UNITED_STATES,SHIRT,Spring,4297,3856.9294,440.070556640625,440.070556640625
2024-04-01,NORTH_AMERICA,UNITED_STATES,SHIRT,Summer,4406,4368.127,37.873046875,37.873046875
2024-05-01,NORTH_AMERICA,UNITED_STATES,SHIRT,Summer,5152,4798.934,353.06591796875,353.06591796875
2024-06-01,NORTH_AMERICA,UNITED_STATES,SHIRT,Summer,5655,4887.9175,767.08251953125,767.08251953125
2024-07-01,NORTH_AMERICA,UNITED_STATES,SHIRT,Autumn,3833,3871.3237,-38.32373046875,38.32373046875
2024-08-01,NORTH_AMERICA,UNITED_STATES,SHIRT,Autumn,3795,4296.6953,-501.6953125,501.6953125
2024-09-01,NORTH_AMERICA,UNITED_STATES,SHIRT,Autumn,4079,4452.2993,-373.29931640625,373.29931640625
2024-10-01,NORTH_AMERICA,UNITED_STATES,SHIRT,Winter,2863,3356.3938,-493.393798828125,493.393798828125
2024-11-01,NORTH_AMERICA,UNITED_STATES,SHIRT,Winter,3297,3168.7925,128.20751953125,128.20751953125
2024-12-01,NORTH_AMERICA,UNITED_STATES,SHIRT,Winter,3273,3599.1172,-326.1171875,326.1171875
2024-01-01,NORTH_AMERICA,UNITED_STATES,SNEAKERS,Spring,2271,2441.676,-170.676025390625,170.676025390625
2024-02-01,NORTH_AMERICA,UNITED_STATES,SNEAKERS,Spring,2181,2283.2854,-102.285400390625,102.285400390625
2024-03-01,NORTH_AMERICA,UNITED_STATES,SNEAKERS,Spring,2255,2177.98,77.02001953125,77.02001953125
2024-04-01,NORTH_AMERICA,UNITED_STATES,SNEAKERS,Summer,1905,2058.0286,-153.028564453125,153.028564453125
2024-05-01,NORTH_AMERICA,UNITED_STATES,SNEAKERS,Summer,1939,1943.3599,-4.35986328125,4.35986328125
2024-06-01,NORTH_AMERICA,UNITED_STATES,SNEAKERS,Summer,1700,1851.0896,-151.089599609375,151.089599609375
2024-07-01,NORTH_AMERICA,UNITED_STATES,SNEAKERS,Autumn,2093,2322.1948,-229.19482421875,229.19482421875
2024-08-01,NORTH_AMERICA,UNITED_STATES,SNEAKERS,Autumn,2750,2528.841,221.158935546875,221.158935546875
2024-09-01,NORTH_AMERICA,UNITED_STATES,SNEAKERS,Autumn,3803,3206.7258,596.274169921875,596.274169921875
2024-10-01,NORTH_AMERICA,UNITED_STATES,SNEAKERS,Winter,2740,3316.4153,-576.415283203125,576.415283203125
2024-11-01,NORTH_AMERICA,UNITED_STATES,SNEAKERS,Winter,2508,2720.706,-212.7060546875,212.7060546875
2024-12-01,NORTH_AMERICA,UNITED_STATES,SNEAKERS,Winter,2555,2674.921,-119.9208984375,119.9208984375
2024-01-01,NORTH_AMERICA,UNITED_STATES,SWEATER,Spring,663,808.8479,-145.847900390625,145.847900390625
2024-02-01,NORTH_AMERICA,UNITED_STATES,SWEATER,Spring,392,608.21857,-216.21856689453125,216.21856689453125
2024-03-01,NORTH_AMERICA,UNITED_STATES,SWEATER,Spring,410,443.2004,-33.200408935546875,33.200408935546875
2024-04-01,NORTH_AMERICA,UNITED_STATES,SWEATER,Summer,528,521.51746,6.4825439453125,6.4825439453125
2024-05-01,NORTH_AMERICA,UNITED_STATES,SWEATER,Summer,683,762.2322,-79.232177734375,79.232177734375
2024-06-01,NORTH_AMERICA,UNITED_STATES,SWEATER,Summer,802,842.11505,-40.11505126953125,40.11505126953125
2024-07-01,NORTH_AMERICA,UNITED_STATES,SWEATER,Autumn,2267,2507.604,-240.60400390625,240.60400390625
2024-08-01,NORTH_AMERICA,UNITED_STATES,SWEATER,Autumn,3025,3325.9612,-300.961181640625,300.961181640625
2024-09-01,NORTH_AMERICA,UNITED_STATES,SWEATER,Autumn,3705,4165.729,-460.72900390625,460.72900390625
2024-10-01,NORTH_AMERICA,UNITED_STATES,SWEATER,Winter,5425,4501.516,923.48388671875,923.48388671875
2024-11-01,NORTH_AMERICA,UNITED_STATES,SWEATER,Winter,6239,5571.1484,667.8515625,667.8515625
2024-12-01,NORTH_AMERICA,UNITED_STATES,SWEATER,Winter,5110,6039.4224,-929.42236328125,929.42236328125
2024-01-01,NORTH_AMERICA,UNITED_STATES,TOP,Spring,576,586.8232,-10.82318115234375,10.82318115234375
2024-02-01,NORTH_AMERICA,UNITED_STATES,TOP,Spring,579,543.81696,35.18304443359375,35.18304443359375
2024-03-01,NORTH_AMERICA,UNITED_STATES,TOP,Spring,540,552.2768,-12.27679443359375,12.27679443359375
2024-04-01,NORTH_AMERICA,UNITED_STATES,TOP,Summer,605,511.71948,93.280517578125,93.280517578125
2024-05-01,NORTH_AMERICA,UNITED_STATES,TOP,Summer,551,585.2053,-34.205322265625,34.205322265625
2024-06-01,NORTH_AMERICA,UNITED_STATES,TOP,Summer,493,530.66364,-37.66363525390625,37.66363525390625
2024-07-01,NORTH_AMERICA,UNITED_STATES,TOP,Autumn,732,746.6406,-14.640625,14.640625
2024-08-01,NORTH_AMERICA,UNITED_STATES,TOP,Autumn,984,992.39777,-8.39776611328125,8.39776611328125
2024-09-01,NORTH_AMERICA,UNITED_STATES,TOP,Autumn,1276,1232.8718,43.128173828125,43.128173828125
2024-10-01,NORTH_AMERICA,UNITED_STATES,TOP,Winter,1042,1254.4312,-212.43115234375,212.43115234375
2024-11-01,NORTH_AMERICA,UNITED_STATES,TOP,Winter,1216,1081.687,134.31298828125,134.31298828125
2024-12-01,NORTH_AMERICA,UNITED_STATES,TOP,Winter,1272,1124.1316,147.868408203125,147.868408203125
2024-01-01,NORTH_AMERICA,UNITED_STATES,VEST,Spring,104,123.978676,-19.978675842285156,19.978675842285156
2024-02-01,NORTH_AMERICA,UNITED_STATES,VEST,Spring,109,107.84545,1.1545486450195312,1.1545486450195312
2024-03-01,NORTH_AMERICA,UNITED_STATES,VEST,Spring,99,110.65951,-11.659507751464844,11.659507751464844
2024-04-01,NORTH_AMERICA,UNITED_STATES,VEST,Summer,63,83.96179,-20.9617919921875,20.9617919921875
2024-05-01,NORTH_AMERICA,UNITED_STATES,VEST,Summer,61,55.202095,5.797904968261719,5.797904968261719
2024-06-01,NORTH_AMERICA,UNITED_STATES,VEST,Summer,57,50.901714,6.098285675048828,6.098285675048828
2024-07-01,NORTH_AMERICA,UNITED_STATES,VEST,Autumn,120,91.6304,28.369598388671875,28.369598388671875
2024-08-01,NORTH_AMERICA,UNITED_STATES,VEST,Autumn,157,125.03327,31.96672821044922,31.96672821044922
2024-09-01,NORTH_AMERICA,UNITED_STATES,VEST,Autumn,203,173.4471,29.552902221679688,29.552902221679688
2024-10-01,NORTH_AMERICA,UNITED_STATES,VEST,Winter,266,198.87112,67.12887573242188,67.12887573242188
2024-11-01,NORTH_AMERICA,UNITED_STATES,VEST,Winter,288,232.1787,55.82130432128906,55.82130432128906
2024-12-01,NORTH_AMERICA,UNITED_STATES,VEST,Winter,281,224.08072,56.919281005859375,56.919281005859375
2024-01-01,SOUTHEAST_ASIA,VIETNAM,BOOTS,Spring,111,115.59713,-4.597129821777344,4.597129821777344
2024-02-01,SOUTHEAST_ASIA,VIETNAM,BOOTS,Spring,119,107.57688,11.423118591308594,11.423118591308594
2024-03-01,SOUTHEAST_ASIA,VIETNAM,BOOTS,Spring,120,112.42946,7.5705413818359375,7.5705413818359375
2024-04-01,SOUTHEAST_ASIA,VIETNAM,BOOTS,Summer,62,79.88904,-17.8890380859375,17.8890380859375
2024-05-01,SOUTHEAST_ASIA,VIETNAM,BOOTS,Summer,57,55.49704,1.502960205078125,1.502960205078125
2024-06-01,SOUTHEAST_ASIA,VIETNAM,BOOTS,Summer,51,48.52373,2.476268768310547,2.476268768310547
2024-07-01,SOUTHEAST_ASIA,VIETNAM,BOOTS,Autumn,99,91.93257,7.0674285888671875,7.0674285888671875
2024-08-01,SOUTHEAST_ASIA,VIETNAM,BOOTS,Autumn,160,128.4161,31.583892822265625,31.583892822265625
2024-09-01,SOUTHEAST_ASIA,VIETNAM,BOOTS,Autumn,198,182.42079,15.579208374023438,15.579208374023438
2024-10-01,SOUTHEAST_ASIA,VIETNAM,BOOTS,Winter,298,197.65274,100.34725952148438,100.34725952148438
2024-11-01,SOUTHEAST_ASIA,VIETNAM,BOOTS,Winter,237,267.2766,-30.276611328125,30.276611328125
2024-12-01,SOUTHEAST_ASIA,VIETNAM,BOOTS,Winter,229,208.88736,20.112640380859375,20.112640380859375
2024-01-01,SOUTHEAST_ASIA,VIETNAM,CARDIGAN,Spring,31,38.047726,-7.047725677490234,7.047725677490234
2024-02-01,SOUTHEAST_ASIA,VIETNAM,CARDIGAN,Spring,21,27.604534,-6.604534149169922,6.604534149169922
2024-03-01,SOUTHEAST_ASIA,VIETNAM,CARDIGAN,Spring,17,18.237303,-1.2373027801513672,1.2373027801513672
2024-04-01,SOUTHEAST_ASIA,VIETNAM,CARDIGAN,Summer,17,19.76313,-2.7631301879882812,2.7631301879882812
2024-05-01,SOUTHEAST_ASIA,VIETNAM,CARDIGAN,Summer,23,23.417023,-0.417022705078125,0.417022705078125
2024-06-01,SOUTHEAST_ASIA,VIETNAM,CARDIGAN,Summer,27,25.752502,1.24749755859375,1.24749755859375
2024-07-01,SOUTHEAST_ASIA,VIETNAM,CARDIGAN,Autumn,43,35.8986,7.101398468017578,7.101398468017578
2024-08-01,SOUTHEAST_ASIA,VIETNAM,CARDIGAN,Autumn,68,63.693184,4.306816101074219,4.306816101074219
2024-09-01,SOUTHEAST_ASIA,VIETNAM,CARDIGAN,Autumn,95,93.156975,1.8430252075195312,1.8430252075195312
2024-10-01,SOUTHEAST_ASIA,VIETNAM,CARDIGAN,Winter,144,121.32082,22.679176330566406,22.679176330566406
2024-11-01,SOUTHEAST_ASIA,VIETNAM,CARDIGAN,Winter,162,153.44717,8.552825927734375,8.552825927734375
2024-12-01,SOUTHEAST_ASIA,VIETNAM,CARDIGAN,Winter,131,144.32532,-13.3253173828125,13.3253173828125
2024-01-01,SOUTHEAST_ASIA,VIETNAM,JACKET,Spring,1698,1881.9349,-183.9349365234375,183.9349365234375
2024-02-01,SOUTHEAST_ASIA,VIETNAM,JACKET,Spring,1448,1667.1696,-219.1695556640625,219.1695556640625
2024-03-01,SOUTHEAST_ASIA,VIETNAM,JACKET,Spring,1310,1400.8984,-90.8984375,90.8984375
2024-04-01,SOUTHEAST_ASIA,VIETNAM,JACKET,Summer,590,832.86365,-242.8636474609375,242.8636474609375
2024-05-01,SOUTHEAST_ASIA,VIETNAM,JACKET,Summer,389,577.4403,-188.4403076171875,188.4403076171875
2024-06-01,SOUTHEAST_ASIA,VIETNAM,JACKET,Summer,316,392.8046,-76.80459594726562,76.80459594726562
2024-07-01,SOUTHEAST_ASIA,VIETNAM,JACKET,Autumn,965,956.6167,8.38330078125,8.38330078125
2024-08-01,SOUTHEAST_ASIA,VIETNAM,JACKET,Autumn,1270,1571.1876,-301.1876220703125,301.1876220703125
2024-09-01,SOUTHEAST_ASIA,VIETNAM,JACKET,Autumn,1929,2380.2666,-451.2666015625,451.2666015625
2024-10-01,SOUTHEAST_ASIA,VIETNAM,JACKET,Winter,2087,2352.6787,-265.6787109375,265.6787109375
2024-11-01,SOUTHEAST_ASIA,VIETNAM,JACKET,Winter,2469,2335.5508,133.44921875,133.44921875
2024-12-01,SOUTHEAST_ASIA,VIETNAM,JACKET,Winter,1962,2334.6619,-372.661865234375,372.661865234375
2024-01-01,SOUTHEAST_ASIA,VIETNAM,JEANS,Spring,69,87.41236,-18.41236114501953,18.41236114501953
2024-02-01,SOUTHEAST_ASIA,VIETNAM,JEANS,Spring,65,64.576256,0.42374420166015625,0.42374420166015625
2024-03-01,SOUTHEAST_ASIA,VIETNAM,JEANS,Spring,78,60.15674,17.84326171875,17.84326171875
2024-04-01,SOUTHEAST_ASIA,VIETNAM,JEANS,Summer,49,44.55313,4.446868896484375,4.446868896484375
2024-05-01,SOUTHEAST_ASIA,VIETNAM,JEANS,Summer,50,41.925343,8.074657440185547,8.074657440185547
2024-06-01,SOUTHEAST_ASIA,VIETNAM,JEANS,Summer,45,40.096317,4.903682708740234,4.903682708740234
2024-07-01,SOUTHEAST_ASIA,VIETNAM,JEANS,Autumn,107,83.58206,23.417938232421875,23.417938232421875
2024-08-01,SOUTHEAST_ASIA,VIETNAM,JEANS,Autumn,161,129.31488,31.68511962890625,31.68511962890625
2024-09-01,SOUTHEAST_ASIA,VIETNAM,JEANS,Autumn,232,180.01334,51.986663818359375,51.986663818359375
2024-10-01,SOUTHEAST_ASIA,VIETNAM,JEANS,Winter,223,199.30943,23.690567016601562,23.690567016601562
2024-11-01,SOUTHEAST_ASIA,VIETNAM,JEANS,Winter,258,196.47559,61.5244140625,61.5244140625
2024-12-01,SOUTHEAST_ASIA,VIETNAM,JEANS,Winter,189,171.45955,17.540451049804688,17.540451049804688
2024-01-01,SOUTHEAST_ASIA,VIETNAM,SANDALS,Spring,8,9.00182,-1.0018196105957031,1.0018196105957031
2024-02-01,SOUTHEAST_ASIA,VIETNAM,SANDALS,Spring,9,9.593382,-0.5933818817138672,0.5933818817138672
2024-03-01,SOUTHEAST_ASIA,VIETNAM,SANDALS,Spring,23,21.136948,1.8630523681640625,1.8630523681640625
2024-04-01,SOUTHEAST_ASIA,VIETNAM,SANDALS,Summer,309,412.63733,-103.6373291015625,103.6373291015625
2024-05-01,SOUTHEAST_ASIA,VIETNAM,SANDALS,Summer,454,596.3526,-142.35260009765625,142.35260009765625
2024-06-01,SOUTHEAST_ASIA,VIETNAM,SANDALS,Summer,530,535.6822,-5.68218994140625,5.68218994140625
2024-07-01,SOUTHEAST_ASIA,VIETNAM,SANDALS,Autumn,80,93.37093,-13.370933532714844,13.370933532714844
2024-08-01,SOUTHEAST_ASIA,VIETNAM,SANDALS,Autumn,40,49.444267,-9.444267272949219,9.444267272949219
2024-09-01,SOUTHEAST_ASIA,VIETNAM,SANDALS,Autumn,18,21.05516,-3.0551605224609375,3.0551605224609375
2024-10-01,SOUTHEAST_ASIA,VIETNAM,SANDALS,Winter,6,5.510459,0.48954105377197266,0.48954105377197266
2024-11-01,SOUTHEAST_ASIA,VIETNAM,SANDALS,Winter,6,4.8500395,1.1499605178833008,1.1499605178833008
2024-12-01,SOUTHEAST_ASIA,VIETNAM,SANDALS,Winter,5,5.0619664,-0.0619664192199707,0.0619664192199707
2024-01-01,SOUTHEAST_ASIA,VIETNAM,SHIRT,Spring,833,731.0118,101.98822021484375,101.98822021484375
2024-02-01,SOUTHEAST_ASIA,VIETNAM,SHIRT,Spring,897,855.7043,41.29571533203125,41.29571533203125
2024-03-01,SOUTHEAST_ASIA,VIETNAM,SHIRT,Spring,865,831.34973,33.6502685546875,33.6502685546875
2024-04-01,SOUTHEAST_ASIA,VIETNAM,SHIRT,Summer,903,868.91077,34.0892333984375,34.0892333984375
2024-05-01,SOUTHEAST_ASIA,VIETNAM,SHIRT,Summer,1066,936.387,129.61297607421875,129.61297607421875
2024-06-01,SOUTHEAST_ASIA,VIETNAM,SHIRT,Summer,1060,1101.0886,-41.088623046875,41.088623046875
2024-07-01,SOUTHEAST_ASIA,VIETNAM,SHIRT,Autumn,832,791.92737,40.0726318359375,40.0726318359375
2024-08-01,SOUTHEAST_ASIA,VIETNAM,SHIRT,Autumn,799,892.72595,-93.7259521484375,93.7259521484375
2024-09-01,SOUTHEAST_ASIA,VIETNAM,SHIRT,Autumn,940,872.85706,67.1429443359375,67.1429443359375
2024-10-01,SOUTHEAST_ASIA,VIETNAM,SHIRT,Winter,699,755.6469,-56.64691162109375,56.64691162109375
2024-11-01,SOUTHEAST_ASIA,VIETNAM,SHIRT,Winter,691,735.9995,-44.99951171875,44.99951171875
2024-12-01,SOUTHEAST_ASIA,VIETNAM,SHIRT,Winter,799,762.93304,36.06695556640625,36.06695556640625
2024-01-01,SOUTHEAST_ASIA,VIETNAM,SNEAKERS,Spring,476,467.04672,8.953277587890625,8.953277587890625
2024-02-01,SOUTHEAST_ASIA,VIETNAM,SNEAKERS,Spring,468,442.2561,25.743896484375,25.743896484375
2024-03-01,SOUTHEAST_ASIA,VIETNAM,SNEAKERS,Spring,551,477.1159,73.88409423828125,73.88409423828125
2024-04-01,SOUTHEAST_ASIA,VIETNAM,SNEAKERS,Summer,430,406.92084,23.07916259765625,23.07916259765625
2024-05-01,SOUTHEAST_ASIA,VIETNAM,SNEAKERS,Summer,392,428.35455,-36.35455322265625,36.35455322265625
2024-06-01,SOUTHEAST_ASIA,VIETNAM,SNEAKERS,Summer,353,368.37796,-15.377960205078125,15.377960205078125
2024-07-01,SOUTHEAST_ASIA,VIETNAM,SNEAKERS,Autumn,456,427.78824,28.211761474609375,28.211761474609375
2024-08-01,SOUTHEAST_ASIA,VIETNAM,SNEAKERS,Autumn,606,524.8415,81.15850830078125,81.15850830078125
2024-09-01,SOUTHEAST_ASIA,VIETNAM,SNEAKERS,Autumn,785,669.36035,115.6396484375,115.6396484375
2024-10-01,SOUTHEAST_ASIA,VIETNAM,SNEAKERS,Winter,591,548.0308,42.96917724609375,42.96917724609375
2024-11-01,SOUTHEAST_ASIA,VIETNAM,SNEAKERS,Winter,587,512.23834,74.76165771484375,74.76165771484375
2024-12-01,SOUTHEAST_ASIA,VIETNAM,SNEAKERS,Winter,598,525.9819,72.01812744140625,72.01812744140625
2024-01-01,SOUTHEAST_ASIA,VIETNAM,SWEATER,Spring,168,179.3827,-11.382705688476562,11.382705688476562
2024-02-01,SOUTHEAST_ASIA,VIETNAM,SWEATER,Spring,103,130.15433,-27.154327392578125,27.154327392578125
2024-03-01,SOUTHEAST_ASIA,VIETNAM,SWEATER,Spring,91,99.06321,-8.063209533691406,8.063209533691406
2024-04-01,SOUTHEAST_ASIA,VIETNAM,SWEATER,Summer,121,111.41968,9.580322265625,9.580322265625
2024-05-01,SOUTHEAST_ASIA,VIETNAM,SWEATER,Summer,154,143.16104,10.838958740234375,10.838958740234375
2024-06-01,SOUTHEAST_ASIA,VIETNAM,SWEATER,Summer,189,159.44351,29.556488037109375,29.556488037109375
2024-07-01,SOUTHEAST_ASIA,VIETNAM,SWEATER,Autumn,565,521.33215,43.6678466796875,43.6678466796875
2024-08-01,SOUTHEAST_ASIA,VIETNAM,SWEATER,Autumn,739,834.5349,-95.534912109375,95.534912109375
2024-09-01,SOUTHEAST_ASIA,VIETNAM,SWEATER,Autumn,1008,1032.3353,-24.3353271484375,24.3353271484375
2024-10-01,SOUTHEAST_ASIA,VIETNAM,SWEATER,Winter,1224,1130.8735,93.12646484375,93.12646484375
2024-11-01,SOUTHEAST_ASIA,VIETNAM,SWEATER,Winter,1357,1290.6913,66.3087158203125,66.3087158203125
2024-12-01,SOUTHEAST_ASIA,VIETNAM,SWEATER,Winter,1124,1263.3013,-139.30126953125,139.30126953125
2024-01-01,SOUTHEAST_ASIA,VIETNAM,TOP,Spring,132,120.36683,11.633171081542969,11.633171081542969
2024-02-01,SOUTHEAST_ASIA,VIETNAM,TOP,Spring,134,127.727036,6.2729644775390625,6.2729644775390625
2024-03-01,SOUTHEAST_ASIA,VIETNAM,TOP,Spring,127,133.50781,-6.5078125,6.5078125
2024-04-01,SOUTHEAST_ASIA,VIETNAM,TOP,Summer,131,114.74053,16.25946807861328,16.25946807861328
2024-05-01,SOUTHEAST_ASIA,VIETNAM,TOP,Summer,128,129.92007,-1.920074462890625,1.920074462890625
2024-06-01,SOUTHEAST_ASIA,VIETNAM,TOP,Summer,118,121.95338,-3.9533767700195312,3.9533767700195312
2024-07-01,SOUTHEAST_ASIA,VIETNAM,TOP,Autumn,171,157.78638,13.213623046875,13.213623046875
2024-08-01,SOUTHEAST_ASIA,VIETNAM,TOP,Autumn,206,212.71964,-6.719635009765625,6.719635009765625
2024-09-01,SOUTHEAST_ASIA,VIETNAM,TOP,Autumn,258,254.31148,3.6885223388671875,3.6885223388671875
2024-10-01,SOUTHEAST_ASIA,VIETNAM,TOP,Winter,202,237.23112,-35.23112487792969,35.23112487792969
2024-11-01,SOUTHEAST_ASIA,VIETNAM,TOP,Winter,221,223.31506,-2.3150634765625,2.3150634765625
2024-12-01,SOUTHEAST_ASIA,VIETNAM,TOP,Winter,208,218.57515,-10.575149536132812,10.575149536132812
2024-01-01,SOUTHEAST_ASIA,VIETNAM,VEST,Spring,20,27.416191,-7.416191101074219,7.416191101074219
2024-02-01,SOUTHEAST_ASIA,VIETNAM,VEST,Spring,22,21.660252,0.3397483825683594,0.3397483825683594
2024-03-01,SOUTHEAST_ASIA,VIETNAM,VEST,Spring,19,22.556402,-3.5564022064208984,3.5564022064208984
2024-04-01,SOUTHEAST_ASIA,VIETNAM,VEST,Summer,12,14.066316,-2.0663156509399414,2.0663156509399414
2024-05-01,SOUTHEAST_ASIA,VIETNAM,VEST,Summer,12,11.014214,0.9857864379882812,0.9857864379882812
2024-06-01,SOUTHEAST_ASIA,VIETNAM,VEST,Summer,12,11.248821,0.7511787414550781,0.7511787414550781
2024-07-01,SOUTHEAST_ASIA,VIETNAM,VEST,Autumn,24,16.048,7.951999664306641,7.951999664306641
2024-08-01,SOUTHEAST_ASIA,VIETNAM,VEST,Autumn,30,21.87064,8.12936019897461,8.12936019897461
2024-09-01,SOUTHEAST_ASIA,VIETNAM,VEST,Autumn,47,29.50102,17.498979568481445,17.498979568481445
2024-10-01,SOUTHEAST_ASIA,VIETNAM,VEST,Winter,51,42.064083,8.935916900634766,8.935916900634766
2024-11-01,SOUTHEAST_ASIA,VIETNAM,VEST,Winter,61,42.662056,18.33794403076172,18.33794403076172
2024-12-01,SOUTHEAST_ASIA,VIETNAM,VEST,Winter,61,48.44775,12.552249908447266,12.552249908447266
