Date,Year,Month,Month_Name,Year_Month,Region,Country,Product_Type,Season,Sales_Volume
2025-01-01,2025,1,January,2025-01,OCEANIA,AUSTRALIA,BOOTS,Winter,90.8453598022461
2025-01-01,2025,1,January,2025-01,OCEANIA,AUSTRALIA,CARDIGAN,Winter,29.69373893737793
2025-01-01,2025,1,January,2025-01,OCEANIA,AUSTRALIA,JACKET,Winter,981.822021484375
2025-01-01,2025,1,January,2025-01,OCEANIA,AUSTRALIA,JEANS,Winter,98.6044921875
2025-01-01,2025,1,January,2025-01,OCEANIA,AUSTRALIA,SANDALS,Winter,27.118350982666016
2025-01-01,2025,1,January,2025-01,OCEANIA,AUSTRALIA,SHIRT,Winter,723.0882568359375
2025-01-01,2025,1,January,2025-01,OCEANIA,AUSTRALIA,SNEAKERS,Winter,397.0763244628906
2025-01-01,2025,1,January,2025-01,OCEANIA,AUSTRALIA,SWEATER,Winter,260.7640075683594
2025-01-01,2025,1,January,2025-01,OCEANIA,AUSTRALIA,TOP,Winter,155.8311309814453
2025-01-01,2025,1,January,2025-01,OCEANIA,AUSTRALIA,VEST,Winter,15.284067153930664
2025-01-01,2025,1,January,2025-01,LATIN_AMERICA,BRAZIL,BOOTS,Winter,167.2799530029297
2025-01-01,2025,1,January,2025-01,LATIN_AMERICA,BRAZIL,CARDIGAN,Winter,73.0481185913086
2025-01-01,2025,1,January,2025-01,LATIN_AMERICA,BRAZIL,JACKET,Winter,2031.88427734375
2025-01-01,2025,1,January,2025-01,LATIN_AMERICA,BRAZIL,JEANS,Winter,164.8788299560547
2025-01-01,2025,1,January,2025-01,LATIN_AMERICA,BRAZIL,SANDALS,Winter,51.15731430053711
2025-01-01,2025,1,January,2025-01,LATIN_AMERICA,BRAZIL,SHIRT,Winter,1528.1832275390625
2025-01-01,2025,1,January,2025-01,LATIN_AMERICA,BRAZIL,SNEAKERS,Winter,805.6698608398438
2025-01-01,2025,1,January,2025-01,LATIN_AMERICA,BRAZIL,SWEATER,Winter,551.234619140625
2025-01-01,2025,1,January,2025-01,LATIN_AMERICA,BRAZIL,TOP,Winter,259.1915283203125
2025-01-01,2025,1,January,2025-01,LATIN_AMERICA,BRAZIL,VEST,Winter,32.98091506958008
2025-01-01,2025,1,January,2025-01,NORTH_AMERICA,CANADA,BOOTS,Winter,110.63959503173828
2025-01-01,2025,1,January,2025-01,NORTH_AMERICA,CANADA,CARDIGAN,Winter,32.12373352050781
2025-01-01,2025,1,January,2025-01,NORTH_AMERICA,CANADA,JACKET,Winter,1703.6041259765625
2025-01-01,2025,1,January,2025-01,NORTH_AMERICA,CANADA,JEANS,Winter,105.66148376464844
2025-01-01,2025,1,January,2025-01,NORTH_AMERICA,CANADA,SANDALS,Winter,9.50770378112793
2025-01-01,2025,1,January,2025-01,NORTH_AMERICA,CANADA,SHIRT,Winter,766.6683349609375
2025-01-01,2025,1,January,2025-01,NORTH_AMERICA,CANADA,SNEAKERS,Winter,464.7296142578125
2025-01-01,2025,1,January,2025-01,NORTH_AMERICA,CANADA,SWEATER,Winter,144.7724151611328
2025-01-01,2025,1,January,2025-01,NORTH_AMERICA,CANADA,TOP,Winter,126.48231506347656
2025-01-01,2025,1,January,2025-01,NORTH_AMERICA,CANADA,VEST,Winter,22.69257926940918
2025-01-01,2025,1,January,2025-01,EAST_ASIA,CHINA,BOOTS,Winter,325.2171630859375
2025-01-01,2025,1,January,2025-01,EAST_ASIA,CHINA,CARDIGAN,Winter,101.50977325439453
2025-01-01,2025,1,January,2025-01,EAST_ASIA,CHINA,JACKET,Winter,4748.75341796875
2025-01-01,2025,1,January,2025-01,EAST_ASIA,CHINA,JEANS,Winter,262.6437683105469
2025-01-01,2025,1,January,2025-01,EAST_ASIA,CHINA,SANDALS,Winter,24.460628509521484
2025-01-01,2025,1,January,2025-01,EAST_ASIA,CHINA,SHIRT,Winter,2247.861083984375
2025-01-01,2025,1,January,2025-01,EAST_ASIA,CHINA,SNEAKERS,Winter,1296.213134765625
2025-01-01,2025,1,January,2025-01,EAST_ASIA,CHINA,SWEATER,Winter,424.25482177734375
2025-01-01,2025,1,January,2025-01,EAST_ASIA,CHINA,TOP,Winter,407.22943115234375
2025-01-01,2025,1,January,2025-01,EAST_ASIA,CHINA,VEST,Winter,53.79608154296875
2025-01-01,2025,1,January,2025-01,WESTERN_EUROPE,FRANCE,BOOTS,Winter,355.88165283203125
2025-01-01,2025,1,January,2025-01,WESTERN_EUROPE,FRANCE,CARDIGAN,Winter,94.39301300048828
2025-01-01,2025,1,January,2025-01,WESTERN_EUROPE,FRANCE,JACKET,Winter,5538.74267578125
2025-01-01,2025,1,January,2025-01,WESTERN_EUROPE,FRANCE,JEANS,Winter,298.4080810546875
2025-01-01,2025,1,January,2025-01,WESTERN_EUROPE,FRANCE,SANDALS,Winter,25.938980102539062
2025-01-01,2025,1,January,2025-01,WESTERN_EUROPE,FRANCE,SHIRT,Winter,2389.683349609375
2025-01-01,2025,1,January,2025-01,WESTERN_EUROPE,FRANCE,SNEAKERS,Winter,1498.7406005859375
2025-01-01,2025,1,January,2025-01,WESTERN_EUROPE,FRANCE,SWEATER,Winter,490.76287841796875
2025-01-01,2025,1,January,2025-01,WESTERN_EUROPE,FRANCE,TOP,Winter,473.01824951171875
2025-01-01,2025,1,January,2025-01,WESTERN_EUROPE,FRANCE,VEST,Winter,64.48155212402344
2025-01-01,2025,1,January,2025-01,WESTERN_EUROPE,GERMANY,BOOTS,Winter,424.1260986328125
2025-01-01,2025,1,January,2025-01,WESTERN_EUROPE,GERMANY,CARDIGAN,Winter,124.94676208496094
2025-01-01,2025,1,January,2025-01,WESTERN_EUROPE,GERMANY,JACKET,Winter,6602.17724609375
2025-01-01,2025,1,January,2025-01,WESTERN_EUROPE,GERMANY,JEANS,Winter,317.31243896484375
2025-01-01,2025,1,January,2025-01,WESTERN_EUROPE,GERMANY,SANDALS,Winter,33.530513763427734
2025-01-01,2025,1,January,2025-01,WESTERN_EUROPE,GERMANY,SHIRT,Winter,2811.751220703125
2025-01-01,2025,1,January,2025-01,WESTERN_EUROPE,GERMANY,SNEAKERS,Winter,1884.1871337890625
2025-01-01,2025,1,January,2025-01,WESTERN_EUROPE,GERMANY,SWEATER,Winter,508.605712890625
2025-01-01,2025,1,January,2025-01,WESTERN_EUROPE,GERMANY,TOP,Winter,524.76953125
2025-01-01,2025,1,January,2025-01,WESTERN_EUROPE,GERMANY,VEST,Winter,83.07576751708984
2025-01-01,2025,1,January,2025-01,SOUTH_ASIA,INDIA,BOOTS,Winter,250.31788635253906
2025-01-01,2025,1,January,2025-01,SOUTH_ASIA,INDIA,CARDIGAN,Winter,67.19983673095703
2025-01-01,2025,1,January,2025-01,SOUTH_ASIA,INDIA,JACKET,Winter,3920.834716796875
2025-01-01,2025,1,January,2025-01,SOUTH_ASIA,INDIA,JEANS,Winter,184.0379638671875
2025-01-01,2025,1,January,2025-01,SOUTH_ASIA,INDIA,SANDALS,Winter,18.76705551147461
2025-01-01,2025,1,January,2025-01,SOUTH_ASIA,INDIA,SHIRT,Winter,1573.450927734375
2025-01-01,2025,1,January,2025-01,SOUTH_ASIA,INDIA,SNEAKERS,Winter,891.2245483398438
2025-01-01,2025,1,January,2025-01,SOUTH_ASIA,INDIA,SWEATER,Winter,289.9480895996094
2025-01-01,2025,1,January,2025-01,SOUTH_ASIA,INDIA,TOP,Winter,318.1734313964844
2025-01-01,2025,1,January,2025-01,SOUTH_ASIA,INDIA,VEST,Winter,41.915557861328125
2025-01-01,2025,1,January,2025-01,SOUTHEAST_ASIA,INDONESIA,BOOTS,Winter,169.34202575683594
2025-01-01,2025,1,January,2025-01,SOUTHEAST_ASIA,INDONESIA,CARDIGAN,Winter,43.22758102416992
2025-01-01,2025,1,January,2025-01,SOUTHEAST_ASIA,INDONESIA,JACKET,Winter,2337.016357421875
2025-01-01,2025,1,January,2025-01,SOUTHEAST_ASIA,INDONESIA,JEANS,Winter,135.51431274414062
2025-01-01,2025,1,January,2025-01,SOUTHEAST_ASIA,INDONESIA,SANDALS,Winter,12.018606185913086
2025-01-01,2025,1,January,2025-01,SOUTHEAST_ASIA,INDONESIA,SHIRT,Winter,1122.1439208984375
2025-01-01,2025,1,January,2025-01,SOUTHEAST_ASIA,INDONESIA,SNEAKERS,Winter,727.7866821289062
2025-01-01,2025,1,January,2025-01,SOUTHEAST_ASIA,INDONESIA,SWEATER,Winter,214.98765563964844
2025-01-01,2025,1,January,2025-01,SOUTHEAST_ASIA,INDONESIA,TOP,Winter,217.65789794921875
2025-01-01,2025,1,January,2025-01,SOUTHEAST_ASIA,INDONESIA,VEST,Winter,31.62158203125
2025-01-01,2025,1,January,2025-01,EAST_ASIA,JAPAN,BOOTS,Winter,154.68228149414062
2025-01-01,2025,1,January,2025-01,EAST_ASIA,JAPAN,CARDIGAN,Winter,46.084224700927734
2025-01-01,2025,1,January,2025-01,EAST_ASIA,JAPAN,JACKET,Winter,2432.820068359375
2025-01-01,2025,1,January,2025-01,EAST_ASIA,JAPAN,JEANS,Winter,136.45216369628906
2025-01-01,2025,1,January,2025-01,EAST_ASIA,JAPAN,SANDALS,Winter,12.251679420471191
2025-01-01,2025,1,January,2025-01,EAST_ASIA,JAPAN,SHIRT,Winter,1078.321533203125
2025-01-01,2025,1,January,2025-01,EAST_ASIA,JAPAN,SNEAKERS,Winter,702.0781860351562
2025-01-01,2025,1,January,2025-01,EAST_ASIA,JAPAN,SWEATER,Winter,218.7619171142578
2025-01-01,2025,1,January,2025-01,EAST_ASIA,JAPAN,TOP,Winter,194.84036254882812
2025-01-01,2025,1,January,2025-01,EAST_ASIA,JAPAN,VEST,Winter,28.880813598632812
2025-01-01,2025,1,January,2025-01,LATIN_AMERICA,MEXICO,BOOTS,Winter,144.68527221679688
2025-01-01,2025,1,January,2025-01,LATIN_AMERICA,MEXICO,CARDIGAN,Winter,39.52157211303711
2025-01-01,2025,1,January,2025-01,LATIN_AMERICA,MEXICO,JACKET,Winter,2196.5751953125
2025-01-01,2025,1,January,2025-01,LATIN_AMERICA,MEXICO,JEANS,Winter,107.21279907226562
2025-01-01,2025,1,January,2025-01,LATIN_AMERICA,MEXICO,SANDALS,Winter,11.548595428466797
2025-01-01,2025,1,January,2025-01,LATIN_AMERICA,MEXICO,SHIRT,Winter,849.7408447265625
2025-01-01,2025,1,January,2025-01,LATIN_AMERICA,MEXICO,SNEAKERS,Winter,559.0979614257812
2025-01-01,2025,1,January,2025-01,LATIN_AMERICA,MEXICO,SWEATER,Winter,182.7146453857422
2025-01-01,2025,1,January,2025-01,LATIN_AMERICA,MEXICO,TOP,Winter,194.8251495361328
2025-01-01,2025,1,January,2025-01,LATIN_AMERICA,MEXICO,VEST,Winter,27.710969924926758
2025-01-01,2025,1,January,2025-01,OCEANIA,NEW_ZEALAND,BOOTS,Winter,28.764978408813477
2025-01-01,2025,1,January,2025-01,OCEANIA,NEW_ZEALAND,CARDIGAN,Winter,10.851733207702637
2025-01-01,2025,1,January,2025-01,OCEANIA,NEW_ZEALAND,JACKET,Winter,322.7492370605469
2025-01-01,2025,1,January,2025-01,OCEANIA,NEW_ZEALAND,JEANS,Winter,30.079574584960938
2025-01-01,2025,1,January,2025-01,OCEANIA,NEW_ZEALAND,SANDALS,Winter,10.321423530578613
2025-01-01,2025,1,January,2025-01,OCEANIA,NEW_ZEALAND,SHIRT,Winter,226.4558563232422
2025-01-01,2025,1,January,2025-01,OCEANIA,NEW_ZEALAND,SNEAKERS,Winter,128.273193359375
2025-01-01,2025,1,January,2025-01,OCEANIA,NEW_ZEALAND,SWEATER,Winter,94.26941680908203
2025-01-01,2025,1,January,2025-01,OCEANIA,NEW_ZEALAND,TOP,Winter,48.23067092895508
2025-01-01,2025,1,January,2025-01,OCEANIA,NEW_ZEALAND,VEST,Winter,6.517623424530029
2025-01-01,2025,1,January,2025-01,SOUTH_ASIA,PAKISTAN,BOOTS,Winter,67.110595703125
2025-01-01,2025,1,January,2025-01,SOUTH_ASIA,PAKISTAN,CARDIGAN,Winter,21.207820892333984
2025-01-01,2025,1,January,2025-01,SOUTH_ASIA,PAKISTAN,JACKET,Winter,1259.1824951171875
2025-01-01,2025,1,January,2025-01,SOUTH_ASIA,PAKISTAN,JEANS,Winter,65.55115509033203
2025-01-01,2025,1,January,2025-01,SOUTH_ASIA,PAKISTAN,SANDALS,Winter,6.033385753631592
2025-01-01,2025,1,January,2025-01,SOUTH_ASIA,PAKISTAN,SHIRT,Winter,551.8168334960938
2025-01-01,2025,1,January,2025-01,SOUTH_ASIA,PAKISTAN,SNEAKERS,Winter,320.7689514160156
2025-01-01,2025,1,January,2025-01,SOUTH_ASIA,PAKISTAN,SWEATER,Winter,104.15601348876953
2025-01-01,2025,1,January,2025-01,SOUTH_ASIA,PAKISTAN,TOP,Winter,100.21853637695312
2025-01-01,2025,1,January,2025-01,SOUTH_ASIA,PAKISTAN,VEST,Winter,14.701616287231445
2025-01-01,2025,1,January,2025-01,EASTERN_EUROPE,POLAND,BOOTS,Winter,129.52096557617188
2025-01-01,2025,1,January,2025-01,EASTERN_EUROPE,POLAND,CARDIGAN,Winter,37.5137939453125
2025-01-01,2025,1,January,2025-01,EASTERN_EUROPE,POLAND,JACKET,Winter,1806.8846435546875
2025-01-01,2025,1,January,2025-01,EASTERN_EUROPE,POLAND,JEANS,Winter,92.25111389160156
2025-01-01,2025,1,January,2025-01,EASTERN_EUROPE,POLAND,SANDALS,Winter,7.716635704040527
2025-01-01,2025,1,January,2025-01,EASTERN_EUROPE,POLAND,SHIRT,Winter,857.5977172851562
2025-01-01,2025,1,January,2025-01,EASTERN_EUROPE,POLAND,SNEAKERS,Winter,538.3302001953125
2025-01-01,2025,1,January,2025-01,EASTERN_EUROPE,POLAND,SWEATER,Winter,160.1624298095703
2025-01-01,2025,1,January,2025-01,EASTERN_EUROPE,POLAND,TOP,Winter,163.72244262695312
2025-01-01,2025,1,January,2025-01,EASTERN_EUROPE,POLAND,VEST,Winter,22.626523971557617
2025-01-01,2025,1,January,2025-01,EASTERN_EUROPE,RUSSIA,BOOTS,Winter,78.23796844482422
2025-01-01,2025,1,January,2025-01,EASTERN_EUROPE,RUSSIA,CARDIGAN,Winter,22.111637115478516
2025-01-01,2025,1,January,2025-01,EASTERN_EUROPE,RUSSIA,JACKET,Winter,1238.1806640625
2025-01-01,2025,1,January,2025-01,EASTERN_EUROPE,RUSSIA,JEANS,Winter,68.32389068603516
2025-01-01,2025,1,January,2025-01,EASTERN_EUROPE,RUSSIA,SANDALS,Winter,6.082722187042236
2025-01-01,2025,1,January,2025-01,EASTERN_EUROPE,RUSSIA,SHIRT,Winter,554.6820068359375
2025-01-01,2025,1,January,2025-01,EASTERN_EUROPE,RUSSIA,SNEAKERS,Winter,366.7723083496094
2025-01-01,2025,1,January,2025-01,EASTERN_EUROPE,RUSSIA,SWEATER,Winter,110.61627960205078
2025-01-01,2025,1,January,2025-01,EASTERN_EUROPE,RUSSIA,TOP,Winter,111.24131774902344
2025-01-01,2025,1,January,2025-01,EASTERN_EUROPE,RUSSIA,VEST,Winter,16.08522605895996
2025-01-01,2025,1,January,2025-01,MIDDLE_EAST,SAUDI_ARABIA,BOOTS,Winter,171.34255981445312
2025-01-01,2025,1,January,2025-01,MIDDLE_EAST,SAUDI_ARABIA,CARDIGAN,Winter,48.381587982177734
2025-01-01,2025,1,January,2025-01,MIDDLE_EAST,SAUDI_ARABIA,JACKET,Winter,2390.602294921875
2025-01-01,2025,1,January,2025-01,MIDDLE_EAST,SAUDI_ARABIA,JEANS,Winter,146.1299591064453
2025-01-01,2025,1,January,2025-01,MIDDLE_EAST,SAUDI_ARABIA,SANDALS,Winter,14.531002044677734
2025-01-01,2025,1,January,2025-01,MIDDLE_EAST,SAUDI_ARABIA,SHIRT,Winter,1123.493896484375
2025-01-01,2025,1,January,2025-01,MIDDLE_EAST,SAUDI_ARABIA,SNEAKERS,Winter,676.4813842773438
2025-01-01,2025,1,January,2025-01,MIDDLE_EAST,SAUDI_ARABIA,SWEATER,Winter,220.35968017578125
2025-01-01,2025,1,January,2025-01,MIDDLE_EAST,SAUDI_ARABIA,TOP,Winter,205.40036010742188
2025-01-01,2025,1,January,2025-01,MIDDLE_EAST,SAUDI_ARABIA,VEST,Winter,29.65915870666504
2025-01-01,2025,1,January,2025-01,MIDDLE_EAST,UAE,BOOTS,Winter,139.94126892089844
2025-01-01,2025,1,January,2025-01,MIDDLE_EAST,UAE,CARDIGAN,Winter,37.328582763671875
2025-01-01,2025,1,January,2025-01,MIDDLE_EAST,UAE,JACKET,Winter,2027.62353515625
2025-01-01,2025,1,January,2025-01,MIDDLE_EAST,UAE,JEANS,Winter,126.12738037109375
2025-01-01,2025,1,January,2025-01,MIDDLE_EAST,UAE,SANDALS,Winter,9.992512702941895
2025-01-01,2025,1,January,2025-01,MIDDLE_EAST,UAE,SHIRT,Winter,886.442626953125
2025-01-01,2025,1,January,2025-01,MIDDLE_EAST,UAE,SNEAKERS,Winter,567.4835205078125
2025-01-01,2025,1,January,2025-01,MIDDLE_EAST,UAE,SWEATER,Winter,174.3654327392578
2025-01-01,2025,1,January,2025-01,MIDDLE_EAST,UAE,TOP,Winter,182.19859313964844
2025-01-01,2025,1,January,2025-01,MIDDLE_EAST,UAE,VEST,Winter,27.936071395874023
2025-01-01,2025,1,January,2025-01,NORTH_AMERICA,UNITED_STATES,BOOTS,Winter,457.35174560546875
2025-01-01,2025,1,January,2025-01,NORTH_AMERICA,UNITED_STATES,CARDIGAN,Winter,133.22987365722656
2025-01-01,2025,1,January,2025-01,NORTH_AMERICA,UNITED_STATES,JACKET,Winter,7435.55224609375
2025-01-01,2025,1,January,2025-01,NORTH_AMERICA,UNITED_STATES,JEANS,Winter,409.25189208984375
2025-01-01,2025,1,January,2025-01,NORTH_AMERICA,UNITED_STATES,SANDALS,Winter,30.50409698486328
2025-01-01,2025,1,January,2025-01,NORTH_AMERICA,UNITED_STATES,SHIRT,Winter,3616.873291015625
2025-01-01,2025,1,January,2025-01,NORTH_AMERICA,UNITED_STATES,SNEAKERS,Winter,2445.133056640625
2025-01-01,2025,1,January,2025-01,NORTH_AMERICA,UNITED_STATES,SWEATER,Winter,676.9341430664062
2025-01-01,2025,1,January,2025-01,NORTH_AMERICA,UNITED_STATES,TOP,Winter,654.643798828125
2025-01-01,2025,1,January,2025-01,NORTH_AMERICA,UNITED_STATES,VEST,Winter,116.08731079101562
2025-01-01,2025,1,January,2025-01,SOUTHEAST_ASIA,VIETNAM,BOOTS,Winter,112.8239517211914
2025-01-01,2025,1,January,2025-01,SOUTHEAST_ASIA,VIETNAM,CARDIGAN,Winter,30.260353088378906
2025-01-01,2025,1,January,2025-01,SOUTHEAST_ASIA,VIETNAM,JACKET,Winter,1624.5777587890625
2025-01-01,2025,1,January,2025-01,SOUTHEAST_ASIA,VIETNAM,JEANS,Winter,72.87841033935547
2025-01-01,2025,1,January,2025-01,SOUTHEAST_ASIA,VIETNAM,SANDALS,Winter,8.17986011505127
2025-01-01,2025,1,January,2025-01,SOUTHEAST_ASIA,VIETNAM,SHIRT,Winter,787.7901000976562
2025-01-01,2025,1,January,2025-01,SOUTHEAST_ASIA,VIETNAM,SNEAKERS,Winter,516.8629150390625
2025-01-01,2025,1,January,2025-01,SOUTHEAST_ASIA,VIETNAM,SWEATER,Winter,142.353271484375
2025-01-01,2025,1,January,2025-01,SOUTHEAST_ASIA,VIETNAM,TOP,Winter,125.04637145996094
2025-01-01,2025,1,January,2025-01,SOUTHEAST_ASIA,VIETNAM,VEST,Winter,21.29737663269043
2025-02-01,2025,2,February,2025-02,OCEANIA,AUSTRALIA,BOOTS,Winter,109.4964828491211
2025-02-01,2025,2,February,2025-02,OCEANIA,AUSTRALIA,CARDIGAN,Winter,29.055692672729492
2025-02-01,2025,2,February,2025-02,OCEANIA,AUSTRALIA,JACKET,Winter,1196.28466796875
2025-02-01,2025,2,February,2025-02,OCEANIA,AUSTRALIA,JEANS,Winter,116.86859130859375
2025-02-01,2025,2,February,2025-02,OCEANIA,AUSTRALIA,SANDALS,Winter,20.245561599731445
2025-02-01,2025,2,February,2025-02,OCEANIA,AUSTRALIA,SHIRT,Winter,767.1930541992188
2025-02-01,2025,2,February,2025-02,OCEANIA,AUSTRALIA,SNEAKERS,Winter,427.25469970703125
2025-02-01,2025,2,February,2025-02,OCEANIA,AUSTRALIA,SWEATER,Winter,229.73147583007812
2025-02-01,2025,2,February,2025-02,OCEANIA,AUSTRALIA,TOP,Winter,158.4009246826172
2025-02-01,2025,2,February,2025-02,OCEANIA,AUSTRALIA,VEST,Winter,15.331441879272461
2025-02-01,2025,2,February,2025-02,LATIN_AMERICA,BRAZIL,BOOTS,Winter,189.44735717773438
2025-02-01,2025,2,February,2025-02,LATIN_AMERICA,BRAZIL,CARDIGAN,Winter,64.16321563720703
2025-02-01,2025,2,February,2025-02,LATIN_AMERICA,BRAZIL,JACKET,Winter,2508.266845703125
2025-02-01,2025,2,February,2025-02,LATIN_AMERICA,BRAZIL,JEANS,Winter,193.71925354003906
2025-02-01,2025,2,February,2025-02,LATIN_AMERICA,BRAZIL,SANDALS,Winter,34.62559509277344
2025-02-01,2025,2,February,2025-02,LATIN_AMERICA,BRAZIL,SHIRT,Winter,1420.545654296875
2025-02-01,2025,2,February,2025-02,LATIN_AMERICA,BRAZIL,SNEAKERS,Winter,836.4586791992188
2025-02-01,2025,2,February,2025-02,LATIN_AMERICA,BRAZIL,SWEATER,Winter,477.09356689453125
2025-02-01,2025,2,February,2025-02,LATIN_AMERICA,BRAZIL,TOP,Winter,287.77105712890625
2025-02-01,2025,2,February,2025-02,LATIN_AMERICA,BRAZIL,VEST,Winter,30.655712127685547
2025-02-01,2025,2,February,2025-02,NORTH_AMERICA,CANADA,BOOTS,Winter,110.0003890991211
2025-02-01,2025,2,February,2025-02,NORTH_AMERICA,CANADA,CARDIGAN,Winter,21.934154510498047
2025-02-01,2025,2,February,2025-02,NORTH_AMERICA,CANADA,JACKET,Winter,1575.2921142578125
2025-02-01,2025,2,February,2025-02,NORTH_AMERICA,CANADA,JEANS,Winter,92.39716339111328
2025-02-01,2025,2,February,2025-02,NORTH_AMERICA,CANADA,SANDALS,Winter,9.677933692932129
2025-02-01,2025,2,February,2025-02,NORTH_AMERICA,CANADA,SHIRT,Winter,798.1936645507812
2025-02-01,2025,2,February,2025-02,NORTH_AMERICA,CANADA,SNEAKERS,Winter,431.2697448730469
2025-02-01,2025,2,February,2025-02,NORTH_AMERICA,CANADA,SWEATER,Winter,82.67330169677734
2025-02-01,2025,2,February,2025-02,NORTH_AMERICA,CANADA,TOP,Winter,121.88825988769531
2025-02-01,2025,2,February,2025-02,NORTH_AMERICA,CANADA,VEST,Winter,19.501436233520508
2025-02-01,2025,2,February,2025-02,EAST_ASIA,CHINA,BOOTS,Winter,299.1953430175781
2025-02-01,2025,2,February,2025-02,EAST_ASIA,CHINA,CARDIGAN,Winter,60.096927642822266
2025-02-01,2025,2,February,2025-02,EAST_ASIA,CHINA,JACKET,Winter,4263.29541015625
2025-02-01,2025,2,February,2025-02,EAST_ASIA,CHINA,JEANS,Winter,216.11700439453125
2025-02-01,2025,2,February,2025-02,EAST_ASIA,CHINA,SANDALS,Winter,24.612167358398438
2025-02-01,2025,2,February,2025-02,EAST_ASIA,CHINA,SHIRT,Winter,2418.048583984375
2025-02-01,2025,2,February,2025-02,EAST_ASIA,CHINA,SNEAKERS,Winter,1315.1988525390625
2025-02-01,2025,2,February,2025-02,EAST_ASIA,CHINA,SWEATER,Winter,263.8930358886719
2025-02-01,2025,2,February,2025-02,EAST_ASIA,CHINA,TOP,Winter,383.60784912109375
2025-02-01,2025,2,February,2025-02,EAST_ASIA,CHINA,VEST,Winter,49.666290283203125
2025-02-01,2025,2,February,2025-02,WESTERN_EUROPE,FRANCE,BOOTS,Winter,324.3056640625
2025-02-01,2025,2,February,2025-02,WESTERN_EUROPE,FRANCE,CARDIGAN,Winter,62.19601058959961
2025-02-01,2025,2,February,2025-02,WESTERN_EUROPE,FRANCE,JACKET,Winter,5172.806640625
2025-02-01,2025,2,February,2025-02,WESTERN_EUROPE,FRANCE,JEANS,Winter,272.0279846191406
2025-02-01,2025,2,February,2025-02,WESTERN_EUROPE,FRANCE,SANDALS,Winter,27.346805572509766
2025-02-01,2025,2,February,2025-02,WESTERN_EUROPE,FRANCE,SHIRT,Winter,2448.75048828125
2025-02-01,2025,2,February,2025-02,WESTERN_EUROPE,FRANCE,SNEAKERS,Winter,1463.31396484375
2025-02-01,2025,2,February,2025-02,WESTERN_EUROPE,FRANCE,SWEATER,Winter,304.3372497558594
2025-02-01,2025,2,February,2025-02,WESTERN_EUROPE,FRANCE,TOP,Winter,400.6483154296875
2025-02-01,2025,2,February,2025-02,WESTERN_EUROPE,FRANCE,VEST,Winter,52.95559310913086
2025-02-01,2025,2,February,2025-02,WESTERN_EUROPE,GERMANY,BOOTS,Winter,390.1004943847656
2025-02-01,2025,2,February,2025-02,WESTERN_EUROPE,GERMANY,CARDIGAN,Winter,77.84772491455078
2025-02-01,2025,2,February,2025-02,WESTERN_EUROPE,GERMANY,JACKET,Winter,5581.935546875
2025-02-01,2025,2,February,2025-02,WESTERN_EUROPE,GERMANY,JEANS,Winter,279.7165222167969
2025-02-01,2025,2,February,2025-02,WESTERN_EUROPE,GERMANY,SANDALS,Winter,36.16639709472656
2025-02-01,2025,2,February,2025-02,WESTERN_EUROPE,GERMANY,SHIRT,Winter,2821.426025390625
2025-02-01,2025,2,February,2025-02,WESTERN_EUROPE,GERMANY,SNEAKERS,Winter,1976.1981201171875
2025-02-01,2025,2,February,2025-02,WESTERN_EUROPE,GERMANY,SWEATER,Winter,335.2379455566406
2025-02-01,2025,2,February,2025-02,WESTERN_EUROPE,GERMANY,TOP,Winter,468.8441162109375
2025-02-01,2025,2,February,2025-02,WESTERN_EUROPE,GERMANY,VEST,Winter,76.13232421875
2025-02-01,2025,2,February,2025-02,SOUTH_ASIA,INDIA,BOOTS,Winter,222.55404663085938
2025-02-01,2025,2,February,2025-02,SOUTH_ASIA,INDIA,CARDIGAN,Winter,46.05624771118164
2025-02-01,2025,2,February,2025-02,SOUTH_ASIA,INDIA,JACKET,Winter,3736.368896484375
2025-02-01,2025,2,February,2025-02,SOUTH_ASIA,INDIA,JEANS,Winter,143.056396484375
2025-02-01,2025,2,February,2025-02,SOUTH_ASIA,INDIA,SANDALS,Winter,21.020240783691406
2025-02-01,2025,2,February,2025-02,SOUTH_ASIA,INDIA,SHIRT,Winter,1579.8408203125
2025-02-01,2025,2,February,2025-02,SOUTH_ASIA,INDIA,SNEAKERS,Winter,903.0996704101562
2025-02-01,2025,2,February,2025-02,SOUTH_ASIA,INDIA,SWEATER,Winter,195.2177276611328
2025-02-01,2025,2,February,2025-02,SOUTH_ASIA,INDIA,TOP,Winter,283.4535217285156
2025-02-01,2025,2,February,2025-02,SOUTH_ASIA,INDIA,VEST,Winter,34.88814926147461
2025-02-01,2025,2,February,2025-02,SOUTHEAST_ASIA,INDONESIA,BOOTS,Winter,157.4994354248047
2025-02-01,2025,2,February,2025-02,SOUTHEAST_ASIA,INDONESIA,CARDIGAN,Winter,27.25942611694336
2025-02-01,2025,2,February,2025-02,SOUTHEAST_ASIA,INDONESIA,JACKET,Winter,2303.365966796875
2025-02-01,2025,2,February,2025-02,SOUTHEAST_ASIA,INDONESIA,JEANS,Winter,124.97721099853516
2025-02-01,2025,2,February,2025-02,SOUTHEAST_ASIA,INDONESIA,SANDALS,Winter,13.193949699401855
2025-02-01,2025,2,February,2025-02,SOUTHEAST_ASIA,INDONESIA,SHIRT,Winter,1254.789794921875
2025-02-01,2025,2,February,2025-02,SOUTHEAST_ASIA,INDONESIA,SNEAKERS,Winter,730.8941650390625
2025-02-01,2025,2,February,2025-02,SOUTHEAST_ASIA,INDONESIA,SWEATER,Winter,138.90074157714844
2025-02-01,2025,2,February,2025-02,SOUTHEAST_ASIA,INDONESIA,TOP,Winter,200.01385498046875
2025-02-01,2025,2,February,2025-02,SOUTHEAST_ASIA,INDONESIA,VEST,Winter,24.36927032470703
2025-02-01,2025,2,February,2025-02,EAST_ASIA,JAPAN,BOOTS,Winter,145.241943359375
2025-02-01,2025,2,February,2025-02,EAST_ASIA,JAPAN,CARDIGAN,Winter,29.204586029052734
2025-02-01,2025,2,February,2025-02,EAST_ASIA,JAPAN,JACKET,Winter,2285.981689453125
2025-02-01,2025,2,February,2025-02,EAST_ASIA,JAPAN,JEANS,Winter,116.06548309326172
2025-02-01,2025,2,February,2025-02,EAST_ASIA,JAPAN,SANDALS,Winter,12.547436714172363
2025-02-01,2025,2,February,2025-02,EAST_ASIA,JAPAN,SHIRT,Winter,1157.878173828125
2025-02-01,2025,2,February,2025-02,EAST_ASIA,JAPAN,SNEAKERS,Winter,711.2109375
2025-02-01,2025,2,February,2025-02,EAST_ASIA,JAPAN,SWEATER,Winter,141.17530822753906
2025-02-01,2025,2,February,2025-02,EAST_ASIA,JAPAN,TOP,Winter,181.4048614501953
2025-02-01,2025,2,February,2025-02,EAST_ASIA,JAPAN,VEST,Winter,21.958614349365234
2025-02-01,2025,2,February,2025-02,LATIN_AMERICA,MEXICO,BOOTS,Winter,140.85911560058594
2025-02-01,2025,2,February,2025-02,LATIN_AMERICA,MEXICO,CARDIGAN,Winter,26.135906219482422
2025-02-01,2025,2,February,2025-02,LATIN_AMERICA,MEXICO,JACKET,Winter,2002.1956787109375
2025-02-01,2025,2,February,2025-02,LATIN_AMERICA,MEXICO,JEANS,Winter,97.8177261352539
2025-02-01,2025,2,February,2025-02,LATIN_AMERICA,MEXICO,SANDALS,Winter,11.86091423034668
2025-02-01,2025,2,February,2025-02,LATIN_AMERICA,MEXICO,SHIRT,Winter,935.3858642578125
2025-02-01,2025,2,February,2025-02,LATIN_AMERICA,MEXICO,SNEAKERS,Winter,543.2890625
2025-02-01,2025,2,February,2025-02,LATIN_AMERICA,MEXICO,SWEATER,Winter,108.41938018798828
2025-02-01,2025,2,February,2025-02,LATIN_AMERICA,MEXICO,TOP,Winter,175.93150329589844
2025-02-01,2025,2,February,2025-02,LATIN_AMERICA,MEXICO,VEST,Winter,23.855213165283203
2025-02-01,2025,2,February,2025-02,OCEANIA,NEW_ZEALAND,BOOTS,Winter,31.387874603271484
2025-02-01,2025,2,February,2025-02,OCEANIA,NEW_ZEALAND,CARDIGAN,Winter,9.104608535766602
2025-02-01,2025,2,February,2025-02,OCEANIA,NEW_ZEALAND,JACKET,Winter,406.9118957519531
2025-02-01,2025,2,February,2025-02,OCEANIA,NEW_ZEALAND,JEANS,Winter,32.65367889404297
2025-02-01,2025,2,February,2025-02,OCEANIA,NEW_ZEALAND,SANDALS,Winter,7.08151912689209
2025-02-01,2025,2,February,2025-02,OCEANIA,NEW_ZEALAND,SHIRT,Winter,228.9897003173828
2025-02-01,2025,2,February,2025-02,OCEANIA,NEW_ZEALAND,SNEAKERS,Winter,138.6857147216797
2025-02-01,2025,2,February,2025-02,OCEANIA,NEW_ZEALAND,SWEATER,Winter,86.13346862792969
2025-02-01,2025,2,February,2025-02,OCEANIA,NEW_ZEALAND,TOP,Winter,55.36124038696289
2025-02-01,2025,2,February,2025-02,OCEANIA,NEW_ZEALAND,VEST,Winter,6.907153606414795
2025-02-01,2025,2,February,2025-02,SOUTH_ASIA,PAKISTAN,BOOTS,Winter,68.6468734741211
2025-02-01,2025,2,February,2025-02,SOUTH_ASIA,PAKISTAN,CARDIGAN,Winter,14.145490646362305
2025-02-01,2025,2,February,2025-02,SOUTH_ASIA,PAKISTAN,JACKET,Winter,1164.0582275390625
2025-02-01,2025,2,February,2025-02,SOUTH_ASIA,PAKISTAN,JEANS,Winter,50.14614486694336
2025-02-01,2025,2,February,2025-02,SOUTH_ASIA,PAKISTAN,SANDALS,Winter,6.191524982452393
2025-02-01,2025,2,February,2025-02,SOUTH_ASIA,PAKISTAN,SHIRT,Winter,563.8074951171875
2025-02-01,2025,2,February,2025-02,SOUTH_ASIA,PAKISTAN,SNEAKERS,Winter,302.2331237792969
2025-02-01,2025,2,February,2025-02,SOUTH_ASIA,PAKISTAN,SWEATER,Winter,58.39295196533203
2025-02-01,2025,2,February,2025-02,SOUTH_ASIA,PAKISTAN,TOP,Winter,87.0760726928711
2025-02-01,2025,2,February,2025-02,SOUTH_ASIA,PAKISTAN,VEST,Winter,12.342761993408203
2025-02-01,2025,2,February,2025-02,EASTERN_EUROPE,POLAND,BOOTS,Winter,125.81085968017578
2025-02-01,2025,2,February,2025-02,EASTERN_EUROPE,POLAND,CARDIGAN,Winter,23.66734504699707
2025-02-01,2025,2,February,2025-02,EASTERN_EUROPE,POLAND,JACKET,Winter,1677.6241455078125
2025-02-01,2025,2,February,2025-02,EASTERN_EUROPE,POLAND,JEANS,Winter,86.24688720703125
2025-02-01,2025,2,February,2025-02,EASTERN_EUROPE,POLAND,SANDALS,Winter,9.068546295166016
2025-02-01,2025,2,February,2025-02,EASTERN_EUROPE,POLAND,SHIRT,Winter,870.7723388671875
2025-02-01,2025,2,February,2025-02,EASTERN_EUROPE,POLAND,SNEAKERS,Winter,526.5850219726562
2025-02-01,2025,2,February,2025-02,EASTERN_EUROPE,POLAND,SWEATER,Winter,110.51116180419922
2025-02-01,2025,2,February,2025-02,EASTERN_EUROPE,POLAND,TOP,Winter,154.73321533203125
2025-02-01,2025,2,February,2025-02,EASTERN_EUROPE,POLAND,VEST,Winter,19.090307235717773
2025-02-01,2025,2,February,2025-02,EASTERN_EUROPE,RUSSIA,BOOTS,Winter,77.38426971435547
2025-02-01,2025,2,February,2025-02,EASTERN_EUROPE,RUSSIA,CARDIGAN,Winter,15.12240219116211
2025-02-01,2025,2,February,2025-02,EASTERN_EUROPE,RUSSIA,JACKET,Winter,1105.8226318359375
2025-02-01,2025,2,February,2025-02,EASTERN_EUROPE,RUSSIA,JEANS,Winter,56.7512321472168
2025-02-01,2025,2,February,2025-02,EASTERN_EUROPE,RUSSIA,SANDALS,Winter,6.30997896194458
2025-02-01,2025,2,February,2025-02,EASTERN_EUROPE,RUSSIA,SHIRT,Winter,546.1370849609375
2025-02-01,2025,2,February,2025-02,EASTERN_EUROPE,RUSSIA,SNEAKERS,Winter,320.03668212890625
2025-02-01,2025,2,February,2025-02,EASTERN_EUROPE,RUSSIA,SWEATER,Winter,71.15751647949219
2025-02-01,2025,2,February,2025-02,EASTERN_EUROPE,RUSSIA,TOP,Winter,103.12351989746094
2025-02-01,2025,2,February,2025-02,EASTERN_EUROPE,RUSSIA,VEST,Winter,15.110031127929688
2025-02-01,2025,2,February,2025-02,MIDDLE_EAST,SAUDI_ARABIA,BOOTS,Winter,154.00982666015625
2025-02-01,2025,2,February,2025-02,MIDDLE_EAST,SAUDI_ARABIA,CARDIGAN,Winter,30.917449951171875
2025-02-01,2025,2,February,2025-02,MIDDLE_EAST,SAUDI_ARABIA,JACKET,Winter,2267.224853515625
2025-02-01,2025,2,February,2025-02,MIDDLE_EAST,SAUDI_ARABIA,JEANS,Winter,131.3629913330078
2025-02-01,2025,2,February,2025-02,MIDDLE_EAST,SAUDI_ARABIA,SANDALS,Winter,14.805513381958008
2025-02-01,2025,2,February,2025-02,MIDDLE_EAST,SAUDI_ARABIA,SHIRT,Winter,1194.7191162109375
2025-02-01,2025,2,February,2025-02,MIDDLE_EAST,SAUDI_ARABIA,SNEAKERS,Winter,699.7683715820312
2025-02-01,2025,2,February,2025-02,MIDDLE_EAST,SAUDI_ARABIA,SWEATER,Winter,136.82421875
2025-02-01,2025,2,February,2025-02,MIDDLE_EAST,SAUDI_ARABIA,TOP,Winter,202.7195587158203
2025-02-01,2025,2,February,2025-02,MIDDLE_EAST,SAUDI_ARABIA,VEST,Winter,23.70123291015625
2025-02-01,2025,2,February,2025-02,MIDDLE_EAST,UAE,BOOTS,Winter,144.78152465820312
2025-02-01,2025,2,February,2025-02,MIDDLE_EAST,UAE,CARDIGAN,Winter,23.920419692993164
2025-02-01,2025,2,February,2025-02,MIDDLE_EAST,UAE,JACKET,Winter,1883.32080078125
2025-02-01,2025,2,February,2025-02,MIDDLE_EAST,UAE,JEANS,Winter,113.52806854248047
2025-02-01,2025,2,February,2025-02,MIDDLE_EAST,UAE,SANDALS,Winter,10.93290901184082
2025-02-01,2025,2,February,2025-02,MIDDLE_EAST,UAE,SHIRT,Winter,938.2424926757812
2025-02-01,2025,2,February,2025-02,MIDDLE_EAST,UAE,SNEAKERS,Winter,558.8987426757812
2025-02-01,2025,2,February,2025-02,MIDDLE_EAST,UAE,SWEATER,Winter,110.91558074951172
2025-02-01,2025,2,February,2025-02,MIDDLE_EAST,UAE,TOP,Winter,159.6048583984375
2025-02-01,2025,2,February,2025-02,MIDDLE_EAST,UAE,VEST,Winter,23.762828826904297
2025-02-01,2025,2,February,2025-02,NORTH_AMERICA,UNITED_STATES,BOOTS,Winter,444.1806945800781
2025-02-01,2025,2,February,2025-02,NORTH_AMERICA,UNITED_STATES,CARDIGAN,Winter,92.91381072998047
2025-02-01,2025,2,February,2025-02,NORTH_AMERICA,UNITED_STATES,JACKET,Winter,6576.33349609375
2025-02-01,2025,2,February,2025-02,NORTH_AMERICA,UNITED_STATES,JEANS,Winter,374.9638366699219
2025-02-01,2025,2,February,2025-02,NORTH_AMERICA,UNITED_STATES,SANDALS,Winter,37.142616271972656
2025-02-01,2025,2,February,2025-02,NORTH_AMERICA,UNITED_STATES,SHIRT,Winter,3823.232421875
2025-02-01,2025,2,February,2025-02,NORTH_AMERICA,UNITED_STATES,SNEAKERS,Winter,2359.62939453125
2025-02-01,2025,2,February,2025-02,NORTH_AMERICA,UNITED_STATES,SWEATER,Winter,419.1684265136719
2025-02-01,2025,2,February,2025-02,NORTH_AMERICA,UNITED_STATES,TOP,Winter,572.6190185546875
2025-02-01,2025,2,February,2025-02,NORTH_AMERICA,UNITED_STATES,VEST,Winter,104.37245178222656
2025-02-01,2025,2,February,2025-02,SOUTHEAST_ASIA,VIETNAM,BOOTS,Winter,113.062744140625
2025-02-01,2025,2,February,2025-02,SOUTHEAST_ASIA,VIETNAM,CARDIGAN,Winter,20.011655807495117
2025-02-01,2025,2,February,2025-02,SOUTHEAST_ASIA,VIETNAM,JACKET,Winter,1523.7569580078125
2025-02-01,2025,2,February,2025-02,SOUTHEAST_ASIA,VIETNAM,JEANS,Winter,60.29789733886719
2025-02-01,2025,2,February,2025-02,SOUTHEAST_ASIA,VIETNAM,SANDALS,Winter,8.890498161315918
2025-02-01,2025,2,February,2025-02,SOUTHEAST_ASIA,VIETNAM,SHIRT,Winter,800.2633056640625
2025-02-01,2025,2,February,2025-02,SOUTHEAST_ASIA,VIETNAM,SNEAKERS,Winter,466.9496765136719
2025-02-01,2025,2,February,2025-02,SOUTHEAST_ASIA,VIETNAM,SWEATER,Winter,88.51512908935547
2025-02-01,2025,2,February,2025-02,SOUTHEAST_ASIA,VIETNAM,TOP,Winter,128.47215270996094
2025-02-01,2025,2,February,2025-02,SOUTHEAST_ASIA,VIETNAM,VEST,Winter,17.95111656188965
2025-03-01,2025,3,March,2025-03,OCEANIA,AUSTRALIA,BOOTS,Spring,133.83062744140625
2025-03-01,2025,3,March,2025-03,OCEANIA,AUSTRALIA,CARDIGAN,Spring,31.5439453125
2025-03-01,2025,3,March,2025-03,OCEANIA,AUSTRALIA,JACKET,Spring,1399.2308349609375
2025-03-01,2025,3,March,2025-03,OCEANIA,AUSTRALIA,JEANS,Spring,140.4073028564453
2025-03-01,2025,3,March,2025-03,OCEANIA,AUSTRALIA,SANDALS,Spring,18.582555770874023
2025-03-01,2025,3,March,2025-03,OCEANIA,AUSTRALIA,SHIRT,Spring,845.4210205078125
2025-03-01,2025,3,March,2025-03,OCEANIA,AUSTRALIA,SNEAKERS,Spring,506.16339111328125
2025-03-01,2025,3,March,2025-03,OCEANIA,AUSTRALIA,SWEATER,Spring,255.0037841796875
2025-03-01,2025,3,March,2025-03,OCEANIA,AUSTRALIA,TOP,Spring,204.9658966064453
2025-03-01,2025,3,March,2025-03,OCEANIA,AUSTRALIA,VEST,Spring,18.20111656188965
2025-03-01,2025,3,March,2025-03,LATIN_AMERICA,BRAZIL,BOOTS,Spring,223.3352813720703
2025-03-01,2025,3,March,2025-03,LATIN_AMERICA,BRAZIL,CARDIGAN,Spring,82.10354614257812
2025-03-01,2025,3,March,2025-03,LATIN_AMERICA,BRAZIL,JACKET,Spring,3002.84814453125
2025-03-01,2025,3,March,2025-03,LATIN_AMERICA,BRAZIL,JEANS,Spring,233.4727325439453
2025-03-01,2025,3,March,2025-03,LATIN_AMERICA,BRAZIL,SANDALS,Spring,31.729568481445312
2025-03-01,2025,3,March,2025-03,LATIN_AMERICA,BRAZIL,SHIRT,Spring,1604.570068359375
2025-03-01,2025,3,March,2025-03,LATIN_AMERICA,BRAZIL,SNEAKERS,Spring,941.323486328125
2025-03-01,2025,3,March,2025-03,LATIN_AMERICA,BRAZIL,SWEATER,Spring,484.2231750488281
2025-03-01,2025,3,March,2025-03,LATIN_AMERICA,BRAZIL,TOP,Spring,353.5318298339844
2025-03-01,2025,3,March,2025-03,LATIN_AMERICA,BRAZIL,VEST,Spring,33.213829040527344
2025-03-01,2025,3,March,2025-03,NORTH_AMERICA,CANADA,BOOTS,Spring,116.74769592285156
2025-03-01,2025,3,March,2025-03,NORTH_AMERICA,CANADA,CARDIGAN,Spring,16.07708168029785
2025-03-01,2025,3,March,2025-03,NORTH_AMERICA,CANADA,JACKET,Spring,1437.5787353515625
2025-03-01,2025,3,March,2025-03,NORTH_AMERICA,CANADA,JEANS,Spring,96.22100830078125
2025-03-01,2025,3,March,2025-03,NORTH_AMERICA,CANADA,SANDALS,Spring,21.21002960205078
2025-03-01,2025,3,March,2025-03,NORTH_AMERICA,CANADA,SHIRT,Spring,881.4612426757812
2025-03-01,2025,3,March,2025-03,NORTH_AMERICA,CANADA,SNEAKERS,Spring,461.7773742675781
2025-03-01,2025,3,March,2025-03,NORTH_AMERICA,CANADA,SWEATER,Spring,77.10626983642578
2025-03-01,2025,3,March,2025-03,NORTH_AMERICA,CANADA,TOP,Spring,133.13690185546875
2025-03-01,2025,3,March,2025-03,NORTH_AMERICA,CANADA,VEST,Spring,16.99747657775879
2025-03-01,2025,3,March,2025-03,EAST_ASIA,CHINA,BOOTS,Spring,302.3346252441406
2025-03-01,2025,3,March,2025-03,EAST_ASIA,CHINA,CARDIGAN,Spring,49.765838623046875
2025-03-01,2025,3,March,2025-03,EAST_ASIA,CHINA,JACKET,Spring,3884.55224609375
2025-03-01,2025,3,March,2025-03,EAST_ASIA,CHINA,JEANS,Spring,206.0395965576172
2025-03-01,2025,3,March,2025-03,EAST_ASIA,CHINA,SANDALS,Spring,55.66596221923828
2025-03-01,2025,3,March,2025-03,EAST_ASIA,CHINA,SHIRT,Spring,2536.242919921875
2025-03-01,2025,3,March,2025-03,EAST_ASIA,CHINA,SNEAKERS,Spring,1474.356201171875
2025-03-01,2025,3,March,2025-03,EAST_ASIA,CHINA,SWEATER,Spring,237.802978515625
2025-03-01,2025,3,March,2025-03,EAST_ASIA,CHINA,TOP,Spring,407.09710693359375
2025-03-01,2025,3,March,2025-03,EAST_ASIA,CHINA,VEST,Spring,41.65024948120117
2025-03-01,2025,3,March,2025-03,WESTERN_EUROPE,FRANCE,BOOTS,Spring,338.9183044433594
2025-03-01,2025,3,March,2025-03,WESTERN_EUROPE,FRANCE,CARDIGAN,Spring,50.2996826171875
2025-03-01,2025,3,March,2025-03,WESTERN_EUROPE,FRANCE,JACKET,Spring,4452.55029296875
2025-03-01,2025,3,March,2025-03,WESTERN_EUROPE,FRANCE,JEANS,Spring,274.45123291015625
2025-03-01,2025,3,March,2025-03,WESTERN_EUROPE,FRANCE,SANDALS,Spring,59.394195556640625
2025-03-01,2025,3,March,2025-03,WESTERN_EUROPE,FRANCE,SHIRT,Spring,2600.338623046875
2025-03-01,2025,3,March,2025-03,WESTERN_EUROPE,FRANCE,SNEAKERS,Spring,1589.4371337890625
2025-03-01,2025,3,March,2025-03,WESTERN_EUROPE,FRANCE,SWEATER,Spring,263.1720275878906
2025-03-01,2025,3,March,2025-03,WESTERN_EUROPE,FRANCE,TOP,Spring,404.4924011230469
2025-03-01,2025,3,March,2025-03,WESTERN_EUROPE,FRANCE,VEST,Spring,43.45847702026367
2025-03-01,2025,3,March,2025-03,WESTERN_EUROPE,GERMANY,BOOTS,Spring,390.702392578125
2025-03-01,2025,3,March,2025-03,WESTERN_EUROPE,GERMANY,CARDIGAN,Spring,60.12064743041992
2025-03-01,2025,3,March,2025-03,WESTERN_EUROPE,GERMANY,JACKET,Spring,5091.3310546875
2025-03-01,2025,3,March,2025-03,WESTERN_EUROPE,GERMANY,JEANS,Spring,274.5793151855469
2025-03-01,2025,3,March,2025-03,WESTERN_EUROPE,GERMANY,SANDALS,Spring,91.45516967773438
2025-03-01,2025,3,March,2025-03,WESTERN_EUROPE,GERMANY,SHIRT,Spring,3196.98828125
2025-03-01,2025,3,March,2025-03,WESTERN_EUROPE,GERMANY,SNEAKERS,Spring,2048.720458984375
2025-03-01,2025,3,March,2025-03,WESTERN_EUROPE,GERMANY,SWEATER,Spring,293.0102844238281
2025-03-01,2025,3,March,2025-03,WESTERN_EUROPE,GERMANY,TOP,Spring,494.2373352050781
2025-03-01,2025,3,March,2025-03,WESTERN_EUROPE,GERMANY,VEST,Spring,65.22291564941406
2025-03-01,2025,3,March,2025-03,SOUTH_ASIA,INDIA,BOOTS,Spring,232.80564880371094
2025-03-01,2025,3,March,2025-03,SOUTH_ASIA,INDIA,CARDIGAN,Spring,35.594940185546875
2025-03-01,2025,3,March,2025-03,SOUTH_ASIA,INDIA,JACKET,Spring,3558.66796875
2025-03-01,2025,3,March,2025-03,SOUTH_ASIA,INDIA,JEANS,Spring,141.5773468017578
2025-03-01,2025,3,March,2025-03,SOUTH_ASIA,INDIA,SANDALS,Spring,49.80118179321289
2025-03-01,2025,3,March,2025-03,SOUTH_ASIA,INDIA,SHIRT,Spring,1656.0174560546875
2025-03-01,2025,3,March,2025-03,SOUTH_ASIA,INDIA,SNEAKERS,Spring,950.6426391601562
2025-03-01,2025,3,March,2025-03,SOUTH_ASIA,INDIA,SWEATER,Spring,180.21714782714844
2025-03-01,2025,3,March,2025-03,SOUTH_ASIA,INDIA,TOP,Spring,292.3197937011719
2025-03-01,2025,3,March,2025-03,SOUTH_ASIA,INDIA,VEST,Spring,28.483928680419922
2025-03-01,2025,3,March,2025-03,SOUTHEAST_ASIA,INDONESIA,BOOTS,Spring,162.73377990722656
2025-03-01,2025,3,March,2025-03,SOUTHEAST_ASIA,INDONESIA,CARDIGAN,Spring,21.636276245117188
2025-03-01,2025,3,March,2025-03,SOUTHEAST_ASIA,INDONESIA,JACKET,Spring,2242.73046875
2025-03-01,2025,3,March,2025-03,SOUTHEAST_ASIA,INDONESIA,JEANS,Spring,121.83465576171875
2025-03-01,2025,3,March,2025-03,SOUTHEAST_ASIA,INDONESIA,SANDALS,Spring,28.458127975463867
2025-03-01,2025,3,March,2025-03,SOUTHEAST_ASIA,INDONESIA,SHIRT,Spring,1386.0391845703125
2025-03-01,2025,3,March,2025-03,SOUTHEAST_ASIA,INDONESIA,SNEAKERS,Spring,756.6328735351562
2025-03-01,2025,3,March,2025-03,SOUTHEAST_ASIA,INDONESIA,SWEATER,Spring,118.95137786865234
2025-03-01,2025,3,March,2025-03,SOUTHEAST_ASIA,INDONESIA,TOP,Spring,205.98046875
2025-03-01,2025,3,March,2025-03,SOUTHEAST_ASIA,INDONESIA,VEST,Spring,18.219030380249023
2025-03-01,2025,3,March,2025-03,EAST_ASIA,JAPAN,BOOTS,Spring,161.16525268554688
2025-03-01,2025,3,March,2025-03,EAST_ASIA,JAPAN,CARDIGAN,Spring,21.241378784179688
2025-03-01,2025,3,March,2025-03,EAST_ASIA,JAPAN,JACKET,Spring,2195.609130859375
2025-03-01,2025,3,March,2025-03,EAST_ASIA,JAPAN,JEANS,Spring,119.76207733154297
2025-03-01,2025,3,March,2025-03,EAST_ASIA,JAPAN,SANDALS,Spring,26.622638702392578
2025-03-01,2025,3,March,2025-03,EAST_ASIA,JAPAN,SHIRT,Spring,1325.6212158203125
2025-03-01,2025,3,March,2025-03,EAST_ASIA,JAPAN,SNEAKERS,Spring,807.27001953125
2025-03-01,2025,3,March,2025-03,EAST_ASIA,JAPAN,SWEATER,Spring,118.89442443847656
2025-03-01,2025,3,March,2025-03,EAST_ASIA,JAPAN,TOP,Spring,198.05648803710938
2025-03-01,2025,3,March,2025-03,EAST_ASIA,JAPAN,VEST,Spring,17.0872859954834
2025-03-01,2025,3,March,2025-03,LATIN_AMERICA,MEXICO,BOOTS,Spring,149.6781768798828
2025-03-01,2025,3,March,2025-03,LATIN_AMERICA,MEXICO,CARDIGAN,Spring,18.941482543945312
2025-03-01,2025,3,March,2025-03,LATIN_AMERICA,MEXICO,JACKET,Spring,1903.25927734375
2025-03-01,2025,3,March,2025-03,LATIN_AMERICA,MEXICO,JEANS,Spring,106.66029357910156
2025-03-01,2025,3,March,2025-03,LATIN_AMERICA,MEXICO,SANDALS,Spring,25.69521713256836
2025-03-01,2025,3,March,2025-03,LATIN_AMERICA,MEXICO,SHIRT,Spring,1072.9910888671875
2025-03-01,2025,3,March,2025-03,LATIN_AMERICA,MEXICO,SNEAKERS,Spring,597.9224243164062
2025-03-01,2025,3,March,2025-03,LATIN_AMERICA,MEXICO,SWEATER,Spring,101.86785888671875
2025-03-01,2025,3,March,2025-03,LATIN_AMERICA,MEXICO,TOP,Spring,192.3950958251953
2025-03-01,2025,3,March,2025-03,LATIN_AMERICA,MEXICO,VEST,Spring,19.663246154785156
2025-03-01,2025,3,March,2025-03,OCEANIA,NEW_ZEALAND,BOOTS,Spring,36.88692855834961
2025-03-01,2025,3,March,2025-03,OCEANIA,NEW_ZEALAND,CARDIGAN,Spring,10.316670417785645
2025-03-01,2025,3,March,2025-03,OCEANIA,NEW_ZEALAND,JACKET,Spring,484.0364990234375
2025-03-01,2025,3,March,2025-03,OCEANIA,NEW_ZEALAND,JEANS,Spring,40.027015686035156
2025-03-01,2025,3,March,2025-03,OCEANIA,NEW_ZEALAND,SANDALS,Spring,6.864889144897461
2025-03-01,2025,3,March,2025-03,OCEANIA,NEW_ZEALAND,SHIRT,Spring,265.6839599609375
2025-03-01,2025,3,March,2025-03,OCEANIA,NEW_ZEALAND,SNEAKERS,Spring,163.55404663085938
2025-03-01,2025,3,March,2025-03,OCEANIA,NEW_ZEALAND,SWEATER,Spring,85.8573226928711
2025-03-01,2025,3,March,2025-03,OCEANIA,NEW_ZEALAND,TOP,Spring,66.18377685546875
2025-03-01,2025,3,March,2025-03,OCEANIA,NEW_ZEALAND,VEST,Spring,8.781424522399902
2025-03-01,2025,3,March,2025-03,SOUTH_ASIA,PAKISTAN,BOOTS,Spring,73.04515075683594
2025-03-01,2025,3,March,2025-03,SOUTH_ASIA,PAKISTAN,CARDIGAN,Spring,10.1278715133667
2025-03-01,2025,3,March,2025-03,SOUTH_ASIA,PAKISTAN,JACKET,Spring,966.8311767578125
2025-03-01,2025,3,March,2025-03,SOUTH_ASIA,PAKISTAN,JEANS,Spring,45.82605743408203
2025-03-01,2025,3,March,2025-03,SOUTH_ASIA,PAKISTAN,SANDALS,Spring,14.947463035583496
2025-03-01,2025,3,March,2025-03,SOUTH_ASIA,PAKISTAN,SHIRT,Spring,604.741943359375
2025-03-01,2025,3,March,2025-03,SOUTH_ASIA,PAKISTAN,SNEAKERS,Spring,315.8387145996094
2025-03-01,2025,3,March,2025-03,SOUTH_ASIA,PAKISTAN,SWEATER,Spring,48.675960540771484
2025-03-01,2025,3,March,2025-03,SOUTH_ASIA,PAKISTAN,TOP,Spring,94.05632019042969
2025-03-01,2025,3,March,2025-03,SOUTH_ASIA,PAKISTAN,VEST,Spring,10.570648193359375
2025-03-01,2025,3,March,2025-03,EASTERN_EUROPE,POLAND,BOOTS,Spring,131.64491271972656
2025-03-01,2025,3,March,2025-03,EASTERN_EUROPE,POLAND,CARDIGAN,Spring,18.19583511352539
2025-03-01,2025,3,March,2025-03,EASTERN_EUROPE,POLAND,JACKET,Spring,1489.8663330078125
2025-03-01,2025,3,March,2025-03,EASTERN_EUROPE,POLAND,JEANS,Spring,89.16387939453125
2025-03-01,2025,3,March,2025-03,EASTERN_EUROPE,POLAND,SANDALS,Spring,22.20302391052246
2025-03-01,2025,3,March,2025-03,EASTERN_EUROPE,POLAND,SHIRT,Spring,923.6787109375
2025-03-01,2025,3,March,2025-03,EASTERN_EUROPE,POLAND,SNEAKERS,Spring,553.2014770507812
2025-03-01,2025,3,March,2025-03,EASTERN_EUROPE,POLAND,SWEATER,Spring,106.28557586669922
2025-03-01,2025,3,March,2025-03,EASTERN_EUROPE,POLAND,TOP,Spring,166.9855499267578
2025-03-01,2025,3,March,2025-03,EASTERN_EUROPE,POLAND,VEST,Spring,16.87837028503418
2025-03-01,2025,3,March,2025-03,EASTERN_EUROPE,RUSSIA,BOOTS,Spring,81.11961364746094
2025-03-01,2025,3,March,2025-03,EASTERN_EUROPE,RUSSIA,CARDIGAN,Spring,11.110252380371094
2025-03-01,2025,3,March,2025-03,EASTERN_EUROPE,RUSSIA,JACKET,Spring,1012.6015014648438
2025-03-01,2025,3,March,2025-03,EASTERN_EUROPE,RUSSIA,JEANS,Spring,51.29430389404297
2025-03-01,2025,3,March,2025-03,EASTERN_EUROPE,RUSSIA,SANDALS,Spring,15.91741943359375
2025-03-01,2025,3,March,2025-03,EASTERN_EUROPE,RUSSIA,SHIRT,Spring,613.2758178710938
2025-03-01,2025,3,March,2025-03,EASTERN_EUROPE,RUSSIA,SNEAKERS,Spring,342.5684814453125
2025-03-01,2025,3,March,2025-03,EASTERN_EUROPE,RUSSIA,SWEATER,Spring,63.199195861816406
2025-03-01,2025,3,March,2025-03,EASTERN_EUROPE,RUSSIA,TOP,Spring,110.453857421875
2025-03-01,2025,3,March,2025-03,EASTERN_EUROPE,RUSSIA,VEST,Spring,13.93466567993164
2025-03-01,2025,3,March,2025-03,MIDDLE_EAST,SAUDI_ARABIA,BOOTS,Spring,157.63485717773438
2025-03-01,2025,3,March,2025-03,MIDDLE_EAST,SAUDI_ARABIA,CARDIGAN,Spring,23.459999084472656
2025-03-01,2025,3,March,2025-03,MIDDLE_EAST,SAUDI_ARABIA,JACKET,Spring,2118.053466796875
2025-03-01,2025,3,March,2025-03,MIDDLE_EAST,SAUDI_ARABIA,JEANS,Spring,130.72900390625
2025-03-01,2025,3,March,2025-03,MIDDLE_EAST,SAUDI_ARABIA,SANDALS,Spring,35.36181640625
2025-03-01,2025,3,March,2025-03,MIDDLE_EAST,SAUDI_ARABIA,SHIRT,Spring,1289.2274169921875
2025-03-01,2025,3,March,2025-03,MIDDLE_EAST,SAUDI_ARABIA,SNEAKERS,Spring,764.5083618164062
2025-03-01,2025,3,March,2025-03,MIDDLE_EAST,SAUDI_ARABIA,SWEATER,Spring,117.97869873046875
2025-03-01,2025,3,March,2025-03,MIDDLE_EAST,SAUDI_ARABIA,TOP,Spring,227.2191619873047
2025-03-01,2025,3,March,2025-03,MIDDLE_EAST,SAUDI_ARABIA,VEST,Spring,18.149560928344727
2025-03-01,2025,3,March,2025-03,MIDDLE_EAST,UAE,BOOTS,Spring,151.9041748046875
2025-03-01,2025,3,March,2025-03,MIDDLE_EAST,UAE,CARDIGAN,Spring,18.523448944091797
2025-03-01,2025,3,March,2025-03,MIDDLE_EAST,UAE,JACKET,Spring,1781.540771484375
2025-03-01,2025,3,March,2025-03,MIDDLE_EAST,UAE,JEANS,Spring,118.32835388183594
2025-03-01,2025,3,March,2025-03,MIDDLE_EAST,UAE,SANDALS,Spring,26.964996337890625
2025-03-01,2025,3,March,2025-03,MIDDLE_EAST,UAE,SHIRT,Spring,1047.9715576171875
2025-03-01,2025,3,March,2025-03,MIDDLE_EAST,UAE,SNEAKERS,Spring,586.81396484375
2025-03-01,2025,3,March,2025-03,MIDDLE_EAST,UAE,SWEATER,Spring,99.96272277832031
2025-03-01,2025,3,March,2025-03,MIDDLE_EAST,UAE,TOP,Spring,174.7846221923828
2025-03-01,2025,3,March,2025-03,MIDDLE_EAST,UAE,VEST,Spring,19.213579177856445
2025-03-01,2025,3,March,2025-03,NORTH_AMERICA,UNITED_STATES,BOOTS,Spring,471.1868896484375
2025-03-01,2025,3,March,2025-03,NORTH_AMERICA,UNITED_STATES,CARDIGAN,Spring,68.24879455566406
2025-03-01,2025,3,March,2025-03,NORTH_AMERICA,UNITED_STATES,JACKET,Spring,5973.70849609375
2025-03-01,2025,3,March,2025-03,NORTH_AMERICA,UNITED_STATES,JEANS,Spring,379.3027038574219
2025-03-01,2025,3,March,2025-03,NORTH_AMERICA,UNITED_STATES,SANDALS,Spring,91.74098205566406
2025-03-01,2025,3,March,2025-03,NORTH_AMERICA,UNITED_STATES,SHIRT,Spring,4121.20458984375
2025-03-01,2025,3,March,2025-03,NORTH_AMERICA,UNITED_STATES,SNEAKERS,Spring,2512.078369140625
2025-03-01,2025,3,March,2025-03,NORTH_AMERICA,UNITED_STATES,SWEATER,Spring,369.03851318359375
2025-03-01,2025,3,March,2025-03,NORTH_AMERICA,UNITED_STATES,TOP,Spring,571.7061767578125
2025-03-01,2025,3,March,2025-03,NORTH_AMERICA,UNITED_STATES,VEST,Spring,97.49505615234375
2025-03-01,2025,3,March,2025-03,SOUTHEAST_ASIA,VIETNAM,BOOTS,Spring,127.033447265625
2025-03-01,2025,3,March,2025-03,SOUTHEAST_ASIA,VIETNAM,CARDIGAN,Spring,15.308902740478516
2025-03-01,2025,3,March,2025-03,SOUTHEAST_ASIA,VIETNAM,JACKET,Spring,1421.716064453125
2025-03-01,2025,3,March,2025-03,SOUTHEAST_ASIA,VIETNAM,JEANS,Spring,62.68905258178711
2025-03-01,2025,3,March,2025-03,SOUTHEAST_ASIA,VIETNAM,SANDALS,Spring,19.627254486083984
2025-03-01,2025,3,March,2025-03,SOUTHEAST_ASIA,VIETNAM,SHIRT,Spring,895.6396484375
2025-03-01,2025,3,March,2025-03,SOUTHEAST_ASIA,VIETNAM,SNEAKERS,Spring,506.14935302734375
2025-03-01,2025,3,March,2025-03,SOUTHEAST_ASIA,VIETNAM,SWEATER,Spring,78.04863739013672
2025-03-01,2025,3,March,2025-03,SOUTHEAST_ASIA,VIETNAM,TOP,Spring,145.13877868652344
2025-03-01,2025,3,March,2025-03,SOUTHEAST_ASIA,VIETNAM,VEST,Spring,16.07954978942871
2025-04-01,2025,4,April,2025-04,OCEANIA,AUSTRALIA,BOOTS,Spring,133.27915954589844
2025-04-01,2025,4,April,2025-04,OCEANIA,AUSTRALIA,CARDIGAN,Spring,38.760520935058594
2025-04-01,2025,4,April,2025-04,OCEANIA,AUSTRALIA,JACKET,Spring,1291.5113525390625
2025-04-01,2025,4,April,2025-04,OCEANIA,AUSTRALIA,JEANS,Spring,127.13917541503906
2025-04-01,2025,4,April,2025-04,OCEANIA,AUSTRALIA,SANDALS,Spring,33.53850173950195
2025-04-01,2025,4,April,2025-04,OCEANIA,AUSTRALIA,SHIRT,Spring,729.2609252929688
2025-04-01,2025,4,April,2025-04,OCEANIA,AUSTRALIA,SNEAKERS,Spring,528.9569091796875
2025-04-01,2025,4,April,2025-04,OCEANIA,AUSTRALIA,SWEATER,Spring,305.5733947753906
2025-04-01,2025,4,April,2025-04,OCEANIA,AUSTRALIA,TOP,Spring,211.77894592285156
2025-04-01,2025,4,April,2025-04,OCEANIA,AUSTRALIA,VEST,Spring,18.39214515686035
2025-04-01,2025,4,April,2025-04,LATIN_AMERICA,BRAZIL,BOOTS,Spring,255.56997680664062
2025-04-01,2025,4,April,2025-04,LATIN_AMERICA,BRAZIL,CARDIGAN,Spring,97.73572540283203
2025-04-01,2025,4,April,2025-04,LATIN_AMERICA,BRAZIL,JACKET,Spring,2738.605712890625
2025-04-01,2025,4,April,2025-04,LATIN_AMERICA,BRAZIL,JEANS,Spring,197.05166625976562
2025-04-01,2025,4,April,2025-04,LATIN_AMERICA,BRAZIL,SANDALS,Spring,65.89795684814453
2025-04-01,2025,4,April,2025-04,LATIN_AMERICA,BRAZIL,SHIRT,Spring,1489.709228515625
2025-04-01,2025,4,April,2025-04,LATIN_AMERICA,BRAZIL,SNEAKERS,Spring,1062.87548828125
2025-04-01,2025,4,April,2025-04,LATIN_AMERICA,BRAZIL,SWEATER,Spring,591.9552612304688
2025-04-01,2025,4,April,2025-04,LATIN_AMERICA,BRAZIL,TOP,Spring,339.67510986328125
2025-04-01,2025,4,April,2025-04,LATIN_AMERICA,BRAZIL,VEST,Spring,35.315101623535156
2025-04-01,2025,4,April,2025-04,NORTH_AMERICA,CANADA,BOOTS,Spring,63.820587158203125
2025-04-01,2025,4,April,2025-04,NORTH_AMERICA,CANADA,CARDIGAN,Spring,16.49016571044922
2025-04-01,2025,4,April,2025-04,NORTH_AMERICA,CANADA,JACKET,Spring,669.2596435546875
2025-04-01,2025,4,April,2025-04,NORTH_AMERICA,CANADA,JEANS,Spring,52.190792083740234
2025-04-01,2025,4,April,2025-04,NORTH_AMERICA,CANADA,SANDALS,Spring,278.3752746582031
2025-04-01,2025,4,April,2025-04,NORTH_AMERICA,CANADA,SHIRT,Spring,894.4288330078125
2025-04-01,2025,4,April,2025-04,NORTH_AMERICA,CANADA,SNEAKERS,Spring,477.6401062011719
2025-04-01,2025,4,April,2025-04,NORTH_AMERICA,CANADA,SWEATER,Spring,97.55693054199219
2025-04-01,2025,4,April,2025-04,NORTH_AMERICA,CANADA,TOP,Spring,143.0618896484375
2025-04-01,2025,4,April,2025-04,NORTH_AMERICA,CANADA,VEST,Spring,11.417684555053711
2025-04-01,2025,4,April,2025-04,EAST_ASIA,CHINA,BOOTS,Spring,179.2669677734375
2025-04-01,2025,4,April,2025-04,EAST_ASIA,CHINA,CARDIGAN,Spring,49.74307632446289
2025-04-01,2025,4,April,2025-04,EAST_ASIA,CHINA,JACKET,Spring,2097.958740234375
2025-04-01,2025,4,April,2025-04,EAST_ASIA,CHINA,JEANS,Spring,147.16842651367188
2025-04-01,2025,4,April,2025-04,EAST_ASIA,CHINA,SANDALS,Spring,964.8409423828125
2025-04-01,2025,4,April,2025-04,EAST_ASIA,CHINA,SHIRT,Spring,2618.30078125
2025-04-01,2025,4,April,2025-04,EAST_ASIA,CHINA,SNEAKERS,Spring,1453.8868408203125
2025-04-01,2025,4,April,2025-04,EAST_ASIA,CHINA,SWEATER,Spring,277.07464599609375
2025-04-01,2025,4,April,2025-04,EAST_ASIA,CHINA,TOP,Spring,420.58770751953125
2025-04-01,2025,4,April,2025-04,EAST_ASIA,CHINA,VEST,Spring,33.39876174926758
2025-04-01,2025,4,April,2025-04,WESTERN_EUROPE,FRANCE,BOOTS,Spring,215.644287109375
2025-04-01,2025,4,April,2025-04,WESTERN_EUROPE,FRANCE,CARDIGAN,Spring,48.88966751098633
2025-04-01,2025,4,April,2025-04,WESTERN_EUROPE,FRANCE,JACKET,Spring,2188.99951171875
2025-04-01,2025,4,April,2025-04,WESTERN_EUROPE,FRANCE,JEANS,Spring,168.1265411376953
2025-04-01,2025,4,April,2025-04,WESTERN_EUROPE,FRANCE,SANDALS,Spring,961.7951049804688
2025-04-01,2025,4,April,2025-04,WESTERN_EUROPE,FRANCE,SHIRT,Spring,2987.726318359375
2025-04-01,2025,4,April,2025-04,WESTERN_EUROPE,FRANCE,SNEAKERS,Spring,1556.0804443359375
2025-04-01,2025,4,April,2025-04,WESTERN_EUROPE,FRANCE,SWEATER,Spring,319.01861572265625
2025-04-01,2025,4,April,2025-04,WESTERN_EUROPE,FRANCE,TOP,Spring,419.7091064453125
2025-04-01,2025,4,April,2025-04,WESTERN_EUROPE,FRANCE,VEST,Spring,34.40222930908203
2025-04-01,2025,4,April,2025-04,WESTERN_EUROPE,GERMANY,BOOTS,Spring,247.98321533203125
2025-04-01,2025,4,April,2025-04,WESTERN_EUROPE,GERMANY,CARDIGAN,Spring,61.969566345214844
2025-04-01,2025,4,April,2025-04,WESTERN_EUROPE,GERMANY,JACKET,Spring,2613.838134765625
2025-04-01,2025,4,April,2025-04,WESTERN_EUROPE,GERMANY,JEANS,Spring,189.01141357421875
2025-04-01,2025,4,April,2025-04,WESTERN_EUROPE,GERMANY,SANDALS,Spring,1146.1510009765625
2025-04-01,2025,4,April,2025-04,WESTERN_EUROPE,GERMANY,SHIRT,Spring,3469.02294921875
2025-04-01,2025,4,April,2025-04,WESTERN_EUROPE,GERMANY,SNEAKERS,Spring,1948.1805419921875
2025-04-01,2025,4,April,2025-04,WESTERN_EUROPE,GERMANY,SWEATER,Spring,366.0594177246094
2025-04-01,2025,4,April,2025-04,WESTERN_EUROPE,GERMANY,TOP,Spring,499.1488342285156
2025-04-01,2025,4,April,2025-04,WESTERN_EUROPE,GERMANY,VEST,Spring,45.21905517578125
2025-04-01,2025,4,April,2025-04,SOUTH_ASIA,INDIA,BOOTS,Spring,132.36119079589844
2025-04-01,2025,4,April,2025-04,SOUTH_ASIA,INDIA,CARDIGAN,Spring,33.641910552978516
2025-04-01,2025,4,April,2025-04,SOUTH_ASIA,INDIA,JACKET,Spring,1906.538330078125
2025-04-01,2025,4,April,2025-04,SOUTH_ASIA,INDIA,JEANS,Spring,92.58301544189453
2025-04-01,2025,4,April,2025-04,SOUTH_ASIA,INDIA,SANDALS,Spring,720.564208984375
2025-04-01,2025,4,April,2025-04,SOUTH_ASIA,INDIA,SHIRT,Spring,1778.6370849609375
2025-04-01,2025,4,April,2025-04,SOUTH_ASIA,INDIA,SNEAKERS,Spring,958.6732788085938
2025-04-01,2025,4,April,2025-04,SOUTH_ASIA,INDIA,SWEATER,Spring,226.67417907714844
2025-04-01,2025,4,April,2025-04,SOUTH_ASIA,INDIA,TOP,Spring,288.3244323730469
2025-04-01,2025,4,April,2025-04,SOUTH_ASIA,INDIA,VEST,Spring,23.381967544555664
2025-04-01,2025,4,April,2025-04,SOUTHEAST_ASIA,INDONESIA,BOOTS,Spring,92.37267303466797
2025-04-01,2025,4,April,2025-04,SOUTHEAST_ASIA,INDONESIA,CARDIGAN,Spring,21.446523666381836
2025-04-01,2025,4,April,2025-04,SOUTHEAST_ASIA,INDONESIA,JACKET,Spring,1149.7861328125
2025-04-01,2025,4,April,2025-04,SOUTHEAST_ASIA,INDONESIA,JEANS,Spring,79.49871826171875
2025-04-01,2025,4,April,2025-04,SOUTHEAST_ASIA,INDONESIA,SANDALS,Spring,446.98626708984375
2025-04-01,2025,4,April,2025-04,SOUTHEAST_ASIA,INDONESIA,SHIRT,Spring,1517.4012451171875
2025-04-01,2025,4,April,2025-04,SOUTHEAST_ASIA,INDONESIA,SNEAKERS,Spring,768.7609252929688
2025-04-01,2025,4,April,2025-04,SOUTHEAST_ASIA,INDONESIA,SWEATER,Spring,145.44403076171875
2025-04-01,2025,4,April,2025-04,SOUTHEAST_ASIA,INDONESIA,TOP,Spring,211.48348999023438
2025-04-01,2025,4,April,2025-04,SOUTHEAST_ASIA,INDONESIA,VEST,Spring,15.000968933105469
2025-04-01,2025,4,April,2025-04,EAST_ASIA,JAPAN,BOOTS,Spring,109.94768524169922
2025-04-01,2025,4,April,2025-04,EAST_ASIA,JAPAN,CARDIGAN,Spring,21.009366989135742
2025-04-01,2025,4,April,2025-04,EAST_ASIA,JAPAN,JACKET,Spring,1136.1942138671875
2025-04-01,2025,4,April,2025-04,EAST_ASIA,JAPAN,JEANS,Spring,75.05792999267578
2025-04-01,2025,4,April,2025-04,EAST_ASIA,JAPAN,SANDALS,Spring,440.3212890625
2025-04-01,2025,4,April,2025-04,EAST_ASIA,JAPAN,SHIRT,Spring,1531.469482421875
2025-04-01,2025,4,April,2025-04,EAST_ASIA,JAPAN,SNEAKERS,Spring,704.2913208007812
2025-04-01,2025,4,April,2025-04,EAST_ASIA,JAPAN,SWEATER,Spring,143.3981170654297
2025-04-01,2025,4,April,2025-04,EAST_ASIA,JAPAN,TOP,Spring,204.6635284423828
2025-04-01,2025,4,April,2025-04,EAST_ASIA,JAPAN,VEST,Spring,14.411170959472656
2025-04-01,2025,4,April,2025-04,LATIN_AMERICA,MEXICO,BOOTS,Spring,92.8306884765625
2025-04-01,2025,4,April,2025-04,LATIN_AMERICA,MEXICO,CARDIGAN,Spring,17.914827346801758
2025-04-01,2025,4,April,2025-04,LATIN_AMERICA,MEXICO,JACKET,Spring,1016.2047729492188
2025-04-01,2025,4,April,2025-04,LATIN_AMERICA,MEXICO,JEANS,Spring,59.7503547668457
2025-04-01,2025,4,April,2025-04,LATIN_AMERICA,MEXICO,SANDALS,Spring,344.4624328613281
2025-04-01,2025,4,April,2025-04,LATIN_AMERICA,MEXICO,SHIRT,Spring,1223.4437255859375
2025-04-01,2025,4,April,2025-04,LATIN_AMERICA,MEXICO,SNEAKERS,Spring,613.3241577148438
2025-04-01,2025,4,April,2025-04,LATIN_AMERICA,MEXICO,SWEATER,Spring,124.00680541992188
2025-04-01,2025,4,April,2025-04,LATIN_AMERICA,MEXICO,TOP,Spring,196.38925170898438
2025-04-01,2025,4,April,2025-04,LATIN_AMERICA,MEXICO,VEST,Spring,14.496525764465332
2025-04-01,2025,4,April,2025-04,OCEANIA,NEW_ZEALAND,BOOTS,Spring,36.02653121948242
2025-04-01,2025,4,April,2025-04,OCEANIA,NEW_ZEALAND,CARDIGAN,Spring,11.297463417053223
2025-04-01,2025,4,April,2025-04,OCEANIA,NEW_ZEALAND,JACKET,Spring,431.9267578125
2025-04-01,2025,4,April,2025-04,OCEANIA,NEW_ZEALAND,JEANS,Spring,33.95072937011719
2025-04-01,2025,4,April,2025-04,OCEANIA,NEW_ZEALAND,SANDALS,Spring,10.162479400634766
2025-04-01,2025,4,April,2025-04,OCEANIA,NEW_ZEALAND,SHIRT,Spring,248.8622589111328
2025-04-01,2025,4,April,2025-04,OCEANIA,NEW_ZEALAND,SNEAKERS,Spring,178.83975219726562
2025-04-01,2025,4,April,2025-04,OCEANIA,NEW_ZEALAND,SWEATER,Spring,105.66056823730469
2025-04-01,2025,4,April,2025-04,OCEANIA,NEW_ZEALAND,TOP,Spring,58.64887237548828
2025-04-01,2025,4,April,2025-04,OCEANIA,NEW_ZEALAND,VEST,Spring,6.9619646072387695
2025-04-01,2025,4,April,2025-04,SOUTH_ASIA,PAKISTAN,BOOTS,Spring,38.94805908203125
2025-04-01,2025,4,April,2025-04,SOUTH_ASIA,PAKISTAN,CARDIGAN,Spring,10.040529251098633
2025-04-01,2025,4,April,2025-04,SOUTH_ASIA,PAKISTAN,JACKET,Spring,497.6039123535156
2025-04-01,2025,4,April,2025-04,SOUTH_ASIA,PAKISTAN,JEANS,Spring,29.539608001708984
2025-04-01,2025,4,April,2025-04,SOUTH_ASIA,PAKISTAN,SANDALS,Spring,244.5554656982422
2025-04-01,2025,4,April,2025-04,SOUTH_ASIA,PAKISTAN,SHIRT,Spring,693.568359375
2025-04-01,2025,4,April,2025-04,SOUTH_ASIA,PAKISTAN,SNEAKERS,Spring,336.4125061035156
2025-04-01,2025,4,April,2025-04,SOUTH_ASIA,PAKISTAN,SWEATER,Spring,55.63897705078125
2025-04-01,2025,4,April,2025-04,SOUTH_ASIA,PAKISTAN,TOP,Spring,96.30773162841797
2025-04-01,2025,4,April,2025-04,SOUTH_ASIA,PAKISTAN,VEST,Spring,8.340439796447754
2025-04-01,2025,4,April,2025-04,EASTERN_EUROPE,POLAND,BOOTS,Spring,79.71115112304688
2025-04-01,2025,4,April,2025-04,EASTERN_EUROPE,POLAND,CARDIGAN,Spring,17.742877960205078
2025-04-01,2025,4,April,2025-04,EASTERN_EUROPE,POLAND,JACKET,Spring,789.4068603515625
2025-04-01,2025,4,April,2025-04,EASTERN_EUROPE,POLAND,JEANS,Spring,48.98960876464844
2025-04-01,2025,4,April,2025-04,EASTERN_EUROPE,POLAND,SANDALS,Spring,316.0374450683594
2025-04-01,2025,4,April,2025-04,EASTERN_EUROPE,POLAND,SHIRT,Spring,1050.172607421875
2025-04-01,2025,4,April,2025-04,EASTERN_EUROPE,POLAND,SNEAKERS,Spring,521.4432373046875
2025-04-01,2025,4,April,2025-04,EASTERN_EUROPE,POLAND,SWEATER,Spring,139.72946166992188
2025-04-01,2025,4,April,2025-04,EASTERN_EUROPE,POLAND,TOP,Spring,180.8771514892578
2025-04-01,2025,4,April,2025-04,EASTERN_EUROPE,POLAND,VEST,Spring,11.824850082397461
2025-04-01,2025,4,April,2025-04,EASTERN_EUROPE,RUSSIA,BOOTS,Spring,43.66187286376953
2025-04-01,2025,4,April,2025-04,EASTERN_EUROPE,RUSSIA,CARDIGAN,Spring,10.868517875671387
2025-04-01,2025,4,April,2025-04,EASTERN_EUROPE,RUSSIA,JACKET,Spring,490.67095947265625
2025-04-01,2025,4,April,2025-04,EASTERN_EUROPE,RUSSIA,JEANS,Spring,36.080322265625
2025-04-01,2025,4,April,2025-04,EASTERN_EUROPE,RUSSIA,SANDALS,Spring,220.75035095214844
2025-04-01,2025,4,April,2025-04,EASTERN_EUROPE,RUSSIA,SHIRT,Spring,638.1040649414062
2025-04-01,2025,4,April,2025-04,EASTERN_EUROPE,RUSSIA,SNEAKERS,Spring,342.7956237792969
2025-04-01,2025,4,April,2025-04,EASTERN_EUROPE,RUSSIA,SWEATER,Spring,78.28441619873047
2025-04-01,2025,4,April,2025-04,EASTERN_EUROPE,RUSSIA,TOP,Spring,108.67021179199219
2025-04-01,2025,4,April,2025-04,EASTERN_EUROPE,RUSSIA,VEST,Spring,10.89394760131836
2025-04-01,2025,4,April,2025-04,MIDDLE_EAST,SAUDI_ARABIA,BOOTS,Spring,106.15162658691406
2025-04-01,2025,4,April,2025-04,MIDDLE_EAST,SAUDI_ARABIA,CARDIGAN,Spring,23.60301971435547
2025-04-01,2025,4,April,2025-04,MIDDLE_EAST,SAUDI_ARABIA,JACKET,Spring,1113.48388671875
2025-04-01,2025,4,April,2025-04,MIDDLE_EAST,SAUDI_ARABIA,JEANS,Spring,79.85626220703125
2025-04-01,2025,4,April,2025-04,MIDDLE_EAST,SAUDI_ARABIA,SANDALS,Spring,455.1650695800781
2025-04-01,2025,4,April,2025-04,MIDDLE_EAST,SAUDI_ARABIA,SHIRT,Spring,1458.35302734375
2025-04-01,2025,4,April,2025-04,MIDDLE_EAST,SAUDI_ARABIA,SNEAKERS,Spring,716.6812133789062
2025-04-01,2025,4,April,2025-04,MIDDLE_EAST,SAUDI_ARABIA,SWEATER,Spring,143.91815185546875
2025-04-01,2025,4,April,2025-04,MIDDLE_EAST,SAUDI_ARABIA,TOP,Spring,235.02500915527344
2025-04-01,2025,4,April,2025-04,MIDDLE_EAST,SAUDI_ARABIA,VEST,Spring,14.673463821411133
2025-04-01,2025,4,April,2025-04,MIDDLE_EAST,UAE,BOOTS,Spring,86.88410186767578
2025-04-01,2025,4,April,2025-04,MIDDLE_EAST,UAE,CARDIGAN,Spring,18.042451858520508
2025-04-01,2025,4,April,2025-04,MIDDLE_EAST,UAE,JACKET,Spring,997.1902465820312
2025-04-01,2025,4,April,2025-04,MIDDLE_EAST,UAE,JEANS,Spring,63.6268310546875
2025-04-01,2025,4,April,2025-04,MIDDLE_EAST,UAE,SANDALS,Spring,363.62188720703125
2025-04-01,2025,4,April,2025-04,MIDDLE_EAST,UAE,SHIRT,Spring,1138.300048828125
2025-04-01,2025,4,April,2025-04,MIDDLE_EAST,UAE,SNEAKERS,Spring,584.6568603515625
2025-04-01,2025,4,April,2025-04,MIDDLE_EAST,UAE,SWEATER,Spring,121.84941864013672
2025-04-01,2025,4,April,2025-04,MIDDLE_EAST,UAE,TOP,Spring,194.40521240234375
2025-04-01,2025,4,April,2025-04,MIDDLE_EAST,UAE,VEST,Spring,13.118900299072266
2025-04-01,2025,4,April,2025-04,NORTH_AMERICA,UNITED_STATES,BOOTS,Spring,318.1073913574219
2025-04-01,2025,4,April,2025-04,NORTH_AMERICA,UNITED_STATES,CARDIGAN,Spring,76.80432891845703
2025-04-01,2025,4,April,2025-04,NORTH_AMERICA,UNITED_STATES,JACKET,Spring,4138.1396484375
2025-04-01,2025,4,April,2025-04,NORTH_AMERICA,UNITED_STATES,JEANS,Spring,257.91455078125
2025-04-01,2025,4,April,2025-04,NORTH_AMERICA,UNITED_STATES,SANDALS,Spring,1434.26318359375
2025-04-01,2025,4,April,2025-04,NORTH_AMERICA,UNITED_STATES,SHIRT,Spring,4464.513671875
2025-04-01,2025,4,April,2025-04,NORTH_AMERICA,UNITED_STATES,SNEAKERS,Spring,2382.990966796875
2025-04-01,2025,4,April,2025-04,NORTH_AMERICA,UNITED_STATES,SWEATER,Spring,420.6592712402344
2025-04-01,2025,4,April,2025-04,NORTH_AMERICA,UNITED_STATES,TOP,Spring,607.2058715820312
2025-04-01,2025,4,April,2025-04,NORTH_AMERICA,UNITED_STATES,VEST,Spring,60.112369537353516
2025-04-01,2025,4,April,2025-04,SOUTHEAST_ASIA,VIETNAM,BOOTS,Spring,71.62618255615234
2025-04-01,2025,4,April,2025-04,SOUTHEAST_ASIA,VIETNAM,CARDIGAN,Spring,14.520551681518555
2025-04-01,2025,4,April,2025-04,SOUTHEAST_ASIA,VIETNAM,JACKET,Spring,698.4367065429688
2025-04-01,2025,4,April,2025-04,SOUTHEAST_ASIA,VIETNAM,JEANS,Spring,45.910179138183594
2025-04-01,2025,4,April,2025-04,SOUTHEAST_ASIA,VIETNAM,SANDALS,Spring,266.09033203125
2025-04-01,2025,4,April,2025-04,SOUTHEAST_ASIA,VIETNAM,SHIRT,Spring,892.4656372070312
2025-04-01,2025,4,April,2025-04,SOUTHEAST_ASIA,VIETNAM,SNEAKERS,Spring,474.0299072265625
2025-04-01,2025,4,April,2025-04,SOUTHEAST_ASIA,VIETNAM,SWEATER,Spring,102.33599090576172
2025-04-01,2025,4,April,2025-04,SOUTHEAST_ASIA,VIETNAM,TOP,Spring,154.5429229736328
2025-04-01,2025,4,April,2025-04,SOUTHEAST_ASIA,VIETNAM,VEST,Spring,11.329812049865723
2025-05-01,2025,5,May,2025-05,OCEANIA,AUSTRALIA,BOOTS,Spring,135.2790069580078
2025-05-01,2025,5,May,2025-05,OCEANIA,AUSTRALIA,CARDIGAN,Spring,49.221038818359375
2025-05-01,2025,5,May,2025-05,OCEANIA,AUSTRALIA,JACKET,Spring,1173.6517333984375
2025-05-01,2025,5,May,2025-05,OCEANIA,AUSTRALIA,JEANS,Spring,123.66554260253906
2025-05-01,2025,5,May,2025-05,OCEANIA,AUSTRALIA,SANDALS,Spring,38.51527404785156
2025-05-01,2025,5,May,2025-05,OCEANIA,AUSTRALIA,SHIRT,Spring,766.3323364257812
2025-05-01,2025,5,May,2025-05,OCEANIA,AUSTRALIA,SNEAKERS,Spring,493.2387390136719
2025-05-01,2025,5,May,2025-05,OCEANIA,AUSTRALIA,SWEATER,Spring,350.1966247558594
2025-05-01,2025,5,May,2025-05,OCEANIA,AUSTRALIA,TOP,Spring,213.03660583496094
2025-05-01,2025,5,May,2025-05,OCEANIA,AUSTRALIA,VEST,Spring,19.54373550415039
2025-05-01,2025,5,May,2025-05,LATIN_AMERICA,BRAZIL,BOOTS,Spring,245.22801208496094
2025-05-01,2025,5,May,2025-05,LATIN_AMERICA,BRAZIL,CARDIGAN,Spring,118.93839263916016
2025-05-01,2025,5,May,2025-05,LATIN_AMERICA,BRAZIL,JACKET,Spring,2224.83984375
2025-05-01,2025,5,May,2025-05,LATIN_AMERICA,BRAZIL,JEANS,Spring,206.35693359375
2025-05-01,2025,5,May,2025-05,LATIN_AMERICA,BRAZIL,SANDALS,Spring,88.5244369506836
2025-05-01,2025,5,May,2025-05,LATIN_AMERICA,BRAZIL,SHIRT,Spring,1507.5726318359375
2025-05-01,2025,5,May,2025-05,LATIN_AMERICA,BRAZIL,SNEAKERS,Spring,1085.526611328125
2025-05-01,2025,5,May,2025-05,LATIN_AMERICA,BRAZIL,SWEATER,Spring,750.00927734375
2025-05-01,2025,5,May,2025-05,LATIN_AMERICA,BRAZIL,TOP,Spring,336.8839111328125
2025-05-01,2025,5,May,2025-05,LATIN_AMERICA,BRAZIL,VEST,Spring,34.540191650390625
2025-05-01,2025,5,May,2025-05,NORTH_AMERICA,CANADA,BOOTS,Spring,59.71864318847656
2025-05-01,2025,5,May,2025-05,NORTH_AMERICA,CANADA,CARDIGAN,Spring,20.676942825317383
2025-05-01,2025,5,May,2025-05,NORTH_AMERICA,CANADA,JACKET,Spring,471.00994873046875
2025-05-01,2025,5,May,2025-05,NORTH_AMERICA,CANADA,JEANS,Spring,46.10344696044922
2025-05-01,2025,5,May,2025-05,NORTH_AMERICA,CANADA,SANDALS,Spring,431.8345031738281
2025-05-01,2025,5,May,2025-05,NORTH_AMERICA,CANADA,SHIRT,Spring,923.0642700195312
2025-05-01,2025,5,May,2025-05,NORTH_AMERICA,CANADA,SNEAKERS,Spring,502.62493896484375
2025-05-01,2025,5,May,2025-05,NORTH_AMERICA,CANADA,SWEATER,Spring,129.7136688232422
2025-05-01,2025,5,May,2025-05,NORTH_AMERICA,CANADA,TOP,Spring,157.33929443359375
2025-05-01,2025,5,May,2025-05,NORTH_AMERICA,CANADA,VEST,Spring,11.270404815673828
2025-05-01,2025,5,May,2025-05,EAST_ASIA,CHINA,BOOTS,Spring,159.98646545410156
2025-05-01,2025,5,May,2025-05,EAST_ASIA,CHINA,CARDIGAN,Spring,60.93549346923828
2025-05-01,2025,5,May,2025-05,EAST_ASIA,CHINA,JACKET,Spring,1453.68359375
2025-05-01,2025,5,May,2025-05,EAST_ASIA,CHINA,JEANS,Spring,146.5938720703125
2025-05-01,2025,5,May,2025-05,EAST_ASIA,CHINA,SANDALS,Spring,1426.32373046875
2025-05-01,2025,5,May,2025-05,EAST_ASIA,CHINA,SHIRT,Spring,2781.859619140625
2025-05-01,2025,5,May,2025-05,EAST_ASIA,CHINA,SNEAKERS,Spring,1420.091552734375
2025-05-01,2025,5,May,2025-05,EAST_ASIA,CHINA,SWEATER,Spring,328.61993408203125
2025-05-01,2025,5,May,2025-05,EAST_ASIA,CHINA,TOP,Spring,434.6974792480469
2025-05-01,2025,5,May,2025-05,EAST_ASIA,CHINA,VEST,Spring,30.34490394592285
2025-05-01,2025,5,May,2025-05,WESTERN_EUROPE,FRANCE,BOOTS,Spring,203.2505340576172
2025-05-01,2025,5,May,2025-05,WESTERN_EUROPE,FRANCE,CARDIGAN,Spring,62.70275115966797
2025-05-01,2025,5,May,2025-05,WESTERN_EUROPE,FRANCE,JACKET,Spring,1453.9866943359375
2025-05-01,2025,5,May,2025-05,WESTERN_EUROPE,FRANCE,JEANS,Spring,172.3203887939453
2025-05-01,2025,5,May,2025-05,WESTERN_EUROPE,FRANCE,SANDALS,Spring,1426.1978759765625
2025-05-01,2025,5,May,2025-05,WESTERN_EUROPE,FRANCE,SHIRT,Spring,3193.56201171875
2025-05-01,2025,5,May,2025-05,WESTERN_EUROPE,FRANCE,SNEAKERS,Spring,1494.52294921875
2025-05-01,2025,5,May,2025-05,WESTERN_EUROPE,FRANCE,SWEATER,Spring,379.3340759277344
2025-05-01,2025,5,May,2025-05,WESTERN_EUROPE,FRANCE,TOP,Spring,434.4204406738281
2025-05-01,2025,5,May,2025-05,WESTERN_EUROPE,FRANCE,VEST,Spring,31.15666961669922
2025-05-01,2025,5,May,2025-05,WESTERN_EUROPE,GERMANY,BOOTS,Spring,229.79739379882812
2025-05-01,2025,5,May,2025-05,WESTERN_EUROPE,GERMANY,CARDIGAN,Spring,82.95622253417969
2025-05-01,2025,5,May,2025-05,WESTERN_EUROPE,GERMANY,JACKET,Spring,1912.801025390625
2025-05-01,2025,5,May,2025-05,WESTERN_EUROPE,GERMANY,JEANS,Spring,170.57737731933594
2025-05-01,2025,5,May,2025-05,WESTERN_EUROPE,GERMANY,SANDALS,Spring,1611.2122802734375
2025-05-01,2025,5,May,2025-05,WESTERN_EUROPE,GERMANY,SHIRT,Spring,3657.436279296875
2025-05-01,2025,5,May,2025-05,WESTERN_EUROPE,GERMANY,SNEAKERS,Spring,1849.89501953125
2025-05-01,2025,5,May,2025-05,WESTERN_EUROPE,GERMANY,SWEATER,Spring,423.56939697265625
2025-05-01,2025,5,May,2025-05,WESTERN_EUROPE,GERMANY,TOP,Spring,489.5386962890625
2025-05-01,2025,5,May,2025-05,WESTERN_EUROPE,GERMANY,VEST,Spring,42.35458755493164
2025-05-01,2025,5,May,2025-05,SOUTH_ASIA,INDIA,BOOTS,Spring,120.26478576660156
2025-05-01,2025,5,May,2025-05,SOUTH_ASIA,INDIA,CARDIGAN,Spring,40.61018371582031
2025-05-01,2025,5,May,2025-05,SOUTH_ASIA,INDIA,JACKET,Spring,1184.64990234375
2025-05-01,2025,5,May,2025-05,SOUTH_ASIA,INDIA,JEANS,Spring,90.55789947509766
2025-05-01,2025,5,May,2025-05,SOUTH_ASIA,INDIA,SANDALS,Spring,1090.971923828125
2025-05-01,2025,5,May,2025-05,SOUTH_ASIA,INDIA,SHIRT,Spring,2098.7744140625
2025-05-01,2025,5,May,2025-05,SOUTH_ASIA,INDIA,SNEAKERS,Spring,1047.092529296875
2025-05-01,2025,5,May,2025-05,SOUTH_ASIA,INDIA,SWEATER,Spring,280.333740234375
2025-05-01,2025,5,May,2025-05,SOUTH_ASIA,INDIA,TOP,Spring,283.1584167480469
2025-05-01,2025,5,May,2025-05,SOUTH_ASIA,INDIA,VEST,Spring,21.901708602905273
2025-05-01,2025,5,May,2025-05,SOUTHEAST_ASIA,INDONESIA,BOOTS,Spring,84.3367919921875
2025-05-01,2025,5,May,2025-05,SOUTHEAST_ASIA,INDONESIA,CARDIGAN,Spring,30.185138702392578
2025-05-01,2025,5,May,2025-05,SOUTHEAST_ASIA,INDONESIA,JACKET,Spring,677.6835327148438
2025-05-01,2025,5,May,2025-05,SOUTHEAST_ASIA,INDONESIA,JEANS,Spring,80.74479675292969
2025-05-01,2025,5,May,2025-05,SOUTHEAST_ASIA,INDONESIA,SANDALS,Spring,656.7672119140625
2025-05-01,2025,5,May,2025-05,SOUTHEAST_ASIA,INDONESIA,SHIRT,Spring,1589.134521484375
2025-05-01,2025,5,May,2025-05,SOUTHEAST_ASIA,INDONESIA,SNEAKERS,Spring,768.620361328125
2025-05-01,2025,5,May,2025-05,SOUTHEAST_ASIA,INDONESIA,SWEATER,Spring,179.1104278564453
2025-05-01,2025,5,May,2025-05,SOUTHEAST_ASIA,INDONESIA,TOP,Spring,210.91807556152344
2025-05-01,2025,5,May,2025-05,SOUTHEAST_ASIA,INDONESIA,VEST,Spring,13.627604484558105
2025-05-01,2025,5,May,2025-05,EAST_ASIA,JAPAN,BOOTS,Spring,99.50653839111328
2025-05-01,2025,5,May,2025-05,EAST_ASIA,JAPAN,CARDIGAN,Spring,28.388713836669922
2025-05-01,2025,5,May,2025-05,EAST_ASIA,JAPAN,JACKET,Spring,673.6927490234375
2025-05-01,2025,5,May,2025-05,EAST_ASIA,JAPAN,JEANS,Spring,79.0125961303711
2025-05-01,2025,5,May,2025-05,EAST_ASIA,JAPAN,SANDALS,Spring,650.9445190429688
2025-05-01,2025,5,May,2025-05,EAST_ASIA,JAPAN,SHIRT,Spring,1517.2947998046875
2025-05-01,2025,5,May,2025-05,EAST_ASIA,JAPAN,SNEAKERS,Spring,632.548095703125
2025-05-01,2025,5,May,2025-05,EAST_ASIA,JAPAN,SWEATER,Spring,189.37481689453125
2025-05-01,2025,5,May,2025-05,EAST_ASIA,JAPAN,TOP,Spring,228.75381469726562
2025-05-01,2025,5,May,2025-05,EAST_ASIA,JAPAN,VEST,Spring,14.237876892089844
2025-05-01,2025,5,May,2025-05,LATIN_AMERICA,MEXICO,BOOTS,Spring,85.32867431640625
2025-05-01,2025,5,May,2025-05,LATIN_AMERICA,MEXICO,CARDIGAN,Spring,23.848974227905273
2025-05-01,2025,5,May,2025-05,LATIN_AMERICA,MEXICO,JACKET,Spring,605.4905395507812
2025-05-01,2025,5,May,2025-05,LATIN_AMERICA,MEXICO,JEANS,Spring,63.04588317871094
2025-05-01,2025,5,May,2025-05,LATIN_AMERICA,MEXICO,SANDALS,Spring,490.78912353515625
2025-05-01,2025,5,May,2025-05,LATIN_AMERICA,MEXICO,SHIRT,Spring,1371.8834228515625
2025-05-01,2025,5,May,2025-05,LATIN_AMERICA,MEXICO,SNEAKERS,Spring,640.0119018554688
2025-05-01,2025,5,May,2025-05,LATIN_AMERICA,MEXICO,SWEATER,Spring,168.8109893798828
2025-05-01,2025,5,May,2025-05,LATIN_AMERICA,MEXICO,TOP,Spring,199.8010711669922
2025-05-01,2025,5,May,2025-05,LATIN_AMERICA,MEXICO,VEST,Spring,12.011161804199219
2025-05-01,2025,5,May,2025-05,OCEANIA,NEW_ZEALAND,BOOTS,Spring,35.01294708251953
2025-05-01,2025,5,May,2025-05,OCEANIA,NEW_ZEALAND,CARDIGAN,Spring,13.756240844726562
2025-05-01,2025,5,May,2025-05,OCEANIA,NEW_ZEALAND,JACKET,Spring,383.99078369140625
2025-05-01,2025,5,May,2025-05,OCEANIA,NEW_ZEALAND,JEANS,Spring,30.35177230834961
2025-05-01,2025,5,May,2025-05,OCEANIA,NEW_ZEALAND,SANDALS,Spring,13.979783058166504
2025-05-01,2025,5,May,2025-05,OCEANIA,NEW_ZEALAND,SHIRT,Spring,282.3473815917969
2025-05-01,2025,5,May,2025-05,OCEANIA,NEW_ZEALAND,SNEAKERS,Spring,189.1470947265625
2025-05-01,2025,5,May,2025-05,OCEANIA,NEW_ZEALAND,SWEATER,Spring,120.42443084716797
2025-05-01,2025,5,May,2025-05,OCEANIA,NEW_ZEALAND,TOP,Spring,62.500858306884766
2025-05-01,2025,5,May,2025-05,OCEANIA,NEW_ZEALAND,VEST,Spring,7.0501708984375
2025-05-01,2025,5,May,2025-05,SOUTH_ASIA,PAKISTAN,BOOTS,Spring,37.93184280395508
2025-05-01,2025,5,May,2025-05,SOUTH_ASIA,PAKISTAN,CARDIGAN,Spring,13.56889533996582
2025-05-01,2025,5,May,2025-05,SOUTH_ASIA,PAKISTAN,JACKET,Spring,329.92974853515625
2025-05-01,2025,5,May,2025-05,SOUTH_ASIA,PAKISTAN,JEANS,Spring,30.336257934570312
2025-05-01,2025,5,May,2025-05,SOUTH_ASIA,PAKISTAN,SANDALS,Spring,365.06121826171875
2025-05-01,2025,5,May,2025-05,SOUTH_ASIA,PAKISTAN,SHIRT,Spring,738.8346557617188
2025-05-01,2025,5,May,2025-05,SOUTH_ASIA,PAKISTAN,SNEAKERS,Spring,335.27178955078125
2025-05-01,2025,5,May,2025-05,SOUTH_ASIA,PAKISTAN,SWEATER,Spring,76.95186614990234
2025-05-01,2025,5,May,2025-05,SOUTH_ASIA,PAKISTAN,TOP,Spring,104.30644989013672
2025-05-01,2025,5,May,2025-05,SOUTH_ASIA,PAKISTAN,VEST,Spring,8.117677688598633
2025-05-01,2025,5,May,2025-05,EASTERN_EUROPE,POLAND,BOOTS,Spring,75.62354278564453
2025-05-01,2025,5,May,2025-05,EASTERN_EUROPE,POLAND,CARDIGAN,Spring,23.854034423828125
2025-05-01,2025,5,May,2025-05,EASTERN_EUROPE,POLAND,JACKET,Spring,542.9424438476562
2025-05-01,2025,5,May,2025-05,EASTERN_EUROPE,POLAND,JEANS,Spring,51.210514068603516
2025-05-01,2025,5,May,2025-05,EASTERN_EUROPE,POLAND,SANDALS,Spring,457.0010986328125
2025-05-01,2025,5,May,2025-05,EASTERN_EUROPE,POLAND,SHIRT,Spring,1159.6849365234375
2025-05-01,2025,5,May,2025-05,EASTERN_EUROPE,POLAND,SNEAKERS,Spring,502.1722106933594
2025-05-01,2025,5,May,2025-05,EASTERN_EUROPE,POLAND,SWEATER,Spring,172.5642852783203
2025-05-01,2025,5,May,2025-05,EASTERN_EUROPE,POLAND,TOP,Spring,200.16995239257812
2025-05-01,2025,5,May,2025-05,EASTERN_EUROPE,POLAND,VEST,Spring,10.537850379943848
2025-05-01,2025,5,May,2025-05,EASTERN_EUROPE,RUSSIA,BOOTS,Spring,39.5993766784668
2025-05-01,2025,5,May,2025-05,EASTERN_EUROPE,RUSSIA,CARDIGAN,Spring,14.739877700805664
2025-05-01,2025,5,May,2025-05,EASTERN_EUROPE,RUSSIA,JACKET,Spring,334.57452392578125
2025-05-01,2025,5,May,2025-05,EASTERN_EUROPE,RUSSIA,JEANS,Spring,35.477508544921875
2025-05-01,2025,5,May,2025-05,EASTERN_EUROPE,RUSSIA,SANDALS,Spring,321.1787109375
2025-05-01,2025,5,May,2025-05,EASTERN_EUROPE,RUSSIA,SHIRT,Spring,700.5597534179688
2025-05-01,2025,5,May,2025-05,EASTERN_EUROPE,RUSSIA,SNEAKERS,Spring,356.61688232421875
2025-05-01,2025,5,May,2025-05,EASTERN_EUROPE,RUSSIA,SWEATER,Spring,106.48829650878906
2025-05-01,2025,5,May,2025-05,EASTERN_EUROPE,RUSSIA,TOP,Spring,110.36699676513672
2025-05-01,2025,5,May,2025-05,EASTERN_EUROPE,RUSSIA,VEST,Spring,9.969677925109863
2025-05-01,2025,5,May,2025-05,MIDDLE_EAST,SAUDI_ARABIA,BOOTS,Spring,97.73063659667969
2025-05-01,2025,5,May,2025-05,MIDDLE_EAST,SAUDI_ARABIA,CARDIGAN,Spring,31.390201568603516
2025-05-01,2025,5,May,2025-05,MIDDLE_EAST,SAUDI_ARABIA,JACKET,Spring,667.8826293945312
2025-05-01,2025,5,May,2025-05,MIDDLE_EAST,SAUDI_ARABIA,JEANS,Spring,79.36111450195312
2025-05-01,2025,5,May,2025-05,MIDDLE_EAST,SAUDI_ARABIA,SANDALS,Spring,693.7237548828125
2025-05-01,2025,5,May,2025-05,MIDDLE_EAST,SAUDI_ARABIA,SHIRT,Spring,1659.19287109375
2025-05-01,2025,5,May,2025-05,MIDDLE_EAST,SAUDI_ARABIA,SNEAKERS,Spring,775.5281372070312
2025-05-01,2025,5,May,2025-05,MIDDLE_EAST,SAUDI_ARABIA,SWEATER,Spring,182.68862915039062
2025-05-01,2025,5,May,2025-05,MIDDLE_EAST,SAUDI_ARABIA,TOP,Spring,243.03871154785156
2025-05-01,2025,5,May,2025-05,MIDDLE_EAST,SAUDI_ARABIA,VEST,Spring,13.810442924499512
2025-05-01,2025,5,May,2025-05,MIDDLE_EAST,UAE,BOOTS,Spring,82.35186004638672
2025-05-01,2025,5,May,2025-05,MIDDLE_EAST,UAE,CARDIGAN,Spring,24.619997024536133
2025-05-01,2025,5,May,2025-05,MIDDLE_EAST,UAE,JACKET,Spring,582.4320068359375
2025-05-01,2025,5,May,2025-05,MIDDLE_EAST,UAE,JEANS,Spring,59.12771224975586
2025-05-01,2025,5,May,2025-05,MIDDLE_EAST,UAE,SANDALS,Spring,521.608642578125
2025-05-01,2025,5,May,2025-05,MIDDLE_EAST,UAE,SHIRT,Spring,1203.8782958984375
2025-05-01,2025,5,May,2025-05,MIDDLE_EAST,UAE,SNEAKERS,Spring,590.757080078125
2025-05-01,2025,5,May,2025-05,MIDDLE_EAST,UAE,SWEATER,Spring,157.31150817871094
2025-05-01,2025,5,May,2025-05,MIDDLE_EAST,UAE,TOP,Spring,200.6477508544922
2025-05-01,2025,5,May,2025-05,MIDDLE_EAST,UAE,VEST,Spring,12.286596298217773
2025-05-01,2025,5,May,2025-05,NORTH_AMERICA,UNITED_STATES,BOOTS,Spring,275.1727294921875
2025-05-01,2025,5,May,2025-05,NORTH_AMERICA,UNITED_STATES,CARDIGAN,Spring,109.4100570678711
2025-05-01,2025,5,May,2025-05,NORTH_AMERICA,UNITED_STATES,JACKET,Spring,2289.875
2025-05-01,2025,5,May,2025-05,NORTH_AMERICA,UNITED_STATES,JEANS,Spring,252.5206298828125
2025-05-01,2025,5,May,2025-05,NORTH_AMERICA,UNITED_STATES,SANDALS,Spring,1905.9908447265625
2025-05-01,2025,5,May,2025-05,NORTH_AMERICA,UNITED_STATES,SHIRT,Spring,4739.04248046875
2025-05-01,2025,5,May,2025-05,NORTH_AMERICA,UNITED_STATES,SNEAKERS,Spring,2335.90966796875
2025-05-01,2025,5,May,2025-05,NORTH_AMERICA,UNITED_STATES,SWEATER,Spring,531.7340087890625
2025-05-01,2025,5,May,2025-05,NORTH_AMERICA,UNITED_STATES,TOP,Spring,614.9124145507812
2025-05-01,2025,5,May,2025-05,NORTH_AMERICA,UNITED_STATES,VEST,Spring,56.31782531738281
2025-05-01,2025,5,May,2025-05,SOUTHEAST_ASIA,VIETNAM,BOOTS,Spring,62.22612380981445
2025-05-01,2025,5,May,2025-05,SOUTHEAST_ASIA,VIETNAM,CARDIGAN,Spring,18.21953773498535
2025-05-01,2025,5,May,2025-05,SOUTHEAST_ASIA,VIETNAM,JACKET,Spring,441.3958435058594
2025-05-01,2025,5,May,2025-05,SOUTHEAST_ASIA,VIETNAM,JEANS,Spring,49.21358108520508
2025-05-01,2025,5,May,2025-05,SOUTHEAST_ASIA,VIETNAM,SANDALS,Spring,422.0301208496094
2025-05-01,2025,5,May,2025-05,SOUTHEAST_ASIA,VIETNAM,SHIRT,Spring,966.3568725585938
2025-05-01,2025,5,May,2025-05,SOUTHEAST_ASIA,VIETNAM,SNEAKERS,Spring,452.7213134765625
2025-05-01,2025,5,May,2025-05,SOUTHEAST_ASIA,VIETNAM,SWEATER,Spring,132.17442321777344
2025-05-01,2025,5,May,2025-05,SOUTHEAST_ASIA,VIETNAM,TOP,Spring,155.09861755371094
2025-05-01,2025,5,May,2025-05,SOUTHEAST_ASIA,VIETNAM,VEST,Spring,10.272010803222656
2025-06-01,2025,6,June,2025-06,OCEANIA,AUSTRALIA,BOOTS,Summer,116.08078002929688
2025-06-01,2025,6,June,2025-06,OCEANIA,AUSTRALIA,CARDIGAN,Summer,47.01466369628906
2025-06-01,2025,6,June,2025-06,OCEANIA,AUSTRALIA,JACKET,Summer,993.0781860351562
2025-06-01,2025,6,June,2025-06,OCEANIA,AUSTRALIA,JEANS,Summer,108.41928100585938
2025-06-01,2025,6,June,2025-06,OCEANIA,AUSTRALIA,SANDALS,Summer,38.791378021240234
2025-06-01,2025,6,June,2025-06,OCEANIA,AUSTRALIA,SHIRT,Summer,806.39599609375
2025-06-01,2025,6,June,2025-06,OCEANIA,AUSTRALIA,SNEAKERS,Summer,439.0113830566406
2025-06-01,2025,6,June,2025-06,OCEANIA,AUSTRALIA,SWEATER,Summer,343.11822509765625
2025-06-01,2025,6,June,2025-06,OCEANIA,AUSTRALIA,TOP,Summer,192.77401733398438
2025-06-01,2025,6,June,2025-06,OCEANIA,AUSTRALIA,VEST,Summer,17.29351806640625
2025-06-01,2025,6,June,2025-06,LATIN_AMERICA,BRAZIL,BOOTS,Summer,210.7322235107422
2025-06-01,2025,6,June,2025-06,LATIN_AMERICA,BRAZIL,CARDIGAN,Summer,118.84646606445312
2025-06-01,2025,6,June,2025-06,LATIN_AMERICA,BRAZIL,JACKET,Summer,1865.381591796875
2025-06-01,2025,6,June,2025-06,LATIN_AMERICA,BRAZIL,JEANS,Summer,185.95115661621094
2025-06-01,2025,6,June,2025-06,LATIN_AMERICA,BRAZIL,SANDALS,Summer,89.57553100585938
2025-06-01,2025,6,June,2025-06,LATIN_AMERICA,BRAZIL,SHIRT,Summer,1489.9425048828125
2025-06-01,2025,6,June,2025-06,LATIN_AMERICA,BRAZIL,SNEAKERS,Summer,947.6691284179688
2025-06-01,2025,6,June,2025-06,LATIN_AMERICA,BRAZIL,SWEATER,Summer,760.110107421875
2025-06-01,2025,6,June,2025-06,LATIN_AMERICA,BRAZIL,TOP,Summer,312.1320495605469
2025-06-01,2025,6,June,2025-06,LATIN_AMERICA,BRAZIL,VEST,Summer,31.1966552734375
2025-06-01,2025,6,June,2025-06,NORTH_AMERICA,CANADA,BOOTS,Summer,52.43693923950195
2025-06-01,2025,6,June,2025-06,NORTH_AMERICA,CANADA,CARDIGAN,Summer,24.114717483520508
2025-06-01,2025,6,June,2025-06,NORTH_AMERICA,CANADA,JACKET,Summer,378.4998474121094
2025-06-01,2025,6,June,2025-06,NORTH_AMERICA,CANADA,JEANS,Summer,43.15315628051758
2025-06-01,2025,6,June,2025-06,NORTH_AMERICA,CANADA,SANDALS,Summer,489.97467041015625
2025-06-01,2025,6,June,2025-06,NORTH_AMERICA,CANADA,SHIRT,Summer,995.7105712890625
2025-06-01,2025,6,June,2025-06,NORTH_AMERICA,CANADA,SNEAKERS,Summer,447.5635986328125
2025-06-01,2025,6,June,2025-06,NORTH_AMERICA,CANADA,SWEATER,Summer,143.7671661376953
2025-06-01,2025,6,June,2025-06,NORTH_AMERICA,CANADA,TOP,Summer,146.6627197265625
2025-06-01,2025,6,June,2025-06,NORTH_AMERICA,CANADA,VEST,Summer,9.36905288696289
2025-06-01,2025,6,June,2025-06,EAST_ASIA,CHINA,BOOTS,Summer,143.07666015625
2025-06-01,2025,6,June,2025-06,EAST_ASIA,CHINA,CARDIGAN,Summer,61.32171630859375
2025-06-01,2025,6,June,2025-06,EAST_ASIA,CHINA,JACKET,Summer,1122.7557373046875
2025-06-01,2025,6,June,2025-06,EAST_ASIA,CHINA,JEANS,Summer,145.99014282226562
2025-06-01,2025,6,June,2025-06,EAST_ASIA,CHINA,SANDALS,Summer,1594.05322265625
2025-06-01,2025,6,June,2025-06,EAST_ASIA,CHINA,SHIRT,Summer,3099.2822265625
2025-06-01,2025,6,June,2025-06,EAST_ASIA,CHINA,SNEAKERS,Summer,1207.4151611328125
2025-06-01,2025,6,June,2025-06,EAST_ASIA,CHINA,SWEATER,Summer,359.7227478027344
2025-06-01,2025,6,June,2025-06,EAST_ASIA,CHINA,TOP,Summer,361.5067443847656
2025-06-01,2025,6,June,2025-06,EAST_ASIA,CHINA,VEST,Summer,25.46790885925293
2025-06-01,2025,6,June,2025-06,WESTERN_EUROPE,FRANCE,BOOTS,Summer,193.43199157714844
2025-06-01,2025,6,June,2025-06,WESTERN_EUROPE,FRANCE,CARDIGAN,Summer,70.85369110107422
2025-06-01,2025,6,June,2025-06,WESTERN_EUROPE,FRANCE,JACKET,Summer,1112.9556884765625
2025-06-01,2025,6,June,2025-06,WESTERN_EUROPE,FRANCE,JEANS,Summer,171.190185546875
2025-06-01,2025,6,June,2025-06,WESTERN_EUROPE,FRANCE,SANDALS,Summer,1536.9488525390625
2025-06-01,2025,6,June,2025-06,WESTERN_EUROPE,FRANCE,SHIRT,Summer,3434.46533203125
2025-06-01,2025,6,June,2025-06,WESTERN_EUROPE,FRANCE,SNEAKERS,Summer,1370.83642578125
2025-06-01,2025,6,June,2025-06,WESTERN_EUROPE,FRANCE,SWEATER,Summer,418.0147705078125
2025-06-01,2025,6,June,2025-06,WESTERN_EUROPE,FRANCE,TOP,Summer,400.088134765625
2025-06-01,2025,6,June,2025-06,WESTERN_EUROPE,FRANCE,VEST,Summer,27.40090560913086
2025-06-01,2025,6,June,2025-06,WESTERN_EUROPE,GERMANY,BOOTS,Summer,201.8697967529297
2025-06-01,2025,6,June,2025-06,WESTERN_EUROPE,GERMANY,CARDIGAN,Summer,93.39136505126953
2025-06-01,2025,6,June,2025-06,WESTERN_EUROPE,GERMANY,JACKET,Summer,1578.1600341796875
2025-06-01,2025,6,June,2025-06,WESTERN_EUROPE,GERMANY,JEANS,Summer,170.11941528320312
2025-06-01,2025,6,June,2025-06,WESTERN_EUROPE,GERMANY,SANDALS,Summer,1848.6148681640625
2025-06-01,2025,6,June,2025-06,WESTERN_EUROPE,GERMANY,SHIRT,Summer,3938.60693359375
2025-06-01,2025,6,June,2025-06,WESTERN_EUROPE,GERMANY,SNEAKERS,Summer,1732.7825927734375
2025-06-01,2025,6,June,2025-06,WESTERN_EUROPE,GERMANY,SWEATER,Summer,506.0545654296875
2025-06-01,2025,6,June,2025-06,WESTERN_EUROPE,GERMANY,TOP,Summer,445.8785400390625
2025-06-01,2025,6,June,2025-06,WESTERN_EUROPE,GERMANY,VEST,Summer,38.08052062988281
2025-06-01,2025,6,June,2025-06,SOUTH_ASIA,INDIA,BOOTS,Summer,108.03302764892578
2025-06-01,2025,6,June,2025-06,SOUTH_ASIA,INDIA,CARDIGAN,Summer,47.88642120361328
2025-06-01,2025,6,June,2025-06,SOUTH_ASIA,INDIA,JACKET,Summer,855.8186645507812
2025-06-01,2025,6,June,2025-06,SOUTH_ASIA,INDIA,JEANS,Summer,89.9600830078125
2025-06-01,2025,6,June,2025-06,SOUTH_ASIA,INDIA,SANDALS,Summer,1358.2635498046875
2025-06-01,2025,6,June,2025-06,SOUTH_ASIA,INDIA,SHIRT,Summer,2335.90185546875
2025-06-01,2025,6,June,2025-06,SOUTH_ASIA,INDIA,SNEAKERS,Summer,947.976318359375
2025-06-01,2025,6,June,2025-06,SOUTH_ASIA,INDIA,SWEATER,Summer,294.40966796875
2025-06-01,2025,6,June,2025-06,SOUTH_ASIA,INDIA,TOP,Summer,257.443603515625
2025-06-01,2025,6,June,2025-06,SOUTH_ASIA,INDIA,VEST,Summer,18.482702255249023
2025-06-01,2025,6,June,2025-06,SOUTHEAST_ASIA,INDONESIA,BOOTS,Summer,79.01029968261719
2025-06-01,2025,6,June,2025-06,SOUTHEAST_ASIA,INDONESIA,CARDIGAN,Summer,30.295686721801758
2025-06-01,2025,6,June,2025-06,SOUTHEAST_ASIA,INDONESIA,JACKET,Summer,579.016845703125
2025-06-01,2025,6,June,2025-06,SOUTHEAST_ASIA,INDONESIA,JEANS,Summer,81.58104705810547
2025-06-01,2025,6,June,2025-06,SOUTHEAST_ASIA,INDONESIA,SANDALS,Summer,796.9256591796875
2025-06-01,2025,6,June,2025-06,SOUTHEAST_ASIA,INDONESIA,SHIRT,Summer,1702.324462890625
2025-06-01,2025,6,June,2025-06,SOUTHEAST_ASIA,INDONESIA,SNEAKERS,Summer,637.1511840820312
2025-06-01,2025,6,June,2025-06,SOUTHEAST_ASIA,INDONESIA,SWEATER,Summer,196.77308654785156
2025-06-01,2025,6,June,2025-06,SOUTHEAST_ASIA,INDONESIA,TOP,Summer,195.9459686279297
2025-06-01,2025,6,June,2025-06,SOUTHEAST_ASIA,INDONESIA,VEST,Summer,12.336592674255371
2025-06-01,2025,6,June,2025-06,EAST_ASIA,JAPAN,BOOTS,Summer,91.2686538696289
2025-06-01,2025,6,June,2025-06,EAST_ASIA,JAPAN,CARDIGAN,Summer,31.421955108642578
2025-06-01,2025,6,June,2025-06,EAST_ASIA,JAPAN,JACKET,Summer,542.0382080078125
2025-06-01,2025,6,June,2025-06,EAST_ASIA,JAPAN,JEANS,Summer,80.1728744506836
2025-06-01,2025,6,June,2025-06,EAST_ASIA,JAPAN,SANDALS,Summer,808.4359741210938
2025-06-01,2025,6,June,2025-06,EAST_ASIA,JAPAN,SHIRT,Summer,1539.9166259765625
2025-06-01,2025,6,June,2025-06,EAST_ASIA,JAPAN,SNEAKERS,Summer,566.7598876953125
2025-06-01,2025,6,June,2025-06,EAST_ASIA,JAPAN,SWEATER,Summer,206.55360412597656
2025-06-01,2025,6,June,2025-06,EAST_ASIA,JAPAN,TOP,Summer,212.62008666992188
2025-06-01,2025,6,June,2025-06,EAST_ASIA,JAPAN,VEST,Summer,12.691080093383789
2025-06-01,2025,6,June,2025-06,LATIN_AMERICA,MEXICO,BOOTS,Summer,77.74465942382812
2025-06-01,2025,6,June,2025-06,LATIN_AMERICA,MEXICO,CARDIGAN,Summer,24.982938766479492
2025-06-01,2025,6,June,2025-06,LATIN_AMERICA,MEXICO,JACKET,Summer,496.0741882324219
2025-06-01,2025,6,June,2025-06,LATIN_AMERICA,MEXICO,JEANS,Summer,56.412357330322266
2025-06-01,2025,6,June,2025-06,LATIN_AMERICA,MEXICO,SANDALS,Summer,555.3750610351562
2025-06-01,2025,6,June,2025-06,LATIN_AMERICA,MEXICO,SHIRT,Summer,1441.878662109375
2025-06-01,2025,6,June,2025-06,LATIN_AMERICA,MEXICO,SNEAKERS,Summer,577.8307495117188
2025-06-01,2025,6,June,2025-06,LATIN_AMERICA,MEXICO,SWEATER,Summer,187.5643768310547
2025-06-01,2025,6,June,2025-06,LATIN_AMERICA,MEXICO,TOP,Summer,172.7538299560547
2025-06-01,2025,6,June,2025-06,LATIN_AMERICA,MEXICO,VEST,Summer,9.961301803588867
2025-06-01,2025,6,June,2025-06,OCEANIA,NEW_ZEALAND,BOOTS,Summer,31.82558822631836
2025-06-01,2025,6,June,2025-06,OCEANIA,NEW_ZEALAND,CARDIGAN,Summer,14.521288871765137
2025-06-01,2025,6,June,2025-06,OCEANIA,NEW_ZEALAND,JACKET,Summer,311.6361083984375
2025-06-01,2025,6,June,2025-06,OCEANIA,NEW_ZEALAND,JEANS,Summer,28.774248123168945
2025-06-01,2025,6,June,2025-06,OCEANIA,NEW_ZEALAND,SANDALS,Summer,14.17674732208252
2025-06-01,2025,6,June,2025-06,OCEANIA,NEW_ZEALAND,SHIRT,Summer,282.5517578125
2025-06-01,2025,6,June,2025-06,OCEANIA,NEW_ZEALAND,SNEAKERS,Summer,144.6412353515625
2025-06-01,2025,6,June,2025-06,OCEANIA,NEW_ZEALAND,SWEATER,Summer,118.61775207519531
2025-06-01,2025,6,June,2025-06,OCEANIA,NEW_ZEALAND,TOP,Summer,51.54403305053711
2025-06-01,2025,6,June,2025-06,OCEANIA,NEW_ZEALAND,VEST,Summer,6.630221843719482
2025-06-01,2025,6,June,2025-06,SOUTH_ASIA,PAKISTAN,BOOTS,Summer,33.025535583496094
2025-06-01,2025,6,June,2025-06,SOUTH_ASIA,PAKISTAN,CARDIGAN,Summer,15.534080505371094
2025-06-01,2025,6,June,2025-06,SOUTH_ASIA,PAKISTAN,JACKET,Summer,265.6409912109375
2025-06-01,2025,6,June,2025-06,SOUTH_ASIA,PAKISTAN,JEANS,Summer,29.243751525878906
2025-06-01,2025,6,June,2025-06,SOUTH_ASIA,PAKISTAN,SANDALS,Summer,394.59088134765625
2025-06-01,2025,6,June,2025-06,SOUTH_ASIA,PAKISTAN,SHIRT,Summer,821.1019897460938
2025-06-01,2025,6,June,2025-06,SOUTH_ASIA,PAKISTAN,SNEAKERS,Summer,290.7615051269531
2025-06-01,2025,6,June,2025-06,SOUTH_ASIA,PAKISTAN,SWEATER,Summer,94.27809143066406
2025-06-01,2025,6,June,2025-06,SOUTH_ASIA,PAKISTAN,TOP,Summer,88.91807556152344
2025-06-01,2025,6,June,2025-06,SOUTH_ASIA,PAKISTAN,VEST,Summer,7.2433881759643555
2025-06-01,2025,6,June,2025-06,EASTERN_EUROPE,POLAND,BOOTS,Summer,66.3016128540039
2025-06-01,2025,6,June,2025-06,EASTERN_EUROPE,POLAND,CARDIGAN,Summer,25.174434661865234
2025-06-01,2025,6,June,2025-06,EASTERN_EUROPE,POLAND,JACKET,Summer,412.01690673828125
2025-06-01,2025,6,June,2025-06,EASTERN_EUROPE,POLAND,JEANS,Summer,51.27190399169922
2025-06-01,2025,6,June,2025-06,EASTERN_EUROPE,POLAND,SANDALS,Summer,511.09228515625
2025-06-01,2025,6,June,2025-06,EASTERN_EUROPE,POLAND,SHIRT,Summer,1269.482421875
2025-06-01,2025,6,June,2025-06,EASTERN_EUROPE,POLAND,SNEAKERS,Summer,445.9944763183594
2025-06-01,2025,6,June,2025-06,EASTERN_EUROPE,POLAND,SWEATER,Summer,190.40802001953125
2025-06-01,2025,6,June,2025-06,EASTERN_EUROPE,POLAND,TOP,Summer,174.88272094726562
2025-06-01,2025,6,June,2025-06,EASTERN_EUROPE,POLAND,VEST,Summer,9.019574165344238
2025-06-01,2025,6,June,2025-06,EASTERN_EUROPE,RUSSIA,BOOTS,Summer,32.92515563964844
2025-06-01,2025,6,June,2025-06,EASTERN_EUROPE,RUSSIA,CARDIGAN,Summer,16.40534210205078
2025-06-01,2025,6,June,2025-06,EASTERN_EUROPE,RUSSIA,JACKET,Summer,287.73553466796875
2025-06-01,2025,6,June,2025-06,EASTERN_EUROPE,RUSSIA,JEANS,Summer,32.85912322998047
2025-06-01,2025,6,June,2025-06,EASTERN_EUROPE,RUSSIA,SANDALS,Summer,360.3673400878906
2025-06-01,2025,6,June,2025-06,EASTERN_EUROPE,RUSSIA,SHIRT,Summer,746.7582397460938
2025-06-01,2025,6,June,2025-06,EASTERN_EUROPE,RUSSIA,SNEAKERS,Summer,291.9651794433594
2025-06-01,2025,6,June,2025-06,EASTERN_EUROPE,RUSSIA,SWEATER,Summer,119.28524780273438
2025-06-01,2025,6,June,2025-06,EASTERN_EUROPE,RUSSIA,TOP,Summer,101.82622528076172
2025-06-01,2025,6,June,2025-06,EASTERN_EUROPE,RUSSIA,VEST,Summer,8.737117767333984
2025-06-01,2025,6,June,2025-06,MIDDLE_EAST,SAUDI_ARABIA,BOOTS,Summer,90.94566345214844
2025-06-01,2025,6,June,2025-06,MIDDLE_EAST,SAUDI_ARABIA,CARDIGAN,Summer,34.46663284301758
2025-06-01,2025,6,June,2025-06,MIDDLE_EAST,SAUDI_ARABIA,JACKET,Summer,515.2782592773438
2025-06-01,2025,6,June,2025-06,MIDDLE_EAST,SAUDI_ARABIA,JEANS,Summer,79.41731262207031
2025-06-01,2025,6,June,2025-06,MIDDLE_EAST,SAUDI_ARABIA,SANDALS,Summer,823.2400512695312
2025-06-01,2025,6,June,2025-06,MIDDLE_EAST,SAUDI_ARABIA,SHIRT,Summer,1791.406494140625
2025-06-01,2025,6,June,2025-06,MIDDLE_EAST,SAUDI_ARABIA,SNEAKERS,Summer,682.5960083007812
2025-06-01,2025,6,June,2025-06,MIDDLE_EAST,SAUDI_ARABIA,SWEATER,Summer,206.32362365722656
2025-06-01,2025,6,June,2025-06,MIDDLE_EAST,SAUDI_ARABIA,TOP,Summer,218.15863037109375
2025-06-01,2025,6,June,2025-06,MIDDLE_EAST,SAUDI_ARABIA,VEST,Summer,12.945160865783691
2025-06-01,2025,6,June,2025-06,MIDDLE_EAST,UAE,BOOTS,Summer,70.50918579101562
2025-06-01,2025,6,June,2025-06,MIDDLE_EAST,UAE,CARDIGAN,Summer,24.068126678466797
2025-06-01,2025,6,June,2025-06,MIDDLE_EAST,UAE,JACKET,Summer,421.21820068359375
2025-06-01,2025,6,June,2025-06,MIDDLE_EAST,UAE,JEANS,Summer,60.25938415527344
2025-06-01,2025,6,June,2025-06,MIDDLE_EAST,UAE,SANDALS,Summer,550.2085571289062
2025-06-01,2025,6,June,2025-06,MIDDLE_EAST,UAE,SHIRT,Summer,1336.2779541015625
2025-06-01,2025,6,June,2025-06,MIDDLE_EAST,UAE,SNEAKERS,Summer,509.594970703125
2025-06-01,2025,6,June,2025-06,MIDDLE_EAST,UAE,SWEATER,Summer,174.0758514404297
2025-06-01,2025,6,June,2025-06,MIDDLE_EAST,UAE,TOP,Summer,176.4396209716797
2025-06-01,2025,6,June,2025-06,MIDDLE_EAST,UAE,VEST,Summer,10.20189380645752
2025-06-01,2025,6,June,2025-06,NORTH_AMERICA,UNITED_STATES,BOOTS,Summer,239.76902770996094
2025-06-01,2025,6,June,2025-06,NORTH_AMERICA,UNITED_STATES,CARDIGAN,Summer,114.97808837890625
2025-06-01,2025,6,June,2025-06,NORTH_AMERICA,UNITED_STATES,JACKET,Summer,1941.7222900390625
2025-06-01,2025,6,June,2025-06,NORTH_AMERICA,UNITED_STATES,JEANS,Summer,253.0430450439453
2025-06-01,2025,6,June,2025-06,NORTH_AMERICA,UNITED_STATES,SANDALS,Summer,2333.776611328125
2025-06-01,2025,6,June,2025-06,NORTH_AMERICA,UNITED_STATES,SHIRT,Summer,5201.76171875
2025-06-01,2025,6,June,2025-06,NORTH_AMERICA,UNITED_STATES,SNEAKERS,Summer,2120.503173828125
2025-06-01,2025,6,June,2025-06,NORTH_AMERICA,UNITED_STATES,SWEATER,Summer,607.2122192382812
2025-06-01,2025,6,June,2025-06,NORTH_AMERICA,UNITED_STATES,TOP,Summer,527.46728515625
2025-06-01,2025,6,June,2025-06,NORTH_AMERICA,UNITED_STATES,VEST,Summer,47.383113861083984
2025-06-01,2025,6,June,2025-06,SOUTHEAST_ASIA,VIETNAM,BOOTS,Summer,52.06845474243164
2025-06-01,2025,6,June,2025-06,SOUTHEAST_ASIA,VIETNAM,CARDIGAN,Summer,22.03590202331543
2025-06-01,2025,6,June,2025-06,SOUTHEAST_ASIA,VIETNAM,JACKET,Summer,340.3515625
2025-06-01,2025,6,June,2025-06,SOUTHEAST_ASIA,VIETNAM,JEANS,Summer,44.35184860229492
2025-06-01,2025,6,June,2025-06,SOUTHEAST_ASIA,VIETNAM,SANDALS,Summer,443.9041748046875
2025-06-01,2025,6,June,2025-06,SOUTHEAST_ASIA,VIETNAM,SHIRT,Summer,1084.0701904296875
2025-06-01,2025,6,June,2025-06,SOUTHEAST_ASIA,VIETNAM,SNEAKERS,Summer,424.94464111328125
2025-06-01,2025,6,June,2025-06,SOUTHEAST_ASIA,VIETNAM,SWEATER,Summer,154.88804626464844
2025-06-01,2025,6,June,2025-06,SOUTHEAST_ASIA,VIETNAM,TOP,Summer,142.29647827148438
2025-06-01,2025,6,June,2025-06,SOUTHEAST_ASIA,VIETNAM,VEST,Summer,8.969688415527344
2025-07-01,2025,7,July,2025-07,OCEANIA,AUSTRALIA,BOOTS,Summer,105.20882415771484
2025-07-01,2025,7,July,2025-07,OCEANIA,AUSTRALIA,CARDIGAN,Summer,33.6693229675293
2025-07-01,2025,7,July,2025-07,OCEANIA,AUSTRALIA,JACKET,Summer,1127.5516357421875
2025-07-01,2025,7,July,2025-07,OCEANIA,AUSTRALIA,JEANS,Summer,110.79695892333984
2025-07-01,2025,7,July,2025-07,OCEANIA,AUSTRALIA,SANDALS,Summer,25.32188606262207
2025-07-01,2025,7,July,2025-07,OCEANIA,AUSTRALIA,SHIRT,Summer,836.5765380859375
2025-07-01,2025,7,July,2025-07,OCEANIA,AUSTRALIA,SNEAKERS,Summer,458.66607666015625
2025-07-01,2025,7,July,2025-07,OCEANIA,AUSTRALIA,SWEATER,Summer,296.56109619140625
2025-07-01,2025,7,July,2025-07,OCEANIA,AUSTRALIA,TOP,Summer,189.52120971679688
2025-07-01,2025,7,July,2025-07,OCEANIA,AUSTRALIA,VEST,Summer,17.15763282775879
2025-07-01,2025,7,July,2025-07,LATIN_AMERICA,BRAZIL,BOOTS,Summer,199.4691925048828
2025-07-01,2025,7,July,2025-07,LATIN_AMERICA,BRAZIL,CARDIGAN,Summer,92.20207977294922
2025-07-01,2025,7,July,2025-07,LATIN_AMERICA,BRAZIL,JACKET,Summer,2036.677490234375
2025-07-01,2025,7,July,2025-07,LATIN_AMERICA,BRAZIL,JEANS,Summer,210.1699981689453
2025-07-01,2025,7,July,2025-07,LATIN_AMERICA,BRAZIL,SANDALS,Summer,48.929386138916016
2025-07-01,2025,7,July,2025-07,LATIN_AMERICA,BRAZIL,SHIRT,Summer,1489.5926513671875
2025-07-01,2025,7,July,2025-07,LATIN_AMERICA,BRAZIL,SNEAKERS,Summer,978.062255859375
2025-07-01,2025,7,July,2025-07,LATIN_AMERICA,BRAZIL,SWEATER,Summer,529.6173706054688
2025-07-01,2025,7,July,2025-07,LATIN_AMERICA,BRAZIL,TOP,Summer,301.282470703125
2025-07-01,2025,7,July,2025-07,LATIN_AMERICA,BRAZIL,VEST,Summer,32.16167068481445
2025-07-01,2025,7,July,2025-07,NORTH_AMERICA,CANADA,BOOTS,Summer,80.06986999511719
2025-07-01,2025,7,July,2025-07,NORTH_AMERICA,CANADA,CARDIGAN,Summer,35.9036865234375
2025-07-01,2025,7,July,2025-07,NORTH_AMERICA,CANADA,JACKET,Summer,861.6913452148438
2025-07-01,2025,7,July,2025-07,NORTH_AMERICA,CANADA,JEANS,Summer,96.24938201904297
2025-07-01,2025,7,July,2025-07,NORTH_AMERICA,CANADA,SANDALS,Summer,92.06818389892578
2025-07-01,2025,7,July,2025-07,NORTH_AMERICA,CANADA,SHIRT,Summer,874.5316162109375
2025-07-01,2025,7,July,2025-07,NORTH_AMERICA,CANADA,SNEAKERS,Summer,525.5435791015625
2025-07-01,2025,7,July,2025-07,NORTH_AMERICA,CANADA,SWEATER,Summer,431.3988037109375
2025-07-01,2025,7,July,2025-07,NORTH_AMERICA,CANADA,TOP,Summer,190.85943603515625
2025-07-01,2025,7,July,2025-07,NORTH_AMERICA,CANADA,VEST,Summer,15.330690383911133
2025-07-01,2025,7,July,2025-07,EAST_ASIA,CHINA,BOOTS,Summer,210.2582244873047
2025-07-01,2025,7,July,2025-07,EAST_ASIA,CHINA,CARDIGAN,Summer,106.56741333007812
2025-07-01,2025,7,July,2025-07,EAST_ASIA,CHINA,JACKET,Summer,2267.4443359375
2025-07-01,2025,7,July,2025-07,EAST_ASIA,CHINA,JEANS,Summer,348.8840026855469
2025-07-01,2025,7,July,2025-07,EAST_ASIA,CHINA,SANDALS,Summer,280.9594421386719
2025-07-01,2025,7,July,2025-07,EAST_ASIA,CHINA,SHIRT,Summer,2377.755126953125
2025-07-01,2025,7,July,2025-07,EAST_ASIA,CHINA,SNEAKERS,Summer,1346.6795654296875
2025-07-01,2025,7,July,2025-07,EAST_ASIA,CHINA,SWEATER,Summer,1034.03466796875
2025-07-01,2025,7,July,2025-07,EAST_ASIA,CHINA,TOP,Summer,464.5970458984375
2025-07-01,2025,7,July,2025-07,EAST_ASIA,CHINA,VEST,Summer,46.43070602416992
2025-07-01,2025,7,July,2025-07,WESTERN_EUROPE,FRANCE,BOOTS,Summer,258.22412109375
2025-07-01,2025,7,July,2025-07,WESTERN_EUROPE,FRANCE,CARDIGAN,Summer,114.01338958740234
2025-07-01,2025,7,July,2025-07,WESTERN_EUROPE,FRANCE,JACKET,Summer,2290.43212890625
2025-07-01,2025,7,July,2025-07,WESTERN_EUROPE,FRANCE,JEANS,Summer,339.0403747558594
2025-07-01,2025,7,July,2025-07,WESTERN_EUROPE,FRANCE,SANDALS,Summer,270.8497314453125
2025-07-01,2025,7,July,2025-07,WESTERN_EUROPE,FRANCE,SHIRT,Summer,2741.9638671875
2025-07-01,2025,7,July,2025-07,WESTERN_EUROPE,FRANCE,SNEAKERS,Summer,1503.3387451171875
2025-07-01,2025,7,July,2025-07,WESTERN_EUROPE,FRANCE,SWEATER,Summer,1285.1990966796875
2025-07-01,2025,7,July,2025-07,WESTERN_EUROPE,FRANCE,TOP,Summer,514.6658935546875
2025-07-01,2025,7,July,2025-07,WESTERN_EUROPE,FRANCE,VEST,Summer,50.47479248046875
2025-07-01,2025,7,July,2025-07,WESTERN_EUROPE,GERMANY,BOOTS,Summer,259.2633972167969
2025-07-01,2025,7,July,2025-07,WESTERN_EUROPE,GERMANY,CARDIGAN,Summer,139.1764678955078
2025-07-01,2025,7,July,2025-07,WESTERN_EUROPE,GERMANY,JACKET,Summer,3262.701171875
2025-07-01,2025,7,July,2025-07,WESTERN_EUROPE,GERMANY,JEANS,Summer,386.7389831542969
2025-07-01,2025,7,July,2025-07,WESTERN_EUROPE,GERMANY,SANDALS,Summer,337.1123046875
2025-07-01,2025,7,July,2025-07,WESTERN_EUROPE,GERMANY,SHIRT,Summer,3407.694580078125
2025-07-01,2025,7,July,2025-07,WESTERN_EUROPE,GERMANY,SNEAKERS,Summer,1938.3468017578125
2025-07-01,2025,7,July,2025-07,WESTERN_EUROPE,GERMANY,SWEATER,Summer,1450.2353515625
2025-07-01,2025,7,July,2025-07,WESTERN_EUROPE,GERMANY,TOP,Summer,598.9042358398438
2025-07-01,2025,7,July,2025-07,WESTERN_EUROPE,GERMANY,VEST,Summer,72.46024322509766
2025-07-01,2025,7,July,2025-07,SOUTH_ASIA,INDIA,BOOTS,Summer,158.52890014648438
2025-07-01,2025,7,July,2025-07,SOUTH_ASIA,INDIA,CARDIGAN,Summer,77.5471420288086
2025-07-01,2025,7,July,2025-07,SOUTH_ASIA,INDIA,JACKET,Summer,1836.7606201171875
2025-07-01,2025,7,July,2025-07,SOUTH_ASIA,INDIA,JEANS,Summer,224.1470489501953
2025-07-01,2025,7,July,2025-07,SOUTH_ASIA,INDIA,SANDALS,Summer,236.83953857421875
2025-07-01,2025,7,July,2025-07,SOUTH_ASIA,INDIA,SHIRT,Summer,2038.6207275390625
2025-07-01,2025,7,July,2025-07,SOUTH_ASIA,INDIA,SNEAKERS,Summer,1150.292724609375
2025-07-01,2025,7,July,2025-07,SOUTH_ASIA,INDIA,SWEATER,Summer,902.5242919921875
2025-07-01,2025,7,July,2025-07,SOUTH_ASIA,INDIA,TOP,Summer,340.9479675292969
2025-07-01,2025,7,July,2025-07,SOUTH_ASIA,INDIA,VEST,Summer,32.623905181884766
2025-07-01,2025,7,July,2025-07,SOUTHEAST_ASIA,INDONESIA,BOOTS,Summer,134.44078063964844
2025-07-01,2025,7,July,2025-07,SOUTHEAST_ASIA,INDONESIA,CARDIGAN,Summer,46.389041900634766
2025-07-01,2025,7,July,2025-07,SOUTHEAST_ASIA,INDONESIA,JACKET,Summer,1326.29638671875
2025-07-01,2025,7,July,2025-07,SOUTHEAST_ASIA,INDONESIA,JEANS,Summer,183.4189910888672
2025-07-01,2025,7,July,2025-07,SOUTHEAST_ASIA,INDONESIA,SANDALS,Summer,159.31350708007812
2025-07-01,2025,7,July,2025-07,SOUTHEAST_ASIA,INDONESIA,SHIRT,Summer,1392.1380615234375
2025-07-01,2025,7,July,2025-07,SOUTHEAST_ASIA,INDONESIA,SNEAKERS,Summer,736.7529907226562
2025-07-01,2025,7,July,2025-07,SOUTHEAST_ASIA,INDONESIA,SWEATER,Summer,640.4925537109375
2025-07-01,2025,7,July,2025-07,SOUTHEAST_ASIA,INDONESIA,TOP,Summer,245.90476989746094
2025-07-01,2025,7,July,2025-07,SOUTHEAST_ASIA,INDONESIA,VEST,Summer,22.54851722717285
2025-07-01,2025,7,July,2025-07,EAST_ASIA,JAPAN,BOOTS,Summer,137.13970947265625
2025-07-01,2025,7,July,2025-07,EAST_ASIA,JAPAN,CARDIGAN,Summer,53.851531982421875
2025-07-01,2025,7,July,2025-07,EAST_ASIA,JAPAN,JACKET,Summer,1202.339599609375
2025-07-01,2025,7,July,2025-07,EAST_ASIA,JAPAN,JEANS,Summer,189.6954345703125
2025-07-01,2025,7,July,2025-07,EAST_ASIA,JAPAN,SANDALS,Summer,153.34779357910156
2025-07-01,2025,7,July,2025-07,EAST_ASIA,JAPAN,SHIRT,Summer,1305.2232666015625
2025-07-01,2025,7,July,2025-07,EAST_ASIA,JAPAN,SNEAKERS,Summer,662.1332397460938
2025-07-01,2025,7,July,2025-07,EAST_ASIA,JAPAN,SWEATER,Summer,686.576171875
2025-07-01,2025,7,July,2025-07,EAST_ASIA,JAPAN,TOP,Summer,257.3775634765625
2025-07-01,2025,7,July,2025-07,EAST_ASIA,JAPAN,VEST,Summer,22.091358184814453
2025-07-01,2025,7,July,2025-07,LATIN_AMERICA,MEXICO,BOOTS,Summer,116.57001495361328
2025-07-01,2025,7,July,2025-07,LATIN_AMERICA,MEXICO,CARDIGAN,Summer,37.97484588623047
2025-07-01,2025,7,July,2025-07,LATIN_AMERICA,MEXICO,JACKET,Summer,1126.0888671875
2025-07-01,2025,7,July,2025-07,LATIN_AMERICA,MEXICO,JEANS,Summer,140.42193603515625
2025-07-01,2025,7,July,2025-07,LATIN_AMERICA,MEXICO,SANDALS,Summer,128.9897918701172
2025-07-01,2025,7,July,2025-07,LATIN_AMERICA,MEXICO,SHIRT,Summer,1211.44384765625
2025-07-01,2025,7,July,2025-07,LATIN_AMERICA,MEXICO,SNEAKERS,Summer,666.1233520507812
2025-07-01,2025,7,July,2025-07,LATIN_AMERICA,MEXICO,SWEATER,Summer,547.6727905273438
2025-07-01,2025,7,July,2025-07,LATIN_AMERICA,MEXICO,TOP,Summer,231.91055297851562
2025-07-01,2025,7,July,2025-07,LATIN_AMERICA,MEXICO,VEST,Summer,16.689285278320312
2025-07-01,2025,7,July,2025-07,OCEANIA,NEW_ZEALAND,BOOTS,Summer,30.934234619140625
2025-07-01,2025,7,July,2025-07,OCEANIA,NEW_ZEALAND,CARDIGAN,Summer,10.585471153259277
2025-07-01,2025,7,July,2025-07,OCEANIA,NEW_ZEALAND,JACKET,Summer,337.4771728515625
2025-07-01,2025,7,July,2025-07,OCEANIA,NEW_ZEALAND,JEANS,Summer,27.15544891357422
2025-07-01,2025,7,July,2025-07,OCEANIA,NEW_ZEALAND,SANDALS,Summer,8.962714195251465
2025-07-01,2025,7,July,2025-07,OCEANIA,NEW_ZEALAND,SHIRT,Summer,272.9925842285156
2025-07-01,2025,7,July,2025-07,OCEANIA,NEW_ZEALAND,SNEAKERS,Summer,148.63296508789062
2025-07-01,2025,7,July,2025-07,OCEANIA,NEW_ZEALAND,SWEATER,Summer,91.38888549804688
2025-07-01,2025,7,July,2025-07,OCEANIA,NEW_ZEALAND,TOP,Summer,44.12403869628906
2025-07-01,2025,7,July,2025-07,OCEANIA,NEW_ZEALAND,VEST,Summer,6.110485553741455
2025-07-01,2025,7,July,2025-07,SOUTH_ASIA,PAKISTAN,BOOTS,Summer,47.45497512817383
2025-07-01,2025,7,July,2025-07,SOUTH_ASIA,PAKISTAN,CARDIGAN,Summer,20.61355972290039
2025-07-01,2025,7,July,2025-07,SOUTH_ASIA,PAKISTAN,JACKET,Summer,598.94482421875
2025-07-01,2025,7,July,2025-07,SOUTH_ASIA,PAKISTAN,JEANS,Summer,64.377685546875
2025-07-01,2025,7,July,2025-07,SOUTH_ASIA,PAKISTAN,SANDALS,Summer,74.67728424072266
2025-07-01,2025,7,July,2025-07,SOUTH_ASIA,PAKISTAN,SHIRT,Summer,639.666259765625
2025-07-01,2025,7,July,2025-07,SOUTH_ASIA,PAKISTAN,SNEAKERS,Summer,316.7189025878906
2025-07-01,2025,7,July,2025-07,SOUTH_ASIA,PAKISTAN,SWEATER,Summer,272.71429443359375
2025-07-01,2025,7,July,2025-07,SOUTH_ASIA,PAKISTAN,TOP,Summer,118.05145263671875
2025-07-01,2025,7,July,2025-07,SOUTH_ASIA,PAKISTAN,VEST,Summer,11.522957801818848
2025-07-01,2025,7,July,2025-07,EASTERN_EUROPE,POLAND,BOOTS,Summer,100.19261932373047
2025-07-01,2025,7,July,2025-07,EASTERN_EUROPE,POLAND,CARDIGAN,Summer,40.5822868347168
2025-07-01,2025,7,July,2025-07,EASTERN_EUROPE,POLAND,JACKET,Summer,938.1976928710938
2025-07-01,2025,7,July,2025-07,EASTERN_EUROPE,POLAND,JEANS,Summer,125.13824462890625
2025-07-01,2025,7,July,2025-07,EASTERN_EUROPE,POLAND,SANDALS,Summer,117.21949005126953
2025-07-01,2025,7,July,2025-07,EASTERN_EUROPE,POLAND,SHIRT,Summer,967.2844848632812
2025-07-01,2025,7,July,2025-07,EASTERN_EUROPE,POLAND,SNEAKERS,Summer,536.7329711914062
2025-07-01,2025,7,July,2025-07,EASTERN_EUROPE,POLAND,SWEATER,Summer,473.1799011230469
2025-07-01,2025,7,July,2025-07,EASTERN_EUROPE,POLAND,TOP,Summer,231.06427001953125
2025-07-01,2025,7,July,2025-07,EASTERN_EUROPE,POLAND,VEST,Summer,17.548110961914062
2025-07-01,2025,7,July,2025-07,EASTERN_EUROPE,RUSSIA,BOOTS,Summer,56.66639709472656
2025-07-01,2025,7,July,2025-07,EASTERN_EUROPE,RUSSIA,CARDIGAN,Summer,22.88886833190918
2025-07-01,2025,7,July,2025-07,EASTERN_EUROPE,RUSSIA,JACKET,Summer,614.0017700195312
2025-07-01,2025,7,July,2025-07,EASTERN_EUROPE,RUSSIA,JEANS,Summer,80.13062286376953
2025-07-01,2025,7,July,2025-07,EASTERN_EUROPE,RUSSIA,SANDALS,Summer,61.566917419433594
2025-07-01,2025,7,July,2025-07,EASTERN_EUROPE,RUSSIA,SHIRT,Summer,612.2880249023438
2025-07-01,2025,7,July,2025-07,EASTERN_EUROPE,RUSSIA,SNEAKERS,Summer,327.03363037109375
2025-07-01,2025,7,July,2025-07,EASTERN_EUROPE,RUSSIA,SWEATER,Summer,338.9004821777344
2025-07-01,2025,7,July,2025-07,EASTERN_EUROPE,RUSSIA,TOP,Summer,135.35240173339844
2025-07-01,2025,7,July,2025-07,EASTERN_EUROPE,RUSSIA,VEST,Summer,12.205223083496094
2025-07-01,2025,7,July,2025-07,MIDDLE_EAST,SAUDI_ARABIA,BOOTS,Summer,124.5833511352539
2025-07-01,2025,7,July,2025-07,MIDDLE_EAST,SAUDI_ARABIA,CARDIGAN,Summer,53.23075866699219
2025-07-01,2025,7,July,2025-07,MIDDLE_EAST,SAUDI_ARABIA,JACKET,Summer,1204.607666015625
2025-07-01,2025,7,July,2025-07,MIDDLE_EAST,SAUDI_ARABIA,JEANS,Summer,185.66067504882812
2025-07-01,2025,7,July,2025-07,MIDDLE_EAST,SAUDI_ARABIA,SANDALS,Summer,171.1759033203125
2025-07-01,2025,7,July,2025-07,MIDDLE_EAST,SAUDI_ARABIA,SHIRT,Summer,1602.274169921875
2025-07-01,2025,7,July,2025-07,MIDDLE_EAST,SAUDI_ARABIA,SNEAKERS,Summer,815.8031005859375
2025-07-01,2025,7,July,2025-07,MIDDLE_EAST,SAUDI_ARABIA,SWEATER,Summer,670.1890258789062
2025-07-01,2025,7,July,2025-07,MIDDLE_EAST,SAUDI_ARABIA,TOP,Summer,278.1723327636719
2025-07-01,2025,7,July,2025-07,MIDDLE_EAST,SAUDI_ARABIA,VEST,Summer,21.961334228515625
2025-07-01,2025,7,July,2025-07,MIDDLE_EAST,UAE,BOOTS,Summer,113.21993255615234
2025-07-01,2025,7,July,2025-07,MIDDLE_EAST,UAE,CARDIGAN,Summer,37.33119583129883
2025-07-01,2025,7,July,2025-07,MIDDLE_EAST,UAE,JACKET,Summer,1052.9476318359375
2025-07-01,2025,7,July,2025-07,MIDDLE_EAST,UAE,JEANS,Summer,144.04542541503906
2025-07-01,2025,7,July,2025-07,MIDDLE_EAST,UAE,SANDALS,Summer,115.84648132324219
2025-07-01,2025,7,July,2025-07,MIDDLE_EAST,UAE,SHIRT,Summer,1145.6036376953125
2025-07-01,2025,7,July,2025-07,MIDDLE_EAST,UAE,SNEAKERS,Summer,600.1655883789062
2025-07-01,2025,7,July,2025-07,MIDDLE_EAST,UAE,SWEATER,Summer,531.7797241210938
2025-07-01,2025,7,July,2025-07,MIDDLE_EAST,UAE,TOP,Summer,236.20947265625
2025-07-01,2025,7,July,2025-07,MIDDLE_EAST,UAE,VEST,Summer,18.50625228881836
2025-07-01,2025,7,July,2025-07,NORTH_AMERICA,UNITED_STATES,BOOTS,Summer,374.016845703125
2025-07-01,2025,7,July,2025-07,NORTH_AMERICA,UNITED_STATES,CARDIGAN,Summer,173.97804260253906
2025-07-01,2025,7,July,2025-07,NORTH_AMERICA,UNITED_STATES,JACKET,Summer,3604.4736328125
2025-07-01,2025,7,July,2025-07,NORTH_AMERICA,UNITED_STATES,JEANS,Summer,554.7638549804688
2025-07-01,2025,7,July,2025-07,NORTH_AMERICA,UNITED_STATES,SANDALS,Summer,410.1215515136719
2025-07-01,2025,7,July,2025-07,NORTH_AMERICA,UNITED_STATES,SHIRT,Summer,4298.54052734375
2025-07-01,2025,7,July,2025-07,NORTH_AMERICA,UNITED_STATES,SNEAKERS,Summer,2328.99755859375
2025-07-01,2025,7,July,2025-07,NORTH_AMERICA,UNITED_STATES,SWEATER,Summer,1823.8951416015625
2025-07-01,2025,7,July,2025-07,NORTH_AMERICA,UNITED_STATES,TOP,Summer,706.7783203125
2025-07-01,2025,7,July,2025-07,NORTH_AMERICA,UNITED_STATES,VEST,Summer,91.06266784667969
2025-07-01,2025,7,July,2025-07,SOUTHEAST_ASIA,VIETNAM,BOOTS,Summer,78.35128784179688
2025-07-01,2025,7,July,2025-07,SOUTHEAST_ASIA,VIETNAM,CARDIGAN,Summer,33.23684310913086
2025-07-01,2025,7,July,2025-07,SOUTHEAST_ASIA,VIETNAM,JACKET,Summer,839.8358764648438
2025-07-01,2025,7,July,2025-07,SOUTHEAST_ASIA,VIETNAM,JEANS,Summer,92.865234375
2025-07-01,2025,7,July,2025-07,SOUTHEAST_ASIA,VIETNAM,SANDALS,Summer,92.09219360351562
2025-07-01,2025,7,July,2025-07,SOUTHEAST_ASIA,VIETNAM,SHIRT,Summer,928.9857788085938
2025-07-01,2025,7,July,2025-07,SOUTHEAST_ASIA,VIETNAM,SNEAKERS,Summer,466.385009765625
2025-07-01,2025,7,July,2025-07,SOUTHEAST_ASIA,VIETNAM,SWEATER,Summer,429.04443359375
2025-07-01,2025,7,July,2025-07,SOUTHEAST_ASIA,VIETNAM,TOP,Summer,191.1117401123047
2025-07-01,2025,7,July,2025-07,SOUTHEAST_ASIA,VIETNAM,VEST,Summer,15.447908401489258
2025-08-01,2025,8,August,2025-08,OCEANIA,AUSTRALIA,BOOTS,Summer,107.4646987915039
2025-08-01,2025,8,August,2025-08,OCEANIA,AUSTRALIA,CARDIGAN,Summer,32.14142990112305
2025-08-01,2025,8,August,2025-08,OCEANIA,AUSTRALIA,JACKET,Summer,1186.6427001953125
2025-08-01,2025,8,August,2025-08,OCEANIA,AUSTRALIA,JEANS,Summer,103.83829498291016
2025-08-01,2025,8,August,2025-08,OCEANIA,AUSTRALIA,SANDALS,Summer,18.900732040405273
2025-08-01,2025,8,August,2025-08,OCEANIA,AUSTRALIA,SHIRT,Summer,757.0140991210938
2025-08-01,2025,8,August,2025-08,OCEANIA,AUSTRALIA,SNEAKERS,Summer,476.3694152832031
2025-08-01,2025,8,August,2025-08,OCEANIA,AUSTRALIA,SWEATER,Summer,243.87144470214844
2025-08-01,2025,8,August,2025-08,OCEANIA,AUSTRALIA,TOP,Summer,183.5698699951172
2025-08-01,2025,8,August,2025-08,OCEANIA,AUSTRALIA,VEST,Summer,18.6108455657959
2025-08-01,2025,8,August,2025-08,LATIN_AMERICA,BRAZIL,BOOTS,Summer,202.3053741455078
2025-08-01,2025,8,August,2025-08,LATIN_AMERICA,BRAZIL,CARDIGAN,Summer,86.09961700439453
2025-08-01,2025,8,August,2025-08,LATIN_AMERICA,BRAZIL,JACKET,Summer,2305.007080078125
2025-08-01,2025,8,August,2025-08,LATIN_AMERICA,BRAZIL,JEANS,Summer,209.39639282226562
2025-08-01,2025,8,August,2025-08,LATIN_AMERICA,BRAZIL,SANDALS,Summer,35.70100784301758
2025-08-01,2025,8,August,2025-08,LATIN_AMERICA,BRAZIL,SHIRT,Summer,1498.8170166015625
2025-08-01,2025,8,August,2025-08,LATIN_AMERICA,BRAZIL,SNEAKERS,Summer,1042.0107421875
2025-08-01,2025,8,August,2025-08,LATIN_AMERICA,BRAZIL,SWEATER,Summer,424.33514404296875
2025-08-01,2025,8,August,2025-08,LATIN_AMERICA,BRAZIL,TOP,Summer,303.62091064453125
2025-08-01,2025,8,August,2025-08,LATIN_AMERICA,BRAZIL,VEST,Summer,34.02073669433594
2025-08-01,2025,8,August,2025-08,NORTH_AMERICA,CANADA,BOOTS,Summer,118.0739974975586
2025-08-01,2025,8,August,2025-08,NORTH_AMERICA,CANADA,CARDIGAN,Summer,45.65348815917969
2025-08-01,2025,8,August,2025-08,NORTH_AMERICA,CANADA,JACKET,Summer,1231.773193359375
2025-08-01,2025,8,August,2025-08,NORTH_AMERICA,CANADA,JEANS,Summer,130.22427368164062
2025-08-01,2025,8,August,2025-08,NORTH_AMERICA,CANADA,SANDALS,Summer,36.50136184692383
2025-08-01,2025,8,August,2025-08,NORTH_AMERICA,CANADA,SHIRT,Summer,813.3383178710938
2025-08-01,2025,8,August,2025-08,NORTH_AMERICA,CANADA,SNEAKERS,Summer,548.458251953125
2025-08-01,2025,8,August,2025-08,NORTH_AMERICA,CANADA,SWEATER,Summer,601.8995361328125
2025-08-01,2025,8,August,2025-08,NORTH_AMERICA,CANADA,TOP,Summer,241.32705688476562
2025-08-01,2025,8,August,2025-08,NORTH_AMERICA,CANADA,VEST,Summer,20.962932586669922
2025-08-01,2025,8,August,2025-08,EAST_ASIA,CHINA,BOOTS,Summer,284.89111328125
2025-08-01,2025,8,August,2025-08,EAST_ASIA,CHINA,CARDIGAN,Summer,158.8648681640625
2025-08-01,2025,8,August,2025-08,EAST_ASIA,CHINA,JACKET,Summer,3335.15625
2025-08-01,2025,8,August,2025-08,EAST_ASIA,CHINA,JEANS,Summer,414.4977111816406
2025-08-01,2025,8,August,2025-08,EAST_ASIA,CHINA,SANDALS,Summer,135.22059631347656
2025-08-01,2025,8,August,2025-08,EAST_ASIA,CHINA,SHIRT,Summer,2197.4482421875
2025-08-01,2025,8,August,2025-08,EAST_ASIA,CHINA,SNEAKERS,Summer,1535.8037109375
2025-08-01,2025,8,August,2025-08,EAST_ASIA,CHINA,SWEATER,Summer,1634.8114013671875
2025-08-01,2025,8,August,2025-08,EAST_ASIA,CHINA,TOP,Summer,561.8255004882812
2025-08-01,2025,8,August,2025-08,EAST_ASIA,CHINA,VEST,Summer,62.73845291137695
2025-08-01,2025,8,August,2025-08,WESTERN_EUROPE,FRANCE,BOOTS,Summer,370.02301025390625
2025-08-01,2025,8,August,2025-08,WESTERN_EUROPE,FRANCE,CARDIGAN,Summer,189.46307373046875
2025-08-01,2025,8,August,2025-08,WESTERN_EUROPE,FRANCE,JACKET,Summer,3572.603515625
2025-08-01,2025,8,August,2025-08,WESTERN_EUROPE,FRANCE,JEANS,Summer,418.8359680175781
2025-08-01,2025,8,August,2025-08,WESTERN_EUROPE,FRANCE,SANDALS,Summer,128.19020080566406
2025-08-01,2025,8,August,2025-08,WESTERN_EUROPE,FRANCE,SHIRT,Summer,2776.685302734375
2025-08-01,2025,8,August,2025-08,WESTERN_EUROPE,FRANCE,SNEAKERS,Summer,1609.4735107421875
2025-08-01,2025,8,August,2025-08,WESTERN_EUROPE,FRANCE,SWEATER,Summer,2260.2958984375
2025-08-01,2025,8,August,2025-08,WESTERN_EUROPE,FRANCE,TOP,Summer,649.0463256835938
2025-08-01,2025,8,August,2025-08,WESTERN_EUROPE,FRANCE,VEST,Summer,64.85969543457031
2025-08-01,2025,8,August,2025-08,WESTERN_EUROPE,GERMANY,BOOTS,Summer,390.5715026855469
2025-08-01,2025,8,August,2025-08,WESTERN_EUROPE,GERMANY,CARDIGAN,Summer,215.2174530029297
2025-08-01,2025,8,August,2025-08,WESTERN_EUROPE,GERMANY,JACKET,Summer,5023.443359375
2025-08-01,2025,8,August,2025-08,WESTERN_EUROPE,GERMANY,JEANS,Summer,471.0522766113281
2025-08-01,2025,8,August,2025-08,WESTERN_EUROPE,GERMANY,SANDALS,Summer,177.92230224609375
2025-08-01,2025,8,August,2025-08,WESTERN_EUROPE,GERMANY,SHIRT,Summer,2936.468505859375
2025-08-01,2025,8,August,2025-08,WESTERN_EUROPE,GERMANY,SNEAKERS,Summer,2076.80078125
2025-08-01,2025,8,August,2025-08,WESTERN_EUROPE,GERMANY,SWEATER,Summer,2202.448974609375
2025-08-01,2025,8,August,2025-08,WESTERN_EUROPE,GERMANY,TOP,Summer,761.4912109375
2025-08-01,2025,8,August,2025-08,WESTERN_EUROPE,GERMANY,VEST,Summer,91.2475814819336
2025-08-01,2025,8,August,2025-08,SOUTH_ASIA,INDIA,BOOTS,Summer,241.09490966796875
2025-08-01,2025,8,August,2025-08,SOUTH_ASIA,INDIA,CARDIGAN,Summer,117.88733673095703
2025-08-01,2025,8,August,2025-08,SOUTH_ASIA,INDIA,JACKET,Summer,2644.548828125
2025-08-01,2025,8,August,2025-08,SOUTH_ASIA,INDIA,JEANS,Summer,263.67236328125
2025-08-01,2025,8,August,2025-08,SOUTH_ASIA,INDIA,SANDALS,Summer,100.57627868652344
2025-08-01,2025,8,August,2025-08,SOUTH_ASIA,INDIA,SHIRT,Summer,1964.9637451171875
2025-08-01,2025,8,August,2025-08,SOUTH_ASIA,INDIA,SNEAKERS,Summer,1296.210693359375
2025-08-01,2025,8,August,2025-08,SOUTH_ASIA,INDIA,SWEATER,Summer,1343.468994140625
2025-08-01,2025,8,August,2025-08,SOUTH_ASIA,INDIA,TOP,Summer,430.2633972167969
2025-08-01,2025,8,August,2025-08,SOUTH_ASIA,INDIA,VEST,Summer,40.84585952758789
2025-08-01,2025,8,August,2025-08,SOUTHEAST_ASIA,INDONESIA,BOOTS,Summer,190.31459045410156
2025-08-01,2025,8,August,2025-08,SOUTHEAST_ASIA,INDONESIA,CARDIGAN,Summer,88.16665649414062
2025-08-01,2025,8,August,2025-08,SOUTHEAST_ASIA,INDONESIA,JACKET,Summer,1935.9781494140625
2025-08-01,2025,8,August,2025-08,SOUTHEAST_ASIA,INDONESIA,JEANS,Summer,220.9525146484375
2025-08-01,2025,8,August,2025-08,SOUTHEAST_ASIA,INDONESIA,SANDALS,Summer,69.5804672241211
2025-08-01,2025,8,August,2025-08,SOUTHEAST_ASIA,INDONESIA,SHIRT,Summer,1249.9810791015625
2025-08-01,2025,8,August,2025-08,SOUTHEAST_ASIA,INDONESIA,SNEAKERS,Summer,838.3748779296875
2025-08-01,2025,8,August,2025-08,SOUTHEAST_ASIA,INDONESIA,SWEATER,Summer,934.0731811523438
2025-08-01,2025,8,August,2025-08,SOUTHEAST_ASIA,INDONESIA,TOP,Summer,294.0550537109375
2025-08-01,2025,8,August,2025-08,SOUTHEAST_ASIA,INDONESIA,VEST,Summer,31.6622314453125
2025-08-01,2025,8,August,2025-08,EAST_ASIA,JAPAN,BOOTS,Summer,188.2500457763672
2025-08-01,2025,8,August,2025-08,EAST_ASIA,JAPAN,CARDIGAN,Summer,95.54132080078125
2025-08-01,2025,8,August,2025-08,EAST_ASIA,JAPAN,JACKET,Summer,1835.4483642578125
2025-08-01,2025,8,August,2025-08,EAST_ASIA,JAPAN,JEANS,Summer,223.9660186767578
2025-08-01,2025,8,August,2025-08,EAST_ASIA,JAPAN,SANDALS,Summer,66.12626647949219
2025-08-01,2025,8,August,2025-08,EAST_ASIA,JAPAN,SHIRT,Summer,1307.78515625
2025-08-01,2025,8,August,2025-08,EAST_ASIA,JAPAN,SNEAKERS,Summer,719.5526733398438
2025-08-01,2025,8,August,2025-08,EAST_ASIA,JAPAN,SWEATER,Summer,927.6063842773438
2025-08-01,2025,8,August,2025-08,EAST_ASIA,JAPAN,TOP,Summer,303.11859130859375
2025-08-01,2025,8,August,2025-08,EAST_ASIA,JAPAN,VEST,Summer,29.006196975708008
2025-08-01,2025,8,August,2025-08,LATIN_AMERICA,MEXICO,BOOTS,Summer,158.42897033691406
2025-08-01,2025,8,August,2025-08,LATIN_AMERICA,MEXICO,CARDIGAN,Summer,68.6028823852539
2025-08-01,2025,8,August,2025-08,LATIN_AMERICA,MEXICO,JACKET,Summer,1614.824951171875
2025-08-01,2025,8,August,2025-08,LATIN_AMERICA,MEXICO,JEANS,Summer,179.15646362304688
2025-08-01,2025,8,August,2025-08,LATIN_AMERICA,MEXICO,SANDALS,Summer,56.95338439941406
2025-08-01,2025,8,August,2025-08,LATIN_AMERICA,MEXICO,SHIRT,Summer,1073.0694580078125
2025-08-01,2025,8,August,2025-08,LATIN_AMERICA,MEXICO,SNEAKERS,Summer,737.1671752929688
2025-08-01,2025,8,August,2025-08,LATIN_AMERICA,MEXICO,SWEATER,Summer,715.7827758789062
2025-08-01,2025,8,August,2025-08,LATIN_AMERICA,MEXICO,TOP,Summer,277.6754455566406
2025-08-01,2025,8,August,2025-08,LATIN_AMERICA,MEXICO,VEST,Summer,26.362451553344727
2025-08-01,2025,8,August,2025-08,OCEANIA,NEW_ZEALAND,BOOTS,Summer,27.98863983154297
2025-08-01,2025,8,August,2025-08,OCEANIA,NEW_ZEALAND,CARDIGAN,Summer,10.255663871765137
2025-08-01,2025,8,August,2025-08,OCEANIA,NEW_ZEALAND,JACKET,Summer,388.37646484375
2025-08-01,2025,8,August,2025-08,OCEANIA,NEW_ZEALAND,JEANS,Summer,29.553743362426758
2025-08-01,2025,8,August,2025-08,OCEANIA,NEW_ZEALAND,SANDALS,Summer,6.763619899749756
2025-08-01,2025,8,August,2025-08,OCEANIA,NEW_ZEALAND,SHIRT,Summer,262.96868896484375
2025-08-01,2025,8,August,2025-08,OCEANIA,NEW_ZEALAND,SNEAKERS,Summer,163.42416381835938
2025-08-01,2025,8,August,2025-08,OCEANIA,NEW_ZEALAND,SWEATER,Summer,79.62821960449219
2025-08-01,2025,8,August,2025-08,OCEANIA,NEW_ZEALAND,TOP,Summer,44.8170166015625
2025-08-01,2025,8,August,2025-08,OCEANIA,NEW_ZEALAND,VEST,Summer,6.7428131103515625
2025-08-01,2025,8,August,2025-08,SOUTH_ASIA,PAKISTAN,BOOTS,Summer,67.4026107788086
2025-08-01,2025,8,August,2025-08,SOUTH_ASIA,PAKISTAN,CARDIGAN,Summer,34.9183235168457
2025-08-01,2025,8,August,2025-08,SOUTH_ASIA,PAKISTAN,JACKET,Summer,895.7525634765625
2025-08-01,2025,8,August,2025-08,SOUTH_ASIA,PAKISTAN,JEANS,Summer,83.84329223632812
2025-08-01,2025,8,August,2025-08,SOUTH_ASIA,PAKISTAN,SANDALS,Summer,35.04524612426758
2025-08-01,2025,8,August,2025-08,SOUTH_ASIA,PAKISTAN,SHIRT,Summer,590.3771362304688
2025-08-01,2025,8,August,2025-08,SOUTH_ASIA,PAKISTAN,SNEAKERS,Summer,351.381591796875
2025-08-01,2025,8,August,2025-08,SOUTH_ASIA,PAKISTAN,SWEATER,Summer,386.7724609375
2025-08-01,2025,8,August,2025-08,SOUTH_ASIA,PAKISTAN,TOP,Summer,144.89222717285156
2025-08-01,2025,8,August,2025-08,SOUTH_ASIA,PAKISTAN,VEST,Summer,14.750009536743164
2025-08-01,2025,8,August,2025-08,EASTERN_EUROPE,POLAND,BOOTS,Summer,135.26016235351562
2025-08-01,2025,8,August,2025-08,EASTERN_EUROPE,POLAND,CARDIGAN,Summer,67.90277862548828
2025-08-01,2025,8,August,2025-08,EASTERN_EUROPE,POLAND,JACKET,Summer,1386.9039306640625
2025-08-01,2025,8,August,2025-08,EASTERN_EUROPE,POLAND,JEANS,Summer,157.40689086914062
2025-08-01,2025,8,August,2025-08,EASTERN_EUROPE,POLAND,SANDALS,Summer,46.15290832519531
2025-08-01,2025,8,August,2025-08,EASTERN_EUROPE,POLAND,SHIRT,Summer,974.272216796875
2025-08-01,2025,8,August,2025-08,EASTERN_EUROPE,POLAND,SNEAKERS,Summer,583.2677612304688
2025-08-01,2025,8,August,2025-08,EASTERN_EUROPE,POLAND,SWEATER,Summer,663.7617797851562
2025-08-01,2025,8,August,2025-08,EASTERN_EUROPE,POLAND,TOP,Summer,277.24615478515625
2025-08-01,2025,8,August,2025-08,EASTERN_EUROPE,POLAND,VEST,Summer,24.82185935974121
2025-08-01,2025,8,August,2025-08,EASTERN_EUROPE,RUSSIA,BOOTS,Summer,88.08259582519531
2025-08-01,2025,8,August,2025-08,EASTERN_EUROPE,RUSSIA,CARDIGAN,Summer,38.29069900512695
2025-08-01,2025,8,August,2025-08,EASTERN_EUROPE,RUSSIA,JACKET,Summer,827.7671508789062
2025-08-01,2025,8,August,2025-08,EASTERN_EUROPE,RUSSIA,JEANS,Summer,114.95121765136719
2025-08-01,2025,8,August,2025-08,EASTERN_EUROPE,RUSSIA,SANDALS,Summer,28.23560905456543
2025-08-01,2025,8,August,2025-08,EASTERN_EUROPE,RUSSIA,SHIRT,Summer,566.5780029296875
2025-08-01,2025,8,August,2025-08,EASTERN_EUROPE,RUSSIA,SNEAKERS,Summer,387.4295959472656
2025-08-01,2025,8,August,2025-08,EASTERN_EUROPE,RUSSIA,SWEATER,Summer,468.0711364746094
2025-08-01,2025,8,August,2025-08,EASTERN_EUROPE,RUSSIA,TOP,Summer,182.94517517089844
2025-08-01,2025,8,August,2025-08,EASTERN_EUROPE,RUSSIA,VEST,Summer,17.996896743774414
2025-08-01,2025,8,August,2025-08,MIDDLE_EAST,SAUDI_ARABIA,BOOTS,Summer,162.09280395507812
2025-08-01,2025,8,August,2025-08,MIDDLE_EAST,SAUDI_ARABIA,CARDIGAN,Summer,103.54525756835938
2025-08-01,2025,8,August,2025-08,MIDDLE_EAST,SAUDI_ARABIA,JACKET,Summer,1843.963134765625
2025-08-01,2025,8,August,2025-08,MIDDLE_EAST,SAUDI_ARABIA,JEANS,Summer,230.60813903808594
2025-08-01,2025,8,August,2025-08,MIDDLE_EAST,SAUDI_ARABIA,SANDALS,Summer,70.9234848022461
2025-08-01,2025,8,August,2025-08,MIDDLE_EAST,SAUDI_ARABIA,SHIRT,Summer,1466.69384765625
2025-08-01,2025,8,August,2025-08,MIDDLE_EAST,SAUDI_ARABIA,SNEAKERS,Summer,880.48046875
2025-08-01,2025,8,August,2025-08,MIDDLE_EAST,SAUDI_ARABIA,SWEATER,Summer,963.9916381835938
2025-08-01,2025,8,August,2025-08,MIDDLE_EAST,SAUDI_ARABIA,TOP,Summer,322.5450439453125
2025-08-01,2025,8,August,2025-08,MIDDLE_EAST,SAUDI_ARABIA,VEST,Summer,31.47433090209961
2025-08-01,2025,8,August,2025-08,MIDDLE_EAST,UAE,BOOTS,Summer,153.16302490234375
2025-08-01,2025,8,August,2025-08,MIDDLE_EAST,UAE,CARDIGAN,Summer,58.60917663574219
2025-08-01,2025,8,August,2025-08,MIDDLE_EAST,UAE,JACKET,Summer,1487.5400390625
2025-08-01,2025,8,August,2025-08,MIDDLE_EAST,UAE,JEANS,Summer,178.93299865722656
2025-08-01,2025,8,August,2025-08,MIDDLE_EAST,UAE,SANDALS,Summer,46.29884338378906
2025-08-01,2025,8,August,2025-08,MIDDLE_EAST,UAE,SHIRT,Summer,1078.2325439453125
2025-08-01,2025,8,August,2025-08,MIDDLE_EAST,UAE,SNEAKERS,Summer,645.6940307617188
2025-08-01,2025,8,August,2025-08,MIDDLE_EAST,UAE,SWEATER,Summer,710.7129516601562
2025-08-01,2025,8,August,2025-08,MIDDLE_EAST,UAE,TOP,Summer,283.8239440917969
2025-08-01,2025,8,August,2025-08,MIDDLE_EAST,UAE,VEST,Summer,28.116880416870117
2025-08-01,2025,8,August,2025-08,NORTH_AMERICA,UNITED_STATES,BOOTS,Summer,522.4464111328125
2025-08-01,2025,8,August,2025-08,NORTH_AMERICA,UNITED_STATES,CARDIGAN,Summer,269.9812927246094
2025-08-01,2025,8,August,2025-08,NORTH_AMERICA,UNITED_STATES,JACKET,Summer,5056.9091796875
2025-08-01,2025,8,August,2025-08,NORTH_AMERICA,UNITED_STATES,JEANS,Summer,634.3017578125
2025-08-01,2025,8,August,2025-08,NORTH_AMERICA,UNITED_STATES,SANDALS,Summer,204.00547790527344
2025-08-01,2025,8,August,2025-08,NORTH_AMERICA,UNITED_STATES,SHIRT,Summer,4056.905029296875
2025-08-01,2025,8,August,2025-08,NORTH_AMERICA,UNITED_STATES,SNEAKERS,Summer,2683.006103515625
2025-08-01,2025,8,August,2025-08,NORTH_AMERICA,UNITED_STATES,SWEATER,Summer,2512.355224609375
2025-08-01,2025,8,August,2025-08,NORTH_AMERICA,UNITED_STATES,TOP,Summer,908.6416625976562
2025-08-01,2025,8,August,2025-08,NORTH_AMERICA,UNITED_STATES,VEST,Summer,116.33378601074219
2025-08-01,2025,8,August,2025-08,SOUTHEAST_ASIA,VIETNAM,BOOTS,Summer,118.5956802368164
2025-08-01,2025,8,August,2025-08,SOUTHEAST_ASIA,VIETNAM,CARDIGAN,Summer,49.48249053955078
2025-08-01,2025,8,August,2025-08,SOUTHEAST_ASIA,VIETNAM,JACKET,Summer,1169.33447265625
2025-08-01,2025,8,August,2025-08,SOUTHEAST_ASIA,VIETNAM,JEANS,Summer,124.07591247558594
2025-08-01,2025,8,August,2025-08,SOUTHEAST_ASIA,VIETNAM,SANDALS,Summer,37.85917663574219
2025-08-01,2025,8,August,2025-08,SOUTHEAST_ASIA,VIETNAM,SHIRT,Summer,877.4442749023438
2025-08-01,2025,8,August,2025-08,SOUTHEAST_ASIA,VIETNAM,SNEAKERS,Summer,525.8929443359375
2025-08-01,2025,8,August,2025-08,SOUTHEAST_ASIA,VIETNAM,SWEATER,Summer,586.1136474609375
2025-08-01,2025,8,August,2025-08,SOUTHEAST_ASIA,VIETNAM,TOP,Summer,225.4746856689453
2025-08-01,2025,8,August,2025-08,SOUTHEAST_ASIA,VIETNAM,VEST,Summer,18.827959060668945
2025-09-01,2025,9,September,2025-09,OCEANIA,AUSTRALIA,BOOTS,Autumn,124.57412719726562
2025-09-01,2025,9,September,2025-09,OCEANIA,AUSTRALIA,CARDIGAN,Autumn,32.489906311035156
2025-09-01,2025,9,September,2025-09,OCEANIA,AUSTRALIA,JACKET,Autumn,1400.428466796875
2025-09-01,2025,9,September,2025-09,OCEANIA,AUSTRALIA,JEANS,Autumn,127.94070434570312
2025-09-01,2025,9,September,2025-09,OCEANIA,AUSTRALIA,SANDALS,Autumn,15.57497787475586
2025-09-01,2025,9,September,2025-09,OCEANIA,AUSTRALIA,SHIRT,Autumn,834.2963256835938
2025-09-01,2025,9,September,2025-09,OCEANIA,AUSTRALIA,SNEAKERS,Autumn,515.072509765625
2025-09-01,2025,9,September,2025-09,OCEANIA,AUSTRALIA,SWEATER,Autumn,248.18441772460938
2025-09-01,2025,9,September,2025-09,OCEANIA,AUSTRALIA,TOP,Autumn,208.5985107421875
2025-09-01,2025,9,September,2025-09,OCEANIA,AUSTRALIA,VEST,Autumn,22.275455474853516
2025-09-01,2025,9,September,2025-09,LATIN_AMERICA,BRAZIL,BOOTS,Autumn,241.9087371826172
2025-09-01,2025,9,September,2025-09,LATIN_AMERICA,BRAZIL,CARDIGAN,Autumn,81.55364227294922
2025-09-01,2025,9,September,2025-09,LATIN_AMERICA,BRAZIL,JACKET,Autumn,3057.335693359375
2025-09-01,2025,9,September,2025-09,LATIN_AMERICA,BRAZIL,JEANS,Autumn,246.49790954589844
2025-09-01,2025,9,September,2025-09,LATIN_AMERICA,BRAZIL,SANDALS,Autumn,27.180988311767578
2025-09-01,2025,9,September,2025-09,LATIN_AMERICA,BRAZIL,SHIRT,Autumn,1830.330078125
2025-09-01,2025,9,September,2025-09,LATIN_AMERICA,BRAZIL,SNEAKERS,Autumn,1161.0394287109375
2025-09-01,2025,9,September,2025-09,LATIN_AMERICA,BRAZIL,SWEATER,Autumn,410.2082214355469
2025-09-01,2025,9,September,2025-09,LATIN_AMERICA,BRAZIL,TOP,Autumn,377.554443359375
2025-09-01,2025,9,September,2025-09,LATIN_AMERICA,BRAZIL,VEST,Autumn,41.94671630859375
2025-09-01,2025,9,September,2025-09,NORTH_AMERICA,CANADA,BOOTS,Autumn,164.04637145996094
2025-09-01,2025,9,September,2025-09,NORTH_AMERICA,CANADA,CARDIGAN,Autumn,73.22753143310547
2025-09-01,2025,9,September,2025-09,NORTH_AMERICA,CANADA,JACKET,Autumn,1902.1019287109375
2025-09-01,2025,9,September,2025-09,NORTH_AMERICA,CANADA,JEANS,Autumn,196.9473419189453
2025-09-01,2025,9,September,2025-09,NORTH_AMERICA,CANADA,SANDALS,Autumn,13.167081832885742
2025-09-01,2025,9,September,2025-09,NORTH_AMERICA,CANADA,SHIRT,Autumn,903.7672729492188
2025-09-01,2025,9,September,2025-09,NORTH_AMERICA,CANADA,SNEAKERS,Autumn,712.49853515625
2025-09-01,2025,9,September,2025-09,NORTH_AMERICA,CANADA,SWEATER,Autumn,754.0661010742188
2025-09-01,2025,9,September,2025-09,NORTH_AMERICA,CANADA,TOP,Autumn,329.95294189453125
2025-09-01,2025,9,September,2025-09,NORTH_AMERICA,CANADA,VEST,Autumn,32.91546630859375
2025-09-01,2025,9,September,2025-09,EAST_ASIA,CHINA,BOOTS,Autumn,409.4113464355469
2025-09-01,2025,9,September,2025-09,EAST_ASIA,CHINA,CARDIGAN,Autumn,273.1397399902344
2025-09-01,2025,9,September,2025-09,EAST_ASIA,CHINA,JACKET,Autumn,5272.94921875
2025-09-01,2025,9,September,2025-09,EAST_ASIA,CHINA,JEANS,Autumn,529.1277465820312
2025-09-01,2025,9,September,2025-09,EAST_ASIA,CHINA,SANDALS,Autumn,49.07137680053711
2025-09-01,2025,9,September,2025-09,EAST_ASIA,CHINA,SHIRT,Autumn,2635.173583984375
2025-09-01,2025,9,September,2025-09,EAST_ASIA,CHINA,SNEAKERS,Autumn,1868.9029541015625
2025-09-01,2025,9,September,2025-09,EAST_ASIA,CHINA,SWEATER,Autumn,2201.295654296875
2025-09-01,2025,9,September,2025-09,EAST_ASIA,CHINA,TOP,Autumn,801.4107666015625
2025-09-01,2025,9,September,2025-09,EAST_ASIA,CHINA,VEST,Autumn,97.77452087402344
2025-09-01,2025,9,September,2025-09,WESTERN_EUROPE,FRANCE,BOOTS,Autumn,487.5069885253906
2025-09-01,2025,9,September,2025-09,WESTERN_EUROPE,FRANCE,CARDIGAN,Autumn,278.9033203125
2025-09-01,2025,9,September,2025-09,WESTERN_EUROPE,FRANCE,JACKET,Autumn,5477.15869140625
2025-09-01,2025,9,September,2025-09,WESTERN_EUROPE,FRANCE,JEANS,Autumn,583.040771484375
2025-09-01,2025,9,September,2025-09,WESTERN_EUROPE,FRANCE,SANDALS,Autumn,48.37000274658203
2025-09-01,2025,9,September,2025-09,WESTERN_EUROPE,FRANCE,SHIRT,Autumn,3054.892578125
2025-09-01,2025,9,September,2025-09,WESTERN_EUROPE,FRANCE,SNEAKERS,Autumn,2001.100341796875
2025-09-01,2025,9,September,2025-09,WESTERN_EUROPE,FRANCE,SWEATER,Autumn,3134.45166015625
2025-09-01,2025,9,September,2025-09,WESTERN_EUROPE,FRANCE,TOP,Autumn,929.6614379882812
2025-09-01,2025,9,September,2025-09,WESTERN_EUROPE,FRANCE,VEST,Autumn,103.18128204345703
2025-09-01,2025,9,September,2025-09,WESTERN_EUROPE,GERMANY,BOOTS,Autumn,646.013916015625
2025-09-01,2025,9,September,2025-09,WESTERN_EUROPE,GERMANY,CARDIGAN,Autumn,339.59552001953125
2025-09-01,2025,9,September,2025-09,WESTERN_EUROPE,GERMANY,JACKET,Autumn,7605.4970703125
2025-09-01,2025,9,September,2025-09,WESTERN_EUROPE,GERMANY,JEANS,Autumn,657.760009765625
2025-09-01,2025,9,September,2025-09,WESTERN_EUROPE,GERMANY,SANDALS,Autumn,68.73253631591797
2025-09-01,2025,9,September,2025-09,WESTERN_EUROPE,GERMANY,SHIRT,Autumn,3390.441162109375
2025-09-01,2025,9,September,2025-09,WESTERN_EUROPE,GERMANY,SNEAKERS,Autumn,2472.734375
2025-09-01,2025,9,September,2025-09,WESTERN_EUROPE,GERMANY,SWEATER,Autumn,2787.268310546875
2025-09-01,2025,9,September,2025-09,WESTERN_EUROPE,GERMANY,TOP,Autumn,1033.6029052734375
2025-09-01,2025,9,September,2025-09,WESTERN_EUROPE,GERMANY,VEST,Autumn,176.33287048339844
2025-09-01,2025,9,September,2025-09,SOUTH_ASIA,INDIA,BOOTS,Autumn,365.9607238769531
2025-09-01,2025,9,September,2025-09,SOUTH_ASIA,INDIA,CARDIGAN,Autumn,196.81845092773438
2025-09-01,2025,9,September,2025-09,SOUTH_ASIA,INDIA,JACKET,Autumn,4330.04345703125
2025-09-01,2025,9,September,2025-09,SOUTH_ASIA,INDIA,JEANS,Autumn,389.39080810546875
2025-09-01,2025,9,September,2025-09,SOUTH_ASIA,INDIA,SANDALS,Autumn,31.82773208618164
2025-09-01,2025,9,September,2025-09,SOUTH_ASIA,INDIA,SHIRT,Autumn,2152.986328125
2025-09-01,2025,9,September,2025-09,SOUTH_ASIA,INDIA,SNEAKERS,Autumn,1546.3231201171875
2025-09-01,2025,9,September,2025-09,SOUTH_ASIA,INDIA,SWEATER,Autumn,1952.7801513671875
2025-09-01,2025,9,September,2025-09,SOUTH_ASIA,INDIA,TOP,Autumn,621.5764770507812
2025-09-01,2025,9,September,2025-09,SOUTH_ASIA,INDIA,VEST,Autumn,75.0499496459961
2025-09-01,2025,9,September,2025-09,SOUTHEAST_ASIA,INDONESIA,BOOTS,Autumn,256.4455871582031
2025-09-01,2025,9,September,2025-09,SOUTHEAST_ASIA,INDONESIA,CARDIGAN,Autumn,133.12020874023438
2025-09-01,2025,9,September,2025-09,SOUTHEAST_ASIA,INDONESIA,JACKET,Autumn,2949.6279296875
2025-09-01,2025,9,September,2025-09,SOUTHEAST_ASIA,INDONESIA,JEANS,Autumn,299.4261779785156
2025-09-01,2025,9,September,2025-09,SOUTHEAST_ASIA,INDONESIA,SANDALS,Autumn,21.782604217529297
2025-09-01,2025,9,September,2025-09,SOUTHEAST_ASIA,INDONESIA,SHIRT,Autumn,1394.6573486328125
2025-09-01,2025,9,September,2025-09,SOUTHEAST_ASIA,INDONESIA,SNEAKERS,Autumn,1014.335205078125
2025-09-01,2025,9,September,2025-09,SOUTHEAST_ASIA,INDONESIA,SWEATER,Autumn,1326.7470703125
2025-09-01,2025,9,September,2025-09,SOUTHEAST_ASIA,INDONESIA,TOP,Autumn,458.42657470703125
2025-09-01,2025,9,September,2025-09,SOUTHEAST_ASIA,INDONESIA,VEST,Autumn,52.327674865722656
2025-09-01,2025,9,September,2025-09,EAST_ASIA,JAPAN,BOOTS,Autumn,253.07005310058594
2025-09-01,2025,9,September,2025-09,EAST_ASIA,JAPAN,CARDIGAN,Autumn,141.1450653076172
2025-09-01,2025,9,September,2025-09,EAST_ASIA,JAPAN,JACKET,Autumn,2907.74560546875
2025-09-01,2025,9,September,2025-09,EAST_ASIA,JAPAN,JEANS,Autumn,306.388427734375
2025-09-01,2025,9,September,2025-09,EAST_ASIA,JAPAN,SANDALS,Autumn,22.079607009887695
2025-09-01,2025,9,September,2025-09,EAST_ASIA,JAPAN,SHIRT,Autumn,1523.328857421875
2025-09-01,2025,9,September,2025-09,EAST_ASIA,JAPAN,SNEAKERS,Autumn,938.0888671875
2025-09-01,2025,9,September,2025-09,EAST_ASIA,JAPAN,SWEATER,Autumn,1271.8836669921875
2025-09-01,2025,9,September,2025-09,EAST_ASIA,JAPAN,TOP,Autumn,429.1381530761719
2025-09-01,2025,9,September,2025-09,EAST_ASIA,JAPAN,VEST,Autumn,45.105857849121094
2025-09-01,2025,9,September,2025-09,LATIN_AMERICA,MEXICO,BOOTS,Autumn,229.0762481689453
2025-09-01,2025,9,September,2025-09,LATIN_AMERICA,MEXICO,CARDIGAN,Autumn,104.25418853759766
2025-09-01,2025,9,September,2025-09,LATIN_AMERICA,MEXICO,JACKET,Autumn,2716.72998046875
2025-09-01,2025,9,September,2025-09,LATIN_AMERICA,MEXICO,JEANS,Autumn,238.63339233398438
2025-09-01,2025,9,September,2025-09,LATIN_AMERICA,MEXICO,SANDALS,Autumn,18.6928768157959
2025-09-01,2025,9,September,2025-09,LATIN_AMERICA,MEXICO,SHIRT,Autumn,1302.146240234375
2025-09-01,2025,9,September,2025-09,LATIN_AMERICA,MEXICO,SNEAKERS,Autumn,883.4926147460938
2025-09-01,2025,9,September,2025-09,LATIN_AMERICA,MEXICO,SWEATER,Autumn,964.423828125
2025-09-01,2025,9,September,2025-09,LATIN_AMERICA,MEXICO,TOP,Autumn,385.9159851074219
2025-09-01,2025,9,September,2025-09,LATIN_AMERICA,MEXICO,VEST,Autumn,41.64671325683594
2025-09-01,2025,9,September,2025-09,OCEANIA,NEW_ZEALAND,BOOTS,Autumn,31.718276977539062
2025-09-01,2025,9,September,2025-09,OCEANIA,NEW_ZEALAND,CARDIGAN,Autumn,9.828514099121094
2025-09-01,2025,9,September,2025-09,OCEANIA,NEW_ZEALAND,JACKET,Autumn,483.251220703125
2025-09-01,2025,9,September,2025-09,OCEANIA,NEW_ZEALAND,JEANS,Autumn,34.51286697387695
2025-09-01,2025,9,September,2025-09,OCEANIA,NEW_ZEALAND,SANDALS,Autumn,4.851469993591309
2025-09-01,2025,9,September,2025-09,OCEANIA,NEW_ZEALAND,SHIRT,Autumn,285.1808166503906
2025-09-01,2025,9,September,2025-09,OCEANIA,NEW_ZEALAND,SNEAKERS,Autumn,197.93617248535156
2025-09-01,2025,9,September,2025-09,OCEANIA,NEW_ZEALAND,SWEATER,Autumn,81.103759765625
2025-09-01,2025,9,September,2025-09,OCEANIA,NEW_ZEALAND,TOP,Autumn,55.37521743774414
2025-09-01,2025,9,September,2025-09,OCEANIA,NEW_ZEALAND,VEST,Autumn,8.28621768951416
2025-09-01,2025,9,September,2025-09,SOUTH_ASIA,PAKISTAN,BOOTS,Autumn,97.83605194091797
2025-09-01,2025,9,September,2025-09,SOUTH_ASIA,PAKISTAN,CARDIGAN,Autumn,59.232051849365234
2025-09-01,2025,9,September,2025-09,SOUTH_ASIA,PAKISTAN,JACKET,Autumn,1324.4432373046875
2025-09-01,2025,9,September,2025-09,SOUTH_ASIA,PAKISTAN,JEANS,Autumn,116.48573303222656
2025-09-01,2025,9,September,2025-09,SOUTH_ASIA,PAKISTAN,SANDALS,Autumn,12.817953109741211
2025-09-01,2025,9,September,2025-09,SOUTH_ASIA,PAKISTAN,SHIRT,Autumn,706.7178955078125
2025-09-01,2025,9,September,2025-09,SOUTH_ASIA,PAKISTAN,SNEAKERS,Autumn,403.6973571777344
2025-09-01,2025,9,September,2025-09,SOUTH_ASIA,PAKISTAN,SWEATER,Autumn,550.9515991210938
2025-09-01,2025,9,September,2025-09,SOUTH_ASIA,PAKISTAN,TOP,Autumn,221.41995239257812
2025-09-01,2025,9,September,2025-09,SOUTH_ASIA,PAKISTAN,VEST,Autumn,19.664634704589844
2025-09-01,2025,9,September,2025-09,EASTERN_EUROPE,POLAND,BOOTS,Autumn,186.63829040527344
2025-09-01,2025,9,September,2025-09,EASTERN_EUROPE,POLAND,CARDIGAN,Autumn,101.82244873046875
2025-09-01,2025,9,September,2025-09,EASTERN_EUROPE,POLAND,JACKET,Autumn,2221.863525390625
2025-09-01,2025,9,September,2025-09,EASTERN_EUROPE,POLAND,JEANS,Autumn,225.4831085205078
2025-09-01,2025,9,September,2025-09,EASTERN_EUROPE,POLAND,SANDALS,Autumn,15.332592010498047
2025-09-01,2025,9,September,2025-09,EASTERN_EUROPE,POLAND,SHIRT,Autumn,1108.570556640625
2025-09-01,2025,9,September,2025-09,EASTERN_EUROPE,POLAND,SNEAKERS,Autumn,737.816162109375
2025-09-01,2025,9,September,2025-09,EASTERN_EUROPE,POLAND,SWEATER,Autumn,880.6419067382812
2025-09-01,2025,9,September,2025-09,EASTERN_EUROPE,POLAND,TOP,Autumn,358.2837219238281
2025-09-01,2025,9,September,2025-09,EASTERN_EUROPE,POLAND,VEST,Autumn,36.715553283691406
2025-09-01,2025,9,September,2025-09,EASTERN_EUROPE,RUSSIA,BOOTS,Autumn,128.27838134765625
2025-09-01,2025,9,September,2025-09,EASTERN_EUROPE,RUSSIA,CARDIGAN,Autumn,65.04593658447266
2025-09-01,2025,9,September,2025-09,EASTERN_EUROPE,RUSSIA,JACKET,Autumn,1270.2022705078125
2025-09-01,2025,9,September,2025-09,EASTERN_EUROPE,RUSSIA,JEANS,Autumn,156.99960327148438
2025-09-01,2025,9,September,2025-09,EASTERN_EUROPE,RUSSIA,SANDALS,Autumn,10.209002494812012
2025-09-01,2025,9,September,2025-09,EASTERN_EUROPE,RUSSIA,SHIRT,Autumn,636.5471801757812
2025-09-01,2025,9,September,2025-09,EASTERN_EUROPE,RUSSIA,SNEAKERS,Autumn,463.7012023925781
2025-09-01,2025,9,September,2025-09,EASTERN_EUROPE,RUSSIA,SWEATER,Autumn,622.7389526367188
2025-09-01,2025,9,September,2025-09,EASTERN_EUROPE,RUSSIA,TOP,Autumn,249.16542053222656
2025-09-01,2025,9,September,2025-09,EASTERN_EUROPE,RUSSIA,VEST,Autumn,26.90850830078125
2025-09-01,2025,9,September,2025-09,MIDDLE_EAST,SAUDI_ARABIA,BOOTS,Autumn,236.31004333496094
2025-09-01,2025,9,September,2025-09,MIDDLE_EAST,SAUDI_ARABIA,CARDIGAN,Autumn,156.99771118164062
2025-09-01,2025,9,September,2025-09,MIDDLE_EAST,SAUDI_ARABIA,JACKET,Autumn,2853.69384765625
2025-09-01,2025,9,September,2025-09,MIDDLE_EAST,SAUDI_ARABIA,JEANS,Autumn,318.173583984375
2025-09-01,2025,9,September,2025-09,MIDDLE_EAST,SAUDI_ARABIA,SANDALS,Autumn,24.48775863647461
2025-09-01,2025,9,September,2025-09,MIDDLE_EAST,SAUDI_ARABIA,SHIRT,Autumn,1595.6368408203125
2025-09-01,2025,9,September,2025-09,MIDDLE_EAST,SAUDI_ARABIA,SNEAKERS,Autumn,1017.7401123046875
2025-09-01,2025,9,September,2025-09,MIDDLE_EAST,SAUDI_ARABIA,SWEATER,Autumn,1350.63427734375
2025-09-01,2025,9,September,2025-09,MIDDLE_EAST,SAUDI_ARABIA,TOP,Autumn,435.97393798828125
2025-09-01,2025,9,September,2025-09,MIDDLE_EAST,SAUDI_ARABIA,VEST,Autumn,56.90303039550781
2025-09-01,2025,9,September,2025-09,MIDDLE_EAST,UAE,BOOTS,Autumn,207.3685302734375
2025-09-01,2025,9,September,2025-09,MIDDLE_EAST,UAE,CARDIGAN,Autumn,102.85134887695312
2025-09-01,2025,9,September,2025-09,MIDDLE_EAST,UAE,JACKET,Autumn,2393.281494140625
2025-09-01,2025,9,September,2025-09,MIDDLE_EAST,UAE,JEANS,Autumn,242.7220458984375
2025-09-01,2025,9,September,2025-09,MIDDLE_EAST,UAE,SANDALS,Autumn,16.35081672668457
2025-09-01,2025,9,September,2025-09,MIDDLE_EAST,UAE,SHIRT,Autumn,1220.12548828125
2025-09-01,2025,9,September,2025-09,MIDDLE_EAST,UAE,SNEAKERS,Autumn,804.3469848632812
2025-09-01,2025,9,September,2025-09,MIDDLE_EAST,UAE,SWEATER,Autumn,964.363525390625
2025-09-01,2025,9,September,2025-09,MIDDLE_EAST,UAE,TOP,Autumn,379.1337585449219
2025-09-01,2025,9,September,2025-09,MIDDLE_EAST,UAE,VEST,Autumn,46.1816520690918
2025-09-01,2025,9,September,2025-09,NORTH_AMERICA,UNITED_STATES,BOOTS,Autumn,699.6588134765625
2025-09-01,2025,9,September,2025-09,NORTH_AMERICA,UNITED_STATES,CARDIGAN,Autumn,452.2596130371094
2025-09-01,2025,9,September,2025-09,NORTH_AMERICA,UNITED_STATES,JACKET,Autumn,7647.97216796875
2025-09-01,2025,9,September,2025-09,NORTH_AMERICA,UNITED_STATES,JEANS,Autumn,883.025390625
2025-09-01,2025,9,September,2025-09,NORTH_AMERICA,UNITED_STATES,SANDALS,Autumn,77.28132629394531
2025-09-01,2025,9,September,2025-09,NORTH_AMERICA,UNITED_STATES,SHIRT,Autumn,4512.896484375
2025-09-01,2025,9,September,2025-09,NORTH_AMERICA,UNITED_STATES,SNEAKERS,Autumn,3383.985107421875
2025-09-01,2025,9,September,2025-09,NORTH_AMERICA,UNITED_STATES,SWEATER,Autumn,3491.072998046875
2025-09-01,2025,9,September,2025-09,NORTH_AMERICA,UNITED_STATES,TOP,Autumn,1226.55908203125
2025-09-01,2025,9,September,2025-09,NORTH_AMERICA,UNITED_STATES,VEST,Autumn,165.14939880371094
2025-09-01,2025,9,September,2025-09,SOUTHEAST_ASIA,VIETNAM,BOOTS,Autumn,165.09339904785156
2025-09-01,2025,9,September,2025-09,SOUTHEAST_ASIA,VIETNAM,CARDIGAN,Autumn,80.14373779296875
2025-09-01,2025,9,September,2025-09,SOUTHEAST_ASIA,VIETNAM,JACKET,Autumn,1850.8167724609375
2025-09-01,2025,9,September,2025-09,SOUTHEAST_ASIA,VIETNAM,JEANS,Autumn,187.07318115234375
2025-09-01,2025,9,September,2025-09,SOUTHEAST_ASIA,VIETNAM,SANDALS,Autumn,13.431971549987793
2025-09-01,2025,9,September,2025-09,SOUTHEAST_ASIA,VIETNAM,SHIRT,Autumn,974.6597290039062
2025-09-01,2025,9,September,2025-09,SOUTHEAST_ASIA,VIETNAM,SNEAKERS,Autumn,681.3841552734375
2025-09-01,2025,9,September,2025-09,SOUTHEAST_ASIA,VIETNAM,SWEATER,Autumn,737.298828125
2025-09-01,2025,9,September,2025-09,SOUTHEAST_ASIA,VIETNAM,TOP,Autumn,306.6644287109375
2025-09-01,2025,9,September,2025-09,SOUTHEAST_ASIA,VIETNAM,VEST,Autumn,33.6556396484375
2025-10-01,2025,10,October,2025-10,OCEANIA,AUSTRALIA,BOOTS,Autumn,127.62855529785156
2025-10-01,2025,10,October,2025-10,OCEANIA,AUSTRALIA,CARDIGAN,Autumn,35.60142517089844
2025-10-01,2025,10,October,2025-10,OCEANIA,AUSTRALIA,JACKET,Autumn,1043.99462890625
2025-10-01,2025,10,October,2025-10,OCEANIA,AUSTRALIA,JEANS,Autumn,111.74209594726562
2025-10-01,2025,10,October,2025-10,OCEANIA,AUSTRALIA,SANDALS,Autumn,30.864234924316406
2025-10-01,2025,10,October,2025-10,OCEANIA,AUSTRALIA,SHIRT,Autumn,851.3358154296875
2025-10-01,2025,10,October,2025-10,OCEANIA,AUSTRALIA,SNEAKERS,Autumn,448.9953308105469
2025-10-01,2025,10,October,2025-10,OCEANIA,AUSTRALIA,SWEATER,Autumn,303.56585693359375
2025-10-01,2025,10,October,2025-10,OCEANIA,AUSTRALIA,TOP,Autumn,192.33148193359375
2025-10-01,2025,10,October,2025-10,OCEANIA,AUSTRALIA,VEST,Autumn,22.705522537231445
2025-10-01,2025,10,October,2025-10,LATIN_AMERICA,BRAZIL,BOOTS,Autumn,249.53489685058594
2025-10-01,2025,10,October,2025-10,LATIN_AMERICA,BRAZIL,CARDIGAN,Autumn,97.26457977294922
2025-10-01,2025,10,October,2025-10,LATIN_AMERICA,BRAZIL,JACKET,Autumn,2393.71533203125
2025-10-01,2025,10,October,2025-10,LATIN_AMERICA,BRAZIL,JEANS,Autumn,209.62083435058594
2025-10-01,2025,10,October,2025-10,LATIN_AMERICA,BRAZIL,SANDALS,Autumn,65.1047592163086
2025-10-01,2025,10,October,2025-10,LATIN_AMERICA,BRAZIL,SHIRT,Autumn,1723.44091796875
2025-10-01,2025,10,October,2025-10,LATIN_AMERICA,BRAZIL,SNEAKERS,Autumn,919.1746826171875
2025-10-01,2025,10,October,2025-10,LATIN_AMERICA,BRAZIL,SWEATER,Autumn,432.6509094238281
2025-10-01,2025,10,October,2025-10,LATIN_AMERICA,BRAZIL,TOP,Autumn,336.8243103027344
2025-10-01,2025,10,October,2025-10,LATIN_AMERICA,BRAZIL,VEST,Autumn,45.229347229003906
2025-10-01,2025,10,October,2025-10,NORTH_AMERICA,CANADA,BOOTS,Autumn,235.31182861328125
2025-10-01,2025,10,October,2025-10,NORTH_AMERICA,CANADA,CARDIGAN,Autumn,113.5964584350586
2025-10-01,2025,10,October,2025-10,NORTH_AMERICA,CANADA,JACKET,Autumn,2528.798828125
2025-10-01,2025,10,October,2025-10,NORTH_AMERICA,CANADA,JEANS,Autumn,244.05880737304688
2025-10-01,2025,10,October,2025-10,NORTH_AMERICA,CANADA,SANDALS,Autumn,5.6078009605407715
2025-10-01,2025,10,October,2025-10,NORTH_AMERICA,CANADA,SHIRT,Autumn,771.5610961914062
2025-10-01,2025,10,October,2025-10,NORTH_AMERICA,CANADA,SNEAKERS,Autumn,634.6505737304688
2025-10-01,2025,10,October,2025-10,NORTH_AMERICA,CANADA,SWEATER,Autumn,893.9366455078125
2025-10-01,2025,10,October,2025-10,NORTH_AMERICA,CANADA,TOP,Autumn,298.6350402832031
2025-10-01,2025,10,October,2025-10,NORTH_AMERICA,CANADA,VEST,Autumn,39.13175964355469
2025-10-01,2025,10,October,2025-10,EAST_ASIA,CHINA,BOOTS,Autumn,602.591064453125
2025-10-01,2025,10,October,2025-10,EAST_ASIA,CHINA,CARDIGAN,Autumn,421.5966491699219
2025-10-01,2025,10,October,2025-10,EAST_ASIA,CHINA,JACKET,Autumn,7017.7900390625
2025-10-01,2025,10,October,2025-10,EAST_ASIA,CHINA,JEANS,Autumn,642.7880249023438
2025-10-01,2025,10,October,2025-10,EAST_ASIA,CHINA,SANDALS,Autumn,14.01937198638916
2025-10-01,2025,10,October,2025-10,EAST_ASIA,CHINA,SHIRT,Autumn,2173.60595703125
2025-10-01,2025,10,October,2025-10,EAST_ASIA,CHINA,SNEAKERS,Autumn,1801.3629150390625
2025-10-01,2025,10,October,2025-10,EAST_ASIA,CHINA,SWEATER,Autumn,2959.12744140625
2025-10-01,2025,10,October,2025-10,EAST_ASIA,CHINA,TOP,Autumn,742.4141235351562
2025-10-01,2025,10,October,2025-10,EAST_ASIA,CHINA,VEST,Autumn,135.40045166015625
2025-10-01,2025,10,October,2025-10,WESTERN_EUROPE,FRANCE,BOOTS,Autumn,720.7603759765625
2025-10-01,2025,10,October,2025-10,WESTERN_EUROPE,FRANCE,CARDIGAN,Autumn,418.2388000488281
2025-10-01,2025,10,October,2025-10,WESTERN_EUROPE,FRANCE,JACKET,Autumn,7735.125
2025-10-01,2025,10,October,2025-10,WESTERN_EUROPE,FRANCE,JEANS,Autumn,692.1615600585938
2025-10-01,2025,10,October,2025-10,WESTERN_EUROPE,FRANCE,SANDALS,Autumn,15.646028518676758
2025-10-01,2025,10,October,2025-10,WESTERN_EUROPE,FRANCE,SHIRT,Autumn,2526.3427734375
2025-10-01,2025,10,October,2025-10,WESTERN_EUROPE,FRANCE,SNEAKERS,Autumn,1796.922607421875
2025-10-01,2025,10,October,2025-10,WESTERN_EUROPE,FRANCE,SWEATER,Autumn,3863.362548828125
2025-10-01,2025,10,October,2025-10,WESTERN_EUROPE,FRANCE,TOP,Autumn,942.9208984375
2025-10-01,2025,10,October,2025-10,WESTERN_EUROPE,FRANCE,VEST,Autumn,145.60507202148438
2025-10-01,2025,10,October,2025-10,WESTERN_EUROPE,GERMANY,BOOTS,Autumn,982.255615234375
2025-10-01,2025,10,October,2025-10,WESTERN_EUROPE,GERMANY,CARDIGAN,Autumn,505.453125
2025-10-01,2025,10,October,2025-10,WESTERN_EUROPE,GERMANY,JACKET,Autumn,9199.1240234375
2025-10-01,2025,10,October,2025-10,WESTERN_EUROPE,GERMANY,JEANS,Autumn,837.9503173828125
2025-10-01,2025,10,October,2025-10,WESTERN_EUROPE,GERMANY,SANDALS,Autumn,18.843862533569336
2025-10-01,2025,10,October,2025-10,WESTERN_EUROPE,GERMANY,SHIRT,Autumn,2922.745849609375
2025-10-01,2025,10,October,2025-10,WESTERN_EUROPE,GERMANY,SNEAKERS,Autumn,2118.29296875
2025-10-01,2025,10,October,2025-10,WESTERN_EUROPE,GERMANY,SWEATER,Autumn,3773.085205078125
2025-10-01,2025,10,October,2025-10,WESTERN_EUROPE,GERMANY,TOP,Autumn,1015.3228759765625
2025-10-01,2025,10,October,2025-10,WESTERN_EUROPE,GERMANY,VEST,Autumn,234.93093872070312
2025-10-01,2025,10,October,2025-10,SOUTH_ASIA,INDIA,BOOTS,Autumn,570.7299194335938
2025-10-01,2025,10,October,2025-10,SOUTH_ASIA,INDIA,CARDIGAN,Autumn,274.0221862792969
2025-10-01,2025,10,October,2025-10,SOUTH_ASIA,INDIA,JACKET,Autumn,5184.904296875
2025-10-01,2025,10,October,2025-10,SOUTH_ASIA,INDIA,JEANS,Autumn,449.606201171875
2025-10-01,2025,10,October,2025-10,SOUTH_ASIA,INDIA,SANDALS,Autumn,10.737846374511719
2025-10-01,2025,10,October,2025-10,SOUTH_ASIA,INDIA,SHIRT,Autumn,1813.491455078125
2025-10-01,2025,10,October,2025-10,SOUTH_ASIA,INDIA,SNEAKERS,Autumn,1158.3994140625
2025-10-01,2025,10,October,2025-10,SOUTH_ASIA,INDIA,SWEATER,Autumn,2517.994140625
2025-10-01,2025,10,October,2025-10,SOUTH_ASIA,INDIA,TOP,Autumn,586.78759765625
2025-10-01,2025,10,October,2025-10,SOUTH_ASIA,INDIA,VEST,Autumn,101.8653564453125
2025-10-01,2025,10,October,2025-10,SOUTHEAST_ASIA,INDONESIA,BOOTS,Autumn,339.90423583984375
2025-10-01,2025,10,October,2025-10,SOUTHEAST_ASIA,INDONESIA,CARDIGAN,Autumn,197.97288513183594
2025-10-01,2025,10,October,2025-10,SOUTHEAST_ASIA,INDONESIA,JACKET,Autumn,3653.45751953125
2025-10-01,2025,10,October,2025-10,SOUTHEAST_ASIA,INDONESIA,JEANS,Autumn,342.682861328125
2025-10-01,2025,10,October,2025-10,SOUTHEAST_ASIA,INDONESIA,SANDALS,Autumn,7.326702117919922
2025-10-01,2025,10,October,2025-10,SOUTHEAST_ASIA,INDONESIA,SHIRT,Autumn,1106.9473876953125
2025-10-01,2025,10,October,2025-10,SOUTHEAST_ASIA,INDONESIA,SNEAKERS,Autumn,937.1051635742188
2025-10-01,2025,10,October,2025-10,SOUTHEAST_ASIA,INDONESIA,SWEATER,Autumn,1733.248046875
2025-10-01,2025,10,October,2025-10,SOUTHEAST_ASIA,INDONESIA,TOP,Autumn,461.5073547363281
2025-10-01,2025,10,October,2025-10,SOUTHEAST_ASIA,INDONESIA,VEST,Autumn,70.90575408935547
2025-10-01,2025,10,October,2025-10,EAST_ASIA,JAPAN,BOOTS,Autumn,349.4761047363281
2025-10-01,2025,10,October,2025-10,EAST_ASIA,JAPAN,CARDIGAN,Autumn,214.1040496826172
2025-10-01,2025,10,October,2025-10,EAST_ASIA,JAPAN,JACKET,Autumn,3660.74169921875
2025-10-01,2025,10,October,2025-10,EAST_ASIA,JAPAN,JEANS,Autumn,363.1746520996094
2025-10-01,2025,10,October,2025-10,EAST_ASIA,JAPAN,SANDALS,Autumn,7.913695335388184
2025-10-01,2025,10,October,2025-10,EAST_ASIA,JAPAN,SHIRT,Autumn,1107.7232666015625
2025-10-01,2025,10,October,2025-10,EAST_ASIA,JAPAN,SNEAKERS,Autumn,875.966064453125
2025-10-01,2025,10,October,2025-10,EAST_ASIA,JAPAN,SWEATER,Autumn,1504.01025390625
2025-10-01,2025,10,October,2025-10,EAST_ASIA,JAPAN,TOP,Autumn,457.0260009765625
2025-10-01,2025,10,October,2025-10,EAST_ASIA,JAPAN,VEST,Autumn,65.28414154052734
2025-10-01,2025,10,October,2025-10,LATIN_AMERICA,MEXICO,BOOTS,Autumn,309.5807189941406
2025-10-01,2025,10,October,2025-10,LATIN_AMERICA,MEXICO,CARDIGAN,Autumn,150.29690551757812
2025-10-01,2025,10,October,2025-10,LATIN_AMERICA,MEXICO,JACKET,Autumn,3631.5703125
2025-10-01,2025,10,October,2025-10,LATIN_AMERICA,MEXICO,JEANS,Autumn,287.545166015625
2025-10-01,2025,10,October,2025-10,LATIN_AMERICA,MEXICO,SANDALS,Autumn,6.385653972625732
2025-10-01,2025,10,October,2025-10,LATIN_AMERICA,MEXICO,SHIRT,Autumn,1048.151123046875
2025-10-01,2025,10,October,2025-10,LATIN_AMERICA,MEXICO,SNEAKERS,Autumn,787.5280151367188
2025-10-01,2025,10,October,2025-10,LATIN_AMERICA,MEXICO,SWEATER,Autumn,1223.7391357421875
2025-10-01,2025,10,October,2025-10,LATIN_AMERICA,MEXICO,TOP,Autumn,369.9708251953125
2025-10-01,2025,10,October,2025-10,LATIN_AMERICA,MEXICO,VEST,Autumn,52.61422348022461
2025-10-01,2025,10,October,2025-10,OCEANIA,NEW_ZEALAND,BOOTS,Autumn,34.43817901611328
2025-10-01,2025,10,October,2025-10,OCEANIA,NEW_ZEALAND,CARDIGAN,Autumn,11.876306533813477
2025-10-01,2025,10,October,2025-10,OCEANIA,NEW_ZEALAND,JACKET,Autumn,406.5067443847656
2025-10-01,2025,10,October,2025-10,OCEANIA,NEW_ZEALAND,JEANS,Autumn,33.578224182128906
2025-10-01,2025,10,October,2025-10,OCEANIA,NEW_ZEALAND,SANDALS,Autumn,9.452476501464844
2025-10-01,2025,10,October,2025-10,OCEANIA,NEW_ZEALAND,SHIRT,Autumn,275.2298889160156
2025-10-01,2025,10,October,2025-10,OCEANIA,NEW_ZEALAND,SNEAKERS,Autumn,191.41656494140625
2025-10-01,2025,10,October,2025-10,OCEANIA,NEW_ZEALAND,SWEATER,Autumn,94.87150573730469
2025-10-01,2025,10,October,2025-10,OCEANIA,NEW_ZEALAND,TOP,Autumn,62.366981506347656
2025-10-01,2025,10,October,2025-10,OCEANIA,NEW_ZEALAND,VEST,Autumn,8.046979904174805
2025-10-01,2025,10,October,2025-10,SOUTH_ASIA,PAKISTAN,BOOTS,Autumn,149.7993621826172
2025-10-01,2025,10,October,2025-10,SOUTH_ASIA,PAKISTAN,CARDIGAN,Autumn,86.52523803710938
2025-10-01,2025,10,October,2025-10,SOUTH_ASIA,PAKISTAN,JACKET,Autumn,1758.697265625
2025-10-01,2025,10,October,2025-10,SOUTH_ASIA,PAKISTAN,JEANS,Autumn,149.87408447265625
2025-10-01,2025,10,October,2025-10,SOUTH_ASIA,PAKISTAN,SANDALS,Autumn,4.395452976226807
2025-10-01,2025,10,October,2025-10,SOUTH_ASIA,PAKISTAN,SHIRT,Autumn,616.4620971679688
2025-10-01,2025,10,October,2025-10,SOUTH_ASIA,PAKISTAN,SNEAKERS,Autumn,407.2463684082031
2025-10-01,2025,10,October,2025-10,SOUTH_ASIA,PAKISTAN,SWEATER,Autumn,666.8487548828125
2025-10-01,2025,10,October,2025-10,SOUTH_ASIA,PAKISTAN,TOP,Autumn,207.1950225830078
2025-10-01,2025,10,October,2025-10,SOUTH_ASIA,PAKISTAN,VEST,Autumn,28.072805404663086
2025-10-01,2025,10,October,2025-10,EASTERN_EUROPE,POLAND,BOOTS,Autumn,254.26034545898438
2025-10-01,2025,10,October,2025-10,EASTERN_EUROPE,POLAND,CARDIGAN,Autumn,146.82144165039062
2025-10-01,2025,10,October,2025-10,EASTERN_EUROPE,POLAND,JACKET,Autumn,2722.108154296875
2025-10-01,2025,10,October,2025-10,EASTERN_EUROPE,POLAND,JEANS,Autumn,288.0248107910156
2025-10-01,2025,10,October,2025-10,EASTERN_EUROPE,POLAND,SANDALS,Autumn,5.183337688446045
2025-10-01,2025,10,October,2025-10,EASTERN_EUROPE,POLAND,SHIRT,Autumn,912.2493896484375
2025-10-01,2025,10,October,2025-10,EASTERN_EUROPE,POLAND,SNEAKERS,Autumn,724.5917358398438
2025-10-01,2025,10,October,2025-10,EASTERN_EUROPE,POLAND,SWEATER,Autumn,1134.3709716796875
2025-10-01,2025,10,October,2025-10,EASTERN_EUROPE,POLAND,TOP,Autumn,319.23797607421875
2025-10-01,2025,10,October,2025-10,EASTERN_EUROPE,POLAND,VEST,Autumn,48.10948944091797
2025-10-01,2025,10,October,2025-10,EASTERN_EUROPE,RUSSIA,BOOTS,Autumn,192.2476043701172
2025-10-01,2025,10,October,2025-10,EASTERN_EUROPE,RUSSIA,CARDIGAN,Autumn,97.66051483154297
2025-10-01,2025,10,October,2025-10,EASTERN_EUROPE,RUSSIA,JACKET,Autumn,1546.5526123046875
2025-10-01,2025,10,October,2025-10,EASTERN_EUROPE,RUSSIA,JEANS,Autumn,201.01182556152344
2025-10-01,2025,10,October,2025-10,EASTERN_EUROPE,RUSSIA,SANDALS,Autumn,4.512178897857666
2025-10-01,2025,10,October,2025-10,EASTERN_EUROPE,RUSSIA,SHIRT,Autumn,556.3482055664062
2025-10-01,2025,10,October,2025-10,EASTERN_EUROPE,RUSSIA,SNEAKERS,Autumn,437.8846435546875
2025-10-01,2025,10,October,2025-10,EASTERN_EUROPE,RUSSIA,SWEATER,Autumn,743.1525268554688
2025-10-01,2025,10,October,2025-10,EASTERN_EUROPE,RUSSIA,TOP,Autumn,234.19117736816406
2025-10-01,2025,10,October,2025-10,EASTERN_EUROPE,RUSSIA,VEST,Autumn,30.642560958862305
2025-10-01,2025,10,October,2025-10,MIDDLE_EAST,SAUDI_ARABIA,BOOTS,Autumn,360.0362854003906
2025-10-01,2025,10,October,2025-10,MIDDLE_EAST,SAUDI_ARABIA,CARDIGAN,Autumn,237.29293823242188
2025-10-01,2025,10,October,2025-10,MIDDLE_EAST,SAUDI_ARABIA,JACKET,Autumn,3451.0771484375
2025-10-01,2025,10,October,2025-10,MIDDLE_EAST,SAUDI_ARABIA,JEANS,Autumn,381.6791687011719
2025-10-01,2025,10,October,2025-10,MIDDLE_EAST,SAUDI_ARABIA,SANDALS,Autumn,9.026012420654297
2025-10-01,2025,10,October,2025-10,MIDDLE_EAST,SAUDI_ARABIA,SHIRT,Autumn,1216.506103515625
2025-10-01,2025,10,October,2025-10,MIDDLE_EAST,SAUDI_ARABIA,SNEAKERS,Autumn,933.3092651367188
2025-10-01,2025,10,October,2025-10,MIDDLE_EAST,SAUDI_ARABIA,SWEATER,Autumn,1757.574951171875
2025-10-01,2025,10,October,2025-10,MIDDLE_EAST,SAUDI_ARABIA,TOP,Autumn,407.7919921875
2025-10-01,2025,10,October,2025-10,MIDDLE_EAST,SAUDI_ARABIA,VEST,Autumn,77.0850830078125
2025-10-01,2025,10,October,2025-10,MIDDLE_EAST,UAE,BOOTS,Autumn,295.567138671875
2025-10-01,2025,10,October,2025-10,MIDDLE_EAST,UAE,CARDIGAN,Autumn,150.8009490966797
2025-10-01,2025,10,October,2025-10,MIDDLE_EAST,UAE,JACKET,Autumn,2916.883544921875
2025-10-01,2025,10,October,2025-10,MIDDLE_EAST,UAE,JEANS,Autumn,301.0986022949219
2025-10-01,2025,10,October,2025-10,MIDDLE_EAST,UAE,SANDALS,Autumn,5.475438594818115
2025-10-01,2025,10,October,2025-10,MIDDLE_EAST,UAE,SHIRT,Autumn,963.374755859375
2025-10-01,2025,10,October,2025-10,MIDDLE_EAST,UAE,SNEAKERS,Autumn,693.5640869140625
2025-10-01,2025,10,October,2025-10,MIDDLE_EAST,UAE,SWEATER,Autumn,1202.7532958984375
2025-10-01,2025,10,October,2025-10,MIDDLE_EAST,UAE,TOP,Autumn,346.43658447265625
2025-10-01,2025,10,October,2025-10,MIDDLE_EAST,UAE,VEST,Autumn,64.00924682617188
2025-10-01,2025,10,October,2025-10,NORTH_AMERICA,UNITED_STATES,BOOTS,Autumn,1055.309326171875
2025-10-01,2025,10,October,2025-10,NORTH_AMERICA,UNITED_STATES,CARDIGAN,Autumn,717.7353515625
2025-10-01,2025,10,October,2025-10,NORTH_AMERICA,UNITED_STATES,JACKET,Autumn,9103.314453125
2025-10-01,2025,10,October,2025-10,NORTH_AMERICA,UNITED_STATES,JEANS,Autumn,996.9979858398438
2025-10-01,2025,10,October,2025-10,NORTH_AMERICA,UNITED_STATES,SANDALS,Autumn,24.91621208190918
2025-10-01,2025,10,October,2025-10,NORTH_AMERICA,UNITED_STATES,SHIRT,Autumn,3387.024169921875
2025-10-01,2025,10,October,2025-10,NORTH_AMERICA,UNITED_STATES,SNEAKERS,Autumn,3197.344970703125
2025-10-01,2025,10,October,2025-10,NORTH_AMERICA,UNITED_STATES,SWEATER,Autumn,4465.8212890625
2025-10-01,2025,10,October,2025-10,NORTH_AMERICA,UNITED_STATES,TOP,Autumn,1264.8968505859375
2025-10-01,2025,10,October,2025-10,NORTH_AMERICA,UNITED_STATES,VEST,Autumn,241.37535095214844
2025-10-01,2025,10,October,2025-10,SOUTHEAST_ASIA,VIETNAM,BOOTS,Autumn,235.02793884277344
2025-10-01,2025,10,October,2025-10,SOUTHEAST_ASIA,VIETNAM,CARDIGAN,Autumn,118.79293060302734
2025-10-01,2025,10,October,2025-10,SOUTHEAST_ASIA,VIETNAM,JACKET,Autumn,2371.485107421875
2025-10-01,2025,10,October,2025-10,SOUTHEAST_ASIA,VIETNAM,JEANS,Autumn,232.98731994628906
2025-10-01,2025,10,October,2025-10,SOUTHEAST_ASIA,VIETNAM,SANDALS,Autumn,5.13700532913208
2025-10-01,2025,10,October,2025-10,SOUTHEAST_ASIA,VIETNAM,SHIRT,Autumn,798.3998413085938
2025-10-01,2025,10,October,2025-10,SOUTHEAST_ASIA,VIETNAM,SNEAKERS,Autumn,654.736328125
2025-10-01,2025,10,October,2025-10,SOUTHEAST_ASIA,VIETNAM,SWEATER,Autumn,970.0550537109375
2025-10-01,2025,10,October,2025-10,SOUTHEAST_ASIA,VIETNAM,TOP,Autumn,273.1663818359375
2025-10-01,2025,10,October,2025-10,SOUTHEAST_ASIA,VIETNAM,VEST,Autumn,37.9904670715332
2025-11-01,2025,11,November,2025-11,OCEANIA,AUSTRALIA,BOOTS,Autumn,116.50629425048828
2025-11-01,2025,11,November,2025-11,OCEANIA,AUSTRALIA,CARDIGAN,Autumn,41.5443229675293
2025-11-01,2025,11,November,2025-11,OCEANIA,AUSTRALIA,JACKET,Autumn,964.0173950195312
2025-11-01,2025,11,November,2025-11,OCEANIA,AUSTRALIA,JEANS,Autumn,123.56547546386719
2025-11-01,2025,11,November,2025-11,OCEANIA,AUSTRALIA,SANDALS,Autumn,30.558629989624023
2025-11-01,2025,11,November,2025-11,OCEANIA,AUSTRALIA,SHIRT,Autumn,859.264404296875
2025-11-01,2025,11,November,2025-11,OCEANIA,AUSTRALIA,SNEAKERS,Autumn,481.8748779296875
2025-11-01,2025,11,November,2025-11,OCEANIA,AUSTRALIA,SWEATER,Autumn,363.02117919921875
2025-11-01,2025,11,November,2025-11,OCEANIA,AUSTRALIA,TOP,Autumn,195.88540649414062
2025-11-01,2025,11,November,2025-11,OCEANIA,AUSTRALIA,VEST,Autumn,21.8267765045166
2025-11-01,2025,11,November,2025-11,LATIN_AMERICA,BRAZIL,BOOTS,Autumn,248.0436553955078
2025-11-01,2025,11,November,2025-11,LATIN_AMERICA,BRAZIL,CARDIGAN,Autumn,122.24199676513672
2025-11-01,2025,11,November,2025-11,LATIN_AMERICA,BRAZIL,JACKET,Autumn,2104.91015625
2025-11-01,2025,11,November,2025-11,LATIN_AMERICA,BRAZIL,JEANS,Autumn,206.3717803955078
2025-11-01,2025,11,November,2025-11,LATIN_AMERICA,BRAZIL,SANDALS,Autumn,94.24874877929688
2025-11-01,2025,11,November,2025-11,LATIN_AMERICA,BRAZIL,SHIRT,Autumn,1721.3798828125
2025-11-01,2025,11,November,2025-11,LATIN_AMERICA,BRAZIL,SNEAKERS,Autumn,976.0852661132812
2025-11-01,2025,11,November,2025-11,LATIN_AMERICA,BRAZIL,SWEATER,Autumn,535.5785522460938
2025-11-01,2025,11,November,2025-11,LATIN_AMERICA,BRAZIL,TOP,Autumn,347.94427490234375
2025-11-01,2025,11,November,2025-11,LATIN_AMERICA,BRAZIL,VEST,Autumn,44.67985534667969
2025-11-01,2025,11,November,2025-11,NORTH_AMERICA,CANADA,BOOTS,Autumn,267.4294128417969
2025-11-01,2025,11,November,2025-11,NORTH_AMERICA,CANADA,CARDIGAN,Autumn,144.81405639648438
2025-11-01,2025,11,November,2025-11,NORTH_AMERICA,CANADA,JACKET,Autumn,2991.04296875
2025-11-01,2025,11,November,2025-11,NORTH_AMERICA,CANADA,JEANS,Autumn,295.9004821777344
2025-11-01,2025,11,November,2025-11,NORTH_AMERICA,CANADA,SANDALS,Autumn,5.389957427978516
2025-11-01,2025,11,November,2025-11,NORTH_AMERICA,CANADA,SHIRT,Autumn,763.2110595703125
2025-11-01,2025,11,November,2025-11,NORTH_AMERICA,CANADA,SNEAKERS,Autumn,702.1325073242188
2025-11-01,2025,11,November,2025-11,NORTH_AMERICA,CANADA,SWEATER,Autumn,977.1075439453125
2025-11-01,2025,11,November,2025-11,NORTH_AMERICA,CANADA,TOP,Autumn,302.4189758300781
2025-11-01,2025,11,November,2025-11,NORTH_AMERICA,CANADA,VEST,Autumn,41.772212982177734
2025-11-01,2025,11,November,2025-11,EAST_ASIA,CHINA,BOOTS,Autumn,719.93896484375
2025-11-01,2025,11,November,2025-11,EAST_ASIA,CHINA,CARDIGAN,Autumn,483.9692077636719
2025-11-01,2025,11,November,2025-11,EAST_ASIA,CHINA,JACKET,Autumn,7746.7978515625
2025-11-01,2025,11,November,2025-11,EAST_ASIA,CHINA,JEANS,Autumn,793.3302612304688
2025-11-01,2025,11,November,2025-11,EAST_ASIA,CHINA,SANDALS,Autumn,12.47529411315918
2025-11-01,2025,11,November,2025-11,EAST_ASIA,CHINA,SHIRT,Autumn,2180.54052734375
2025-11-01,2025,11,November,2025-11,EAST_ASIA,CHINA,SNEAKERS,Autumn,1889.50732421875
2025-11-01,2025,11,November,2025-11,EAST_ASIA,CHINA,SWEATER,Autumn,3276.859619140625
2025-11-01,2025,11,November,2025-11,EAST_ASIA,CHINA,TOP,Autumn,808.9850463867188
2025-11-01,2025,11,November,2025-11,EAST_ASIA,CHINA,VEST,Autumn,151.37371826171875
2025-11-01,2025,11,November,2025-11,WESTERN_EUROPE,FRANCE,BOOTS,Autumn,858.1858520507812
2025-11-01,2025,11,November,2025-11,WESTERN_EUROPE,FRANCE,CARDIGAN,Autumn,479.346923828125
2025-11-01,2025,11,November,2025-11,WESTERN_EUROPE,FRANCE,JACKET,Autumn,9505.4716796875
2025-11-01,2025,11,November,2025-11,WESTERN_EUROPE,FRANCE,JEANS,Autumn,854.704833984375
2025-11-01,2025,11,November,2025-11,WESTERN_EUROPE,FRANCE,SANDALS,Autumn,13.458325386047363
2025-11-01,2025,11,November,2025-11,WESTERN_EUROPE,FRANCE,SHIRT,Autumn,2467.798095703125
2025-11-01,2025,11,November,2025-11,WESTERN_EUROPE,FRANCE,SNEAKERS,Autumn,1983.1607666015625
2025-11-01,2025,11,November,2025-11,WESTERN_EUROPE,FRANCE,SWEATER,Autumn,4118.78759765625
2025-11-01,2025,11,November,2025-11,WESTERN_EUROPE,FRANCE,TOP,Autumn,1065.5552978515625
2025-11-01,2025,11,November,2025-11,WESTERN_EUROPE,FRANCE,VEST,Autumn,170.3548126220703
2025-11-01,2025,11,November,2025-11,WESTERN_EUROPE,GERMANY,BOOTS,Autumn,1110.3475341796875
2025-11-01,2025,11,November,2025-11,WESTERN_EUROPE,GERMANY,CARDIGAN,Autumn,625.0482177734375
2025-11-01,2025,11,November,2025-11,WESTERN_EUROPE,GERMANY,JACKET,Autumn,10108.9208984375
2025-11-01,2025,11,November,2025-11,WESTERN_EUROPE,GERMANY,JEANS,Autumn,917.2771606445312
2025-11-01,2025,11,November,2025-11,WESTERN_EUROPE,GERMANY,SANDALS,Autumn,15.130910873413086
2025-11-01,2025,11,November,2025-11,WESTERN_EUROPE,GERMANY,SHIRT,Autumn,2900.834228515625
2025-11-01,2025,11,November,2025-11,WESTERN_EUROPE,GERMANY,SNEAKERS,Autumn,2234.375244140625
2025-11-01,2025,11,November,2025-11,WESTERN_EUROPE,GERMANY,SWEATER,Autumn,4314.466796875
2025-11-01,2025,11,November,2025-11,WESTERN_EUROPE,GERMANY,TOP,Autumn,1151.6824951171875
2025-11-01,2025,11,November,2025-11,WESTERN_EUROPE,GERMANY,VEST,Autumn,261.08935546875
2025-11-01,2025,11,November,2025-11,SOUTH_ASIA,INDIA,BOOTS,Autumn,659.6039428710938
2025-11-01,2025,11,November,2025-11,SOUTH_ASIA,INDIA,CARDIGAN,Autumn,324.59228515625
2025-11-01,2025,11,November,2025-11,SOUTH_ASIA,INDIA,JACKET,Autumn,6244.7021484375
2025-11-01,2025,11,November,2025-11,SOUTH_ASIA,INDIA,JEANS,Autumn,561.0458984375
2025-11-01,2025,11,November,2025-11,SOUTH_ASIA,INDIA,SANDALS,Autumn,10.599014282226562
2025-11-01,2025,11,November,2025-11,SOUTH_ASIA,INDIA,SHIRT,Autumn,1745.60693359375
2025-11-01,2025,11,November,2025-11,SOUTH_ASIA,INDIA,SNEAKERS,Autumn,1268.611572265625
2025-11-01,2025,11,November,2025-11,SOUTH_ASIA,INDIA,SWEATER,Autumn,2764.1455078125
2025-11-01,2025,11,November,2025-11,SOUTH_ASIA,INDIA,TOP,Autumn,706.247314453125
2025-11-01,2025,11,November,2025-11,SOUTH_ASIA,INDIA,VEST,Autumn,124.48876953125
2025-11-01,2025,11,November,2025-11,SOUTHEAST_ASIA,INDONESIA,BOOTS,Autumn,406.02587890625
2025-11-01,2025,11,November,2025-11,SOUTHEAST_ASIA,INDONESIA,CARDIGAN,Autumn,228.17051696777344
2025-11-01,2025,11,November,2025-11,SOUTHEAST_ASIA,INDONESIA,JACKET,Autumn,3964.7451171875
2025-11-01,2025,11,November,2025-11,SOUTHEAST_ASIA,INDONESIA,JEANS,Autumn,382.1396484375
2025-11-01,2025,11,November,2025-11,SOUTHEAST_ASIA,INDONESIA,SANDALS,Autumn,6.486106872558594
2025-11-01,2025,11,November,2025-11,SOUTHEAST_ASIA,INDONESIA,SHIRT,Autumn,1127.913330078125
2025-11-01,2025,11,November,2025-11,SOUTHEAST_ASIA,INDONESIA,SNEAKERS,Autumn,1021.5830078125
2025-11-01,2025,11,November,2025-11,SOUTHEAST_ASIA,INDONESIA,SWEATER,Autumn,1986.6170654296875
2025-11-01,2025,11,November,2025-11,SOUTHEAST_ASIA,INDONESIA,TOP,Autumn,477.5084533691406
2025-11-01,2025,11,November,2025-11,SOUTHEAST_ASIA,INDONESIA,VEST,Autumn,86.57679748535156
2025-11-01,2025,11,November,2025-11,EAST_ASIA,JAPAN,BOOTS,Autumn,412.2493591308594
2025-11-01,2025,11,November,2025-11,EAST_ASIA,JAPAN,CARDIGAN,Autumn,238.61671447753906
2025-11-01,2025,11,November,2025-11,EAST_ASIA,JAPAN,JACKET,Autumn,4076.316162109375
2025-11-01,2025,11,November,2025-11,EAST_ASIA,JAPAN,JEANS,Autumn,399.2526550292969
2025-11-01,2025,11,November,2025-11,EAST_ASIA,JAPAN,SANDALS,Autumn,7.330511093139648
2025-11-01,2025,11,November,2025-11,EAST_ASIA,JAPAN,SHIRT,Autumn,1090.5570068359375
2025-11-01,2025,11,November,2025-11,EAST_ASIA,JAPAN,SNEAKERS,Autumn,946.7138061523438
2025-11-01,2025,11,November,2025-11,EAST_ASIA,JAPAN,SWEATER,Autumn,1704.5904541015625
2025-11-01,2025,11,November,2025-11,EAST_ASIA,JAPAN,TOP,Autumn,483.9654846191406
2025-11-01,2025,11,November,2025-11,EAST_ASIA,JAPAN,VEST,Autumn,79.0858383178711
2025-11-01,2025,11,November,2025-11,LATIN_AMERICA,MEXICO,BOOTS,Autumn,375.56109619140625
2025-11-01,2025,11,November,2025-11,LATIN_AMERICA,MEXICO,CARDIGAN,Autumn,173.25987243652344
2025-11-01,2025,11,November,2025-11,LATIN_AMERICA,MEXICO,JACKET,Autumn,4109.0712890625
2025-11-01,2025,11,November,2025-11,LATIN_AMERICA,MEXICO,JEANS,Autumn,327.0871276855469
2025-11-01,2025,11,November,2025-11,LATIN_AMERICA,MEXICO,SANDALS,Autumn,6.181457042694092
2025-11-01,2025,11,November,2025-11,LATIN_AMERICA,MEXICO,SHIRT,Autumn,1048.32275390625
2025-11-01,2025,11,November,2025-11,LATIN_AMERICA,MEXICO,SNEAKERS,Autumn,792.3366088867188
2025-11-01,2025,11,November,2025-11,LATIN_AMERICA,MEXICO,SWEATER,Autumn,1358.1507568359375
2025-11-01,2025,11,November,2025-11,LATIN_AMERICA,MEXICO,TOP,Autumn,395.4546203613281
2025-11-01,2025,11,November,2025-11,LATIN_AMERICA,MEXICO,VEST,Autumn,57.27516555786133
2025-11-01,2025,11,November,2025-11,OCEANIA,NEW_ZEALAND,BOOTS,Autumn,35.16014099121094
2025-11-01,2025,11,November,2025-11,OCEANIA,NEW_ZEALAND,CARDIGAN,Autumn,12.706645965576172
2025-11-01,2025,11,November,2025-11,OCEANIA,NEW_ZEALAND,JACKET,Autumn,355.4544372558594
2025-11-01,2025,11,November,2025-11,OCEANIA,NEW_ZEALAND,JEANS,Autumn,34.17658615112305
2025-11-01,2025,11,November,2025-11,OCEANIA,NEW_ZEALAND,SANDALS,Autumn,14.363094329833984
2025-11-01,2025,11,November,2025-11,OCEANIA,NEW_ZEALAND,SHIRT,Autumn,305.0791015625
2025-11-01,2025,11,November,2025-11,OCEANIA,NEW_ZEALAND,SNEAKERS,Autumn,193.64303588867188
2025-11-01,2025,11,November,2025-11,OCEANIA,NEW_ZEALAND,SWEATER,Autumn,110.92267608642578
2025-11-01,2025,11,November,2025-11,OCEANIA,NEW_ZEALAND,TOP,Autumn,61.3946533203125
2025-11-01,2025,11,November,2025-11,OCEANIA,NEW_ZEALAND,VEST,Autumn,7.997209548950195
2025-11-01,2025,11,November,2025-11,SOUTH_ASIA,PAKISTAN,BOOTS,Autumn,174.8138885498047
2025-11-01,2025,11,November,2025-11,SOUTH_ASIA,PAKISTAN,CARDIGAN,Autumn,112.6751708984375
2025-11-01,2025,11,November,2025-11,SOUTH_ASIA,PAKISTAN,JACKET,Autumn,2050.9375
2025-11-01,2025,11,November,2025-11,SOUTH_ASIA,PAKISTAN,JEANS,Autumn,186.5731658935547
2025-11-01,2025,11,November,2025-11,SOUTH_ASIA,PAKISTAN,SANDALS,Autumn,3.7794699668884277
2025-11-01,2025,11,November,2025-11,SOUTH_ASIA,PAKISTAN,SHIRT,Autumn,659.8695678710938
2025-11-01,2025,11,November,2025-11,SOUTH_ASIA,PAKISTAN,SNEAKERS,Autumn,469.6553955078125
2025-11-01,2025,11,November,2025-11,SOUTH_ASIA,PAKISTAN,SWEATER,Autumn,775.4481201171875
2025-11-01,2025,11,November,2025-11,SOUTH_ASIA,PAKISTAN,TOP,Autumn,245.72869873046875
2025-11-01,2025,11,November,2025-11,SOUTH_ASIA,PAKISTAN,VEST,Autumn,28.845134735107422
2025-11-01,2025,11,November,2025-11,EASTERN_EUROPE,POLAND,BOOTS,Autumn,308.07720947265625
2025-11-01,2025,11,November,2025-11,EASTERN_EUROPE,POLAND,CARDIGAN,Autumn,169.2132568359375
2025-11-01,2025,11,November,2025-11,EASTERN_EUROPE,POLAND,JACKET,Autumn,3132.14111328125
2025-11-01,2025,11,November,2025-11,EASTERN_EUROPE,POLAND,JEANS,Autumn,335.9518737792969
2025-11-01,2025,11,November,2025-11,EASTERN_EUROPE,POLAND,SANDALS,Autumn,5.172049522399902
2025-11-01,2025,11,November,2025-11,EASTERN_EUROPE,POLAND,SHIRT,Autumn,986.7467041015625
2025-11-01,2025,11,November,2025-11,EASTERN_EUROPE,POLAND,SNEAKERS,Autumn,808.0775146484375
2025-11-01,2025,11,November,2025-11,EASTERN_EUROPE,POLAND,SWEATER,Autumn,1242.869384765625
2025-11-01,2025,11,November,2025-11,EASTERN_EUROPE,POLAND,TOP,Autumn,357.9989318847656
2025-11-01,2025,11,November,2025-11,EASTERN_EUROPE,POLAND,VEST,Autumn,54.18110656738281
2025-11-01,2025,11,November,2025-11,EASTERN_EUROPE,RUSSIA,BOOTS,Autumn,216.7987823486328
2025-11-01,2025,11,November,2025-11,EASTERN_EUROPE,RUSSIA,CARDIGAN,Autumn,124.31446075439453
2025-11-01,2025,11,November,2025-11,EASTERN_EUROPE,RUSSIA,JACKET,Autumn,1863.600830078125
2025-11-01,2025,11,November,2025-11,EASTERN_EUROPE,RUSSIA,JEANS,Autumn,227.42189025878906
2025-11-01,2025,11,November,2025-11,EASTERN_EUROPE,RUSSIA,SANDALS,Autumn,3.846749782562256
2025-11-01,2025,11,November,2025-11,EASTERN_EUROPE,RUSSIA,SHIRT,Autumn,540.0604248046875
2025-11-01,2025,11,November,2025-11,EASTERN_EUROPE,RUSSIA,SNEAKERS,Autumn,487.8094482421875
2025-11-01,2025,11,November,2025-11,EASTERN_EUROPE,RUSSIA,SWEATER,Autumn,821.2168579101562
2025-11-01,2025,11,November,2025-11,EASTERN_EUROPE,RUSSIA,TOP,Autumn,260.15509033203125
2025-11-01,2025,11,November,2025-11,EASTERN_EUROPE,RUSSIA,VEST,Autumn,32.11077117919922
2025-11-01,2025,11,November,2025-11,MIDDLE_EAST,SAUDI_ARABIA,BOOTS,Autumn,447.7510070800781
2025-11-01,2025,11,November,2025-11,MIDDLE_EAST,SAUDI_ARABIA,CARDIGAN,Autumn,275.5796813964844
2025-11-01,2025,11,November,2025-11,MIDDLE_EAST,SAUDI_ARABIA,JACKET,Autumn,3969.679931640625
2025-11-01,2025,11,November,2025-11,MIDDLE_EAST,SAUDI_ARABIA,JEANS,Autumn,432.8279724121094
2025-11-01,2025,11,November,2025-11,MIDDLE_EAST,SAUDI_ARABIA,SANDALS,Autumn,8.702010154724121
2025-11-01,2025,11,November,2025-11,MIDDLE_EAST,SAUDI_ARABIA,SHIRT,Autumn,1267.4261474609375
2025-11-01,2025,11,November,2025-11,MIDDLE_EAST,SAUDI_ARABIA,SNEAKERS,Autumn,969.9981079101562
2025-11-01,2025,11,November,2025-11,MIDDLE_EAST,SAUDI_ARABIA,SWEATER,Autumn,1989.39599609375
2025-11-01,2025,11,November,2025-11,MIDDLE_EAST,SAUDI_ARABIA,TOP,Autumn,455.07891845703125
2025-11-01,2025,11,November,2025-11,MIDDLE_EAST,SAUDI_ARABIA,VEST,Autumn,88.81411743164062
2025-11-01,2025,11,November,2025-11,MIDDLE_EAST,UAE,BOOTS,Autumn,358.28643798828125
2025-11-01,2025,11,November,2025-11,MIDDLE_EAST,UAE,CARDIGAN,Autumn,174.0027313232422
2025-11-01,2025,11,November,2025-11,MIDDLE_EAST,UAE,JACKET,Autumn,3374.687744140625
2025-11-01,2025,11,November,2025-11,MIDDLE_EAST,UAE,JEANS,Autumn,342.2274169921875
2025-11-01,2025,11,November,2025-11,MIDDLE_EAST,UAE,SANDALS,Autumn,6.461797714233398
2025-11-01,2025,11,November,2025-11,MIDDLE_EAST,UAE,SHIRT,Autumn,981.2860717773438
2025-11-01,2025,11,November,2025-11,MIDDLE_EAST,UAE,SNEAKERS,Autumn,736.0117797851562
2025-11-01,2025,11,November,2025-11,MIDDLE_EAST,UAE,SWEATER,Autumn,1345.5548095703125
2025-11-01,2025,11,November,2025-11,MIDDLE_EAST,UAE,TOP,Autumn,361.6903381347656
2025-11-01,2025,11,November,2025-11,MIDDLE_EAST,UAE,VEST,Autumn,78.27591705322266
2025-11-01,2025,11,November,2025-11,NORTH_AMERICA,UNITED_STATES,BOOTS,Autumn,1311.54931640625
2025-11-01,2025,11,November,2025-11,NORTH_AMERICA,UNITED_STATES,CARDIGAN,Autumn,857.9552001953125
2025-11-01,2025,11,November,2025-11,NORTH_AMERICA,UNITED_STATES,JACKET,Autumn,10852.41796875
2025-11-01,2025,11,November,2025-11,NORTH_AMERICA,UNITED_STATES,JEANS,Autumn,1178.40673828125
2025-11-01,2025,11,November,2025-11,NORTH_AMERICA,UNITED_STATES,SANDALS,Autumn,22.05443000793457
2025-11-01,2025,11,November,2025-11,NORTH_AMERICA,UNITED_STATES,SHIRT,Autumn,3614.35546875
2025-11-01,2025,11,November,2025-11,NORTH_AMERICA,UNITED_STATES,SNEAKERS,Autumn,3180.100341796875
2025-11-01,2025,11,November,2025-11,NORTH_AMERICA,UNITED_STATES,SWEATER,Autumn,5657.01904296875
2025-11-01,2025,11,November,2025-11,NORTH_AMERICA,UNITED_STATES,TOP,Autumn,1473.365966796875
2025-11-01,2025,11,November,2025-11,NORTH_AMERICA,UNITED_STATES,VEST,Autumn,293.28070068359375
2025-11-01,2025,11,November,2025-11,SOUTHEAST_ASIA,VIETNAM,BOOTS,Autumn,274.02691650390625
2025-11-01,2025,11,November,2025-11,SOUTHEAST_ASIA,VIETNAM,CARDIGAN,Autumn,142.60791015625
2025-11-01,2025,11,November,2025-11,SOUTHEAST_ASIA,VIETNAM,JACKET,Autumn,2817.42236328125
2025-11-01,2025,11,November,2025-11,SOUTHEAST_ASIA,VIETNAM,JEANS,Autumn,273.6177978515625
2025-11-01,2025,11,November,2025-11,SOUTHEAST_ASIA,VIETNAM,SANDALS,Autumn,4.667997360229492
2025-11-01,2025,11,November,2025-11,SOUTHEAST_ASIA,VIETNAM,SHIRT,Autumn,810.0826416015625
2025-11-01,2025,11,November,2025-11,SOUTHEAST_ASIA,VIETNAM,SNEAKERS,Autumn,678.9675903320312
2025-11-01,2025,11,November,2025-11,SOUTHEAST_ASIA,VIETNAM,SWEATER,Autumn,1179.5162353515625
2025-11-01,2025,11,November,2025-11,SOUTHEAST_ASIA,VIETNAM,TOP,Autumn,300.7166748046875
2025-11-01,2025,11,November,2025-11,SOUTHEAST_ASIA,VIETNAM,VEST,Autumn,42.307106018066406
2025-12-01,2025,12,December,2025-12,OCEANIA,AUSTRALIA,BOOTS,Winter,101.54057312011719
2025-12-01,2025,12,December,2025-12,OCEANIA,AUSTRALIA,CARDIGAN,Winter,41.808799743652344
2025-12-01,2025,12,December,2025-12,OCEANIA,AUSTRALIA,JACKET,Winter,813.1744384765625
2025-12-01,2025,12,December,2025-12,OCEANIA,AUSTRALIA,JEANS,Winter,104.55821990966797
2025-12-01,2025,12,December,2025-12,OCEANIA,AUSTRALIA,SANDALS,Winter,32.99534606933594
2025-12-01,2025,12,December,2025-12,OCEANIA,AUSTRALIA,SHIRT,Winter,880.298095703125
2025-12-01,2025,12,December,2025-12,OCEANIA,AUSTRALIA,SNEAKERS,Winter,434.8500061035156
2025-12-01,2025,12,December,2025-12,OCEANIA,AUSTRALIA,SWEATER,Winter,361.630859375
2025-12-01,2025,12,December,2025-12,OCEANIA,AUSTRALIA,TOP,Winter,176.1667938232422
2025-12-01,2025,12,December,2025-12,OCEANIA,AUSTRALIA,VEST,Winter,22.866653442382812
2025-12-01,2025,12,December,2025-12,LATIN_AMERICA,BRAZIL,BOOTS,Winter,213.89041137695312
2025-12-01,2025,12,December,2025-12,LATIN_AMERICA,BRAZIL,CARDIGAN,Winter,120.03544616699219
2025-12-01,2025,12,December,2025-12,LATIN_AMERICA,BRAZIL,JACKET,Winter,1802.0712890625
2025-12-01,2025,12,December,2025-12,LATIN_AMERICA,BRAZIL,JEANS,Winter,199.616455078125
2025-12-01,2025,12,December,2025-12,LATIN_AMERICA,BRAZIL,SANDALS,Winter,113.15692901611328
2025-12-01,2025,12,December,2025-12,LATIN_AMERICA,BRAZIL,SHIRT,Winter,1668.3353271484375
2025-12-01,2025,12,December,2025-12,LATIN_AMERICA,BRAZIL,SNEAKERS,Winter,929.1712036132812
2025-12-01,2025,12,December,2025-12,LATIN_AMERICA,BRAZIL,SWEATER,Winter,572.0782470703125
2025-12-01,2025,12,December,2025-12,LATIN_AMERICA,BRAZIL,TOP,Winter,326.2443542480469
2025-12-01,2025,12,December,2025-12,LATIN_AMERICA,BRAZIL,VEST,Winter,43.83048629760742
2025-12-01,2025,12,December,2025-12,NORTH_AMERICA,CANADA,BOOTS,Winter,212.19961547851562
2025-12-01,2025,12,December,2025-12,NORTH_AMERICA,CANADA,CARDIGAN,Winter,132.7735137939453
2025-12-01,2025,12,December,2025-12,NORTH_AMERICA,CANADA,JACKET,Winter,2645.82958984375
2025-12-01,2025,12,December,2025-12,NORTH_AMERICA,CANADA,JEANS,Winter,247.937744140625
2025-12-01,2025,12,December,2025-12,NORTH_AMERICA,CANADA,SANDALS,Winter,4.768897533416748
2025-12-01,2025,12,December,2025-12,NORTH_AMERICA,CANADA,SHIRT,Winter,783.0326538085938
2025-12-01,2025,12,December,2025-12,NORTH_AMERICA,CANADA,SNEAKERS,Winter,587.7093505859375
2025-12-01,2025,12,December,2025-12,NORTH_AMERICA,CANADA,SWEATER,Winter,855.1312866210938
2025-12-01,2025,12,December,2025-12,NORTH_AMERICA,CANADA,TOP,Winter,286.4939880371094
2025-12-01,2025,12,December,2025-12,NORTH_AMERICA,CANADA,VEST,Winter,41.42806625366211
2025-12-01,2025,12,December,2025-12,EAST_ASIA,CHINA,BOOTS,Winter,643.89013671875
2025-12-01,2025,12,December,2025-12,EAST_ASIA,CHINA,CARDIGAN,Winter,421.1789245605469
2025-12-01,2025,12,December,2025-12,EAST_ASIA,CHINA,JACKET,Winter,7674.43896484375
2025-12-01,2025,12,December,2025-12,EAST_ASIA,CHINA,JEANS,Winter,641.9330444335938
2025-12-01,2025,12,December,2025-12,EAST_ASIA,CHINA,SANDALS,Winter,14.806473731994629
2025-12-01,2025,12,December,2025-12,EAST_ASIA,CHINA,SHIRT,Winter,2069.4326171875
2025-12-01,2025,12,December,2025-12,EAST_ASIA,CHINA,SNEAKERS,Winter,1699.21728515625
2025-12-01,2025,12,December,2025-12,EAST_ASIA,CHINA,SWEATER,Winter,3061.7548828125
2025-12-01,2025,12,December,2025-12,EAST_ASIA,CHINA,TOP,Winter,784.8963012695312
2025-12-01,2025,12,December,2025-12,EAST_ASIA,CHINA,VEST,Winter,140.4332733154297
2025-12-01,2025,12,December,2025-12,WESTERN_EUROPE,FRANCE,BOOTS,Winter,748.0890502929688
2025-12-01,2025,12,December,2025-12,WESTERN_EUROPE,FRANCE,CARDIGAN,Winter,389.8152770996094
2025-12-01,2025,12,December,2025-12,WESTERN_EUROPE,FRANCE,JACKET,Winter,8586.685546875
2025-12-01,2025,12,December,2025-12,WESTERN_EUROPE,FRANCE,JEANS,Winter,762.6126098632812
2025-12-01,2025,12,December,2025-12,WESTERN_EUROPE,FRANCE,SANDALS,Winter,15.836517333984375
2025-12-01,2025,12,December,2025-12,WESTERN_EUROPE,FRANCE,SHIRT,Winter,2473.3017578125
2025-12-01,2025,12,December,2025-12,WESTERN_EUROPE,FRANCE,SNEAKERS,Winter,1843.89453125
2025-12-01,2025,12,December,2025-12,WESTERN_EUROPE,FRANCE,SWEATER,Winter,3680.939697265625
2025-12-01,2025,12,December,2025-12,WESTERN_EUROPE,FRANCE,TOP,Winter,1006.2926025390625
2025-12-01,2025,12,December,2025-12,WESTERN_EUROPE,FRANCE,VEST,Winter,173.50767517089844
2025-12-01,2025,12,December,2025-12,WESTERN_EUROPE,GERMANY,BOOTS,Winter,903.6874389648438
2025-12-01,2025,12,December,2025-12,WESTERN_EUROPE,GERMANY,CARDIGAN,Winter,518.1168823242188
2025-12-01,2025,12,December,2025-12,WESTERN_EUROPE,GERMANY,JACKET,Winter,9288.3369140625
2025-12-01,2025,12,December,2025-12,WESTERN_EUROPE,GERMANY,JEANS,Winter,764.0467529296875
2025-12-01,2025,12,December,2025-12,WESTERN_EUROPE,GERMANY,SANDALS,Winter,17.311912536621094
2025-12-01,2025,12,December,2025-12,WESTERN_EUROPE,GERMANY,SHIRT,Winter,2844.657470703125
2025-12-01,2025,12,December,2025-12,WESTERN_EUROPE,GERMANY,SNEAKERS,Winter,2088.371337890625
2025-12-01,2025,12,December,2025-12,WESTERN_EUROPE,GERMANY,SWEATER,Winter,3623.7080078125
2025-12-01,2025,12,December,2025-12,WESTERN_EUROPE,GERMANY,TOP,Winter,1067.391357421875
2025-12-01,2025,12,December,2025-12,WESTERN_EUROPE,GERMANY,VEST,Winter,238.48501586914062
2025-12-01,2025,12,December,2025-12,SOUTH_ASIA,INDIA,BOOTS,Winter,511.22760009765625
2025-12-01,2025,12,December,2025-12,SOUTH_ASIA,INDIA,CARDIGAN,Winter,282.0565185546875
2025-12-01,2025,12,December,2025-12,SOUTH_ASIA,INDIA,JACKET,Winter,5826.5615234375
2025-12-01,2025,12,December,2025-12,SOUTH_ASIA,INDIA,JEANS,Winter,464.54754638671875
2025-12-01,2025,12,December,2025-12,SOUTH_ASIA,INDIA,SANDALS,Winter,11.296550750732422
2025-12-01,2025,12,December,2025-12,SOUTH_ASIA,INDIA,SHIRT,Winter,1643.2032470703125
2025-12-01,2025,12,December,2025-12,SOUTH_ASIA,INDIA,SNEAKERS,Winter,1227.172607421875
2025-12-01,2025,12,December,2025-12,SOUTH_ASIA,INDIA,SWEATER,Winter,2377.255859375
2025-12-01,2025,12,December,2025-12,SOUTH_ASIA,INDIA,TOP,Winter,635.2700805664062
2025-12-01,2025,12,December,2025-12,SOUTH_ASIA,INDIA,VEST,Winter,116.1583480834961
2025-12-01,2025,12,December,2025-12,SOUTHEAST_ASIA,INDONESIA,BOOTS,Winter,359.0211486816406
2025-12-01,2025,12,December,2025-12,SOUTHEAST_ASIA,INDONESIA,CARDIGAN,Winter,201.66094970703125
2025-12-01,2025,12,December,2025-12,SOUTHEAST_ASIA,INDONESIA,JACKET,Winter,3305.0673828125
2025-12-01,2025,12,December,2025-12,SOUTHEAST_ASIA,INDONESIA,JEANS,Winter,306.00640869140625
2025-12-01,2025,12,December,2025-12,SOUTHEAST_ASIA,INDONESIA,SANDALS,Winter,7.865810394287109
2025-12-01,2025,12,December,2025-12,SOUTHEAST_ASIA,INDONESIA,SHIRT,Winter,1165.1142578125
2025-12-01,2025,12,December,2025-12,SOUTHEAST_ASIA,INDONESIA,SNEAKERS,Winter,917.5955810546875
2025-12-01,2025,12,December,2025-12,SOUTHEAST_ASIA,INDONESIA,SWEATER,Winter,1723.7921142578125
2025-12-01,2025,12,December,2025-12,SOUTHEAST_ASIA,INDONESIA,TOP,Winter,421.4932861328125
2025-12-01,2025,12,December,2025-12,SOUTHEAST_ASIA,INDONESIA,VEST,Winter,86.89244079589844
2025-12-01,2025,12,December,2025-12,EAST_ASIA,JAPAN,BOOTS,Winter,334.4417419433594
2025-12-01,2025,12,December,2025-12,EAST_ASIA,JAPAN,CARDIGAN,Winter,198.05743408203125
2025-12-01,2025,12,December,2025-12,EAST_ASIA,JAPAN,JACKET,Winter,3698.58447265625
2025-12-01,2025,12,December,2025-12,EAST_ASIA,JAPAN,JEANS,Winter,321.9560852050781
2025-12-01,2025,12,December,2025-12,EAST_ASIA,JAPAN,SANDALS,Winter,8.036362648010254
2025-12-01,2025,12,December,2025-12,EAST_ASIA,JAPAN,SHIRT,Winter,1121.4666748046875
2025-12-01,2025,12,December,2025-12,EAST_ASIA,JAPAN,SNEAKERS,Winter,865.3991088867188
2025-12-01,2025,12,December,2025-12,EAST_ASIA,JAPAN,SWEATER,Winter,1576.4569091796875
2025-12-01,2025,12,December,2025-12,EAST_ASIA,JAPAN,TOP,Winter,429.7138671875
2025-12-01,2025,12,December,2025-12,EAST_ASIA,JAPAN,VEST,Winter,82.5179214477539
2025-12-01,2025,12,December,2025-12,LATIN_AMERICA,MEXICO,BOOTS,Winter,302.4024658203125
2025-12-01,2025,12,December,2025-12,LATIN_AMERICA,MEXICO,CARDIGAN,Winter,152.19923400878906
2025-12-01,2025,12,December,2025-12,LATIN_AMERICA,MEXICO,JACKET,Winter,3524.837890625
2025-12-01,2025,12,December,2025-12,LATIN_AMERICA,MEXICO,JEANS,Winter,271.7015380859375
2025-12-01,2025,12,December,2025-12,LATIN_AMERICA,MEXICO,SANDALS,Winter,6.757075786590576
2025-12-01,2025,12,December,2025-12,LATIN_AMERICA,MEXICO,SHIRT,Winter,1009.4175415039062
2025-12-01,2025,12,December,2025-12,LATIN_AMERICA,MEXICO,SNEAKERS,Winter,688.0836791992188
2025-12-01,2025,12,December,2025-12,LATIN_AMERICA,MEXICO,SWEATER,Winter,1345.280029296875
2025-12-01,2025,12,December,2025-12,LATIN_AMERICA,MEXICO,TOP,Winter,373.1148986816406
2025-12-01,2025,12,December,2025-12,LATIN_AMERICA,MEXICO,VEST,Winter,60.26186752319336
2025-12-01,2025,12,December,2025-12,OCEANIA,NEW_ZEALAND,BOOTS,Winter,31.964859008789062
2025-12-01,2025,12,December,2025-12,OCEANIA,NEW_ZEALAND,CARDIGAN,Winter,14.599321365356445
2025-12-01,2025,12,December,2025-12,OCEANIA,NEW_ZEALAND,JACKET,Winter,259.8251953125
2025-12-01,2025,12,December,2025-12,OCEANIA,NEW_ZEALAND,JEANS,Winter,34.641109466552734
2025-12-01,2025,12,December,2025-12,OCEANIA,NEW_ZEALAND,SANDALS,Winter,15.388750076293945
2025-12-01,2025,12,December,2025-12,OCEANIA,NEW_ZEALAND,SHIRT,Winter,280.9727478027344
2025-12-01,2025,12,December,2025-12,OCEANIA,NEW_ZEALAND,SNEAKERS,Winter,155.42282104492188
2025-12-01,2025,12,December,2025-12,OCEANIA,NEW_ZEALAND,SWEATER,Winter,107.53733825683594
2025-12-01,2025,12,December,2025-12,OCEANIA,NEW_ZEALAND,TOP,Winter,55.71343231201172
2025-12-01,2025,12,December,2025-12,OCEANIA,NEW_ZEALAND,VEST,Winter,7.760327339172363
2025-12-01,2025,12,December,2025-12,SOUTH_ASIA,PAKISTAN,BOOTS,Winter,142.06332397460938
2025-12-01,2025,12,December,2025-12,SOUTH_ASIA,PAKISTAN,CARDIGAN,Winter,95.37918090820312
2025-12-01,2025,12,December,2025-12,SOUTH_ASIA,PAKISTAN,JACKET,Winter,1678.1444091796875
2025-12-01,2025,12,December,2025-12,SOUTH_ASIA,PAKISTAN,JEANS,Winter,150.20596313476562
2025-12-01,2025,12,December,2025-12,SOUTH_ASIA,PAKISTAN,SANDALS,Winter,3.6450023651123047
2025-12-01,2025,12,December,2025-12,SOUTH_ASIA,PAKISTAN,SHIRT,Winter,631.2383422851562
2025-12-01,2025,12,December,2025-12,SOUTH_ASIA,PAKISTAN,SNEAKERS,Winter,419.01116943359375
2025-12-01,2025,12,December,2025-12,SOUTH_ASIA,PAKISTAN,SWEATER,Winter,766.961181640625
2025-12-01,2025,12,December,2025-12,SOUTH_ASIA,PAKISTAN,TOP,Winter,230.80381774902344
2025-12-01,2025,12,December,2025-12,SOUTH_ASIA,PAKISTAN,VEST,Winter,28.412174224853516
2025-12-01,2025,12,December,2025-12,EASTERN_EUROPE,POLAND,BOOTS,Winter,272.52825927734375
2025-12-01,2025,12,December,2025-12,EASTERN_EUROPE,POLAND,CARDIGAN,Winter,152.9783172607422
2025-12-01,2025,12,December,2025-12,EASTERN_EUROPE,POLAND,JACKET,Winter,2811.82763671875
2025-12-01,2025,12,December,2025-12,EASTERN_EUROPE,POLAND,JEANS,Winter,251.42474365234375
2025-12-01,2025,12,December,2025-12,EASTERN_EUROPE,POLAND,SANDALS,Winter,4.779965877532959
2025-12-01,2025,12,December,2025-12,EASTERN_EUROPE,POLAND,SHIRT,Winter,936.4357299804688
2025-12-01,2025,12,December,2025-12,EASTERN_EUROPE,POLAND,SNEAKERS,Winter,684.551025390625
2025-12-01,2025,12,December,2025-12,EASTERN_EUROPE,POLAND,SWEATER,Winter,1147.954345703125
2025-12-01,2025,12,December,2025-12,EASTERN_EUROPE,POLAND,TOP,Winter,329.8428039550781
2025-12-01,2025,12,December,2025-12,EASTERN_EUROPE,POLAND,VEST,Winter,58.434940338134766
2025-12-01,2025,12,December,2025-12,EASTERN_EUROPE,RUSSIA,BOOTS,Winter,180.37794494628906
2025-12-01,2025,12,December,2025-12,EASTERN_EUROPE,RUSSIA,CARDIGAN,Winter,101.36128234863281
2025-12-01,2025,12,December,2025-12,EASTERN_EUROPE,RUSSIA,JACKET,Winter,1711.7550048828125
2025-12-01,2025,12,December,2025-12,EASTERN_EUROPE,RUSSIA,JEANS,Winter,182.48263549804688
2025-12-01,2025,12,December,2025-12,EASTERN_EUROPE,RUSSIA,SANDALS,Winter,3.636922836303711
2025-12-01,2025,12,December,2025-12,EASTERN_EUROPE,RUSSIA,SHIRT,Winter,539.396728515625
2025-12-01,2025,12,December,2025-12,EASTERN_EUROPE,RUSSIA,SNEAKERS,Winter,438.5663757324219
2025-12-01,2025,12,December,2025-12,EASTERN_EUROPE,RUSSIA,SWEATER,Winter,696.9957275390625
2025-12-01,2025,12,December,2025-12,EASTERN_EUROPE,RUSSIA,TOP,Winter,260.8053283691406
2025-12-01,2025,12,December,2025-12,EASTERN_EUROPE,RUSSIA,VEST,Winter,34.721134185791016
2025-12-01,2025,12,December,2025-12,MIDDLE_EAST,SAUDI_ARABIA,BOOTS,Winter,386.06195068359375
2025-12-01,2025,12,December,2025-12,MIDDLE_EAST,SAUDI_ARABIA,CARDIGAN,Winter,233.20355224609375
2025-12-01,2025,12,December,2025-12,MIDDLE_EAST,SAUDI_ARABIA,JACKET,Winter,3738.001708984375
2025-12-01,2025,12,December,2025-12,MIDDLE_EAST,SAUDI_ARABIA,JEANS,Winter,350.1631164550781
2025-12-01,2025,12,December,2025-12,MIDDLE_EAST,SAUDI_ARABIA,SANDALS,Winter,10.047719955444336
2025-12-01,2025,12,December,2025-12,MIDDLE_EAST,SAUDI_ARABIA,SHIRT,Winter,1211.6849365234375
2025-12-01,2025,12,December,2025-12,MIDDLE_EAST,SAUDI_ARABIA,SNEAKERS,Winter,886.3085327148438
2025-12-01,2025,12,December,2025-12,MIDDLE_EAST,SAUDI_ARABIA,SWEATER,Winter,1671.4027099609375
2025-12-01,2025,12,December,2025-12,MIDDLE_EAST,SAUDI_ARABIA,TOP,Winter,409.3078308105469
2025-12-01,2025,12,December,2025-12,MIDDLE_EAST,SAUDI_ARABIA,VEST,Winter,82.70682525634766
2025-12-01,2025,12,December,2025-12,MIDDLE_EAST,UAE,BOOTS,Winter,294.4454345703125
2025-12-01,2025,12,December,2025-12,MIDDLE_EAST,UAE,CARDIGAN,Winter,155.00531005859375
2025-12-01,2025,12,December,2025-12,MIDDLE_EAST,UAE,JACKET,Winter,3061.89208984375
2025-12-01,2025,12,December,2025-12,MIDDLE_EAST,UAE,JEANS,Winter,284.6504821777344
2025-12-01,2025,12,December,2025-12,MIDDLE_EAST,UAE,SANDALS,Winter,5.897216320037842
2025-12-01,2025,12,December,2025-12,MIDDLE_EAST,UAE,SHIRT,Winter,922.3370361328125
2025-12-01,2025,12,December,2025-12,MIDDLE_EAST,UAE,SNEAKERS,Winter,670.969482421875
2025-12-01,2025,12,December,2025-12,MIDDLE_EAST,UAE,SWEATER,Winter,1301.543701171875
2025-12-01,2025,12,December,2025-12,MIDDLE_EAST,UAE,TOP,Winter,381.1263122558594
2025-12-01,2025,12,December,2025-12,MIDDLE_EAST,UAE,VEST,Winter,78.47746276855469
2025-12-01,2025,12,December,2025-12,NORTH_AMERICA,UNITED_STATES,BOOTS,Winter,1199.847900390625
2025-12-01,2025,12,December,2025-12,NORTH_AMERICA,UNITED_STATES,CARDIGAN,Winter,770.0570068359375
2025-12-01,2025,12,December,2025-12,NORTH_AMERICA,UNITED_STATES,JACKET,Winter,10604.033203125
2025-12-01,2025,12,December,2025-12,NORTH_AMERICA,UNITED_STATES,JEANS,Winter,1035.0
2025-12-01,2025,12,December,2025-12,NORTH_AMERICA,UNITED_STATES,SANDALS,Winter,24.46772575378418
2025-12-01,2025,12,December,2025-12,NORTH_AMERICA,UNITED_STATES,SHIRT,Winter,3559.995361328125
2025-12-01,2025,12,December,2025-12,NORTH_AMERICA,UNITED_STATES,SNEAKERS,Winter,3028.440673828125
2025-12-01,2025,12,December,2025-12,NORTH_AMERICA,UNITED_STATES,SWEATER,Winter,5104.79638671875
2025-12-01,2025,12,December,2025-12,NORTH_AMERICA,UNITED_STATES,TOP,Winter,1430.7470703125
2025-12-01,2025,12,December,2025-12,NORTH_AMERICA,UNITED_STATES,VEST,Winter,289.2224426269531
2025-12-01,2025,12,December,2025-12,SOUTHEAST_ASIA,VIETNAM,BOOTS,Winter,229.03948974609375
2025-12-01,2025,12,December,2025-12,SOUTHEAST_ASIA,VIETNAM,CARDIGAN,Winter,129.49986267089844
2025-12-01,2025,12,December,2025-12,SOUTHEAST_ASIA,VIETNAM,JACKET,Winter,2469.694091796875
2025-12-01,2025,12,December,2025-12,SOUTHEAST_ASIA,VIETNAM,JEANS,Winter,218.74021911621094
2025-12-01,2025,12,December,2025-12,SOUTHEAST_ASIA,VIETNAM,SANDALS,Winter,4.247068405151367
2025-12-01,2025,12,December,2025-12,SOUTHEAST_ASIA,VIETNAM,SHIRT,Winter,830.8656616210938
2025-12-01,2025,12,December,2025-12,SOUTHEAST_ASIA,VIETNAM,SNEAKERS,Winter,625.00341796875
2025-12-01,2025,12,December,2025-12,SOUTHEAST_ASIA,VIETNAM,SWEATER,Winter,1020.6292114257812
2025-12-01,2025,12,December,2025-12,SOUTHEAST_ASIA,VIETNAM,TOP,Winter,268.9127502441406
2025-12-01,2025,12,December,2025-12,SOUTHEAST_ASIA,VIETNAM,VEST,Winter,45.23860549926758
